client_id,inactive_days,creation_date,state,first_transaction_date,last_transaction_date,total_loan_amount,total_inflow_amt,total_outflow_amt,total_billpayment_amt,total_savings_amt,ltv_credit,ltv_credit_no_risk,ltv_nocredit,ltv
000209,146,2025-09-19 10:00:55,INACTIVE,True,True,0,True,True,True,True,0.0,0.0,0.0,0.0
0006UP,194,2025-09-07 14:17:17,INACTIVE,True,True,0,True,True,True,True,0.0,0.0,0.0,0.0
000553,650,2022-10-01 21:58:13,INACTIVE,True,True,0,True,True,True,True,0.0,0.0,0.0,0.0
0003HV,968,2022-06-25 06:30:59,INACTIVE,True,True,0,True,True,True,True,0.0,0.0,0.0,0.0
0004OL,535,2024-09-15 07:59:01,INACTIVE,True,True,0,True,True,True,True,0.0,0.0,0.0,0.0
0002UY,126,2025-08-30 10:46:05,INACTIVE,True,True,0,True,True,True,True,0.0,0.0,0.0,0.0
0001G0,2298,2020-07-05 06:32:52,INACTIVE,True,True,0,True,True,True,True,0.0,0.0,0.0,0.0
000707,2592,2019-07-05 05:37:45,INACTIVE,True,True,0,True,True,True,True,0.0,0.0,0.0,0.0
0000B6,222,2022-09-30 20:35:22,ACTIVE,2022-10-06,2025-07-27,9665409,2722407.0000000000,2686709.9500000000,0E-10,0E-10,-3388082.59,1760451.8,1787.29,-2274110.98
0005YF,759,2022-05-26 09:30:10,INACTIVE,True,True,0,True,True,True,True,0.0,0.0,0.0,0.0
0003FE,1190,2022-03-16 15:22:45,INACTIVE,2022-07-30,2022-07-30,249722,True,True,True,True,1698.83,70364.84,0.0,1836.12
0000Y4,228,2025-07-31 02:44:31,INACTIVE,True,True,0,True,True,True,True,0.0,0.0,0.0,0.0
0003V6,226,2025-04-27 07:06:59,ACTIVE,2025-04-28,2025-04-28,0,100.0000000000,100.0000000000,0E-10,0E-10,0.0,0.0,2.34,2.84
0005OT,417,2024-11-26 16:09:51,INACTIVE,True,True,0,True,True,True,True,0.0,0.0,0.0,0.0
00038W,25,2025-11-29 10:15:27,INACTIVE,True,True,0,True,True,True,True,0.0,0.0,0.0,0.0
0000SY,823,2022-12-06 15:57:36,INACTIVE,True,True,0,True,True,True,True,0.0,0.0,0.0,0.0
0005E5,1313,2022-04-23 15:36:21,INACTIVE,True,True,0,True,True,True,True,0.0,0.0,0.0,0.0
0003KD,1920,2020-03-06 08:51:31,EXITED,2020-03-11,2020-03-11,109924,True,True,True,True,30426.02,120181.85,0.0,45215.94
0004US,916,2023-12-23 07:56:37,INACTIVE,True,True,0,True,True,True,True,0.0,0.0,0.0,0.0
0002TF,1072,2023-05-27 07:25:36,INACTIVE,True,True,0,True,True,True,True,0.0,0.0,0.0,0.0
00019B,66,2025-11-27 23:28:16,ACTIVE,2025-11-28,2025-11-28,0,2000.0000000000,999.7500000000,1000.0000000000,0E-10,0.0,0.0,139.07,172.74
0006FX,2249,2021-06-30 00:35:25,INACTIVE,True,True,0,True,True,True,True,0.0,0.0,0.0,0.0
0003PN,1159,2021-05-26 17:41:37,INACTIVE,2021-05-28,2021-10-05,530122,True,True,True,True,-82259.19,90501.06,0.0,-55158.04
0007CM,551,2023-02-16 00:53:45,INACTIVE,True,True,0,True,True,True,True,0.0,0.0,0.0,0.0
00075L,374,2023-01-03 13:51:41,ACTIVE,2025-04-11,2025-04-14,5339,8700.0000000000,8693.5300000000,0E-10,0E-10,-8794.54,-12562.62,241.78,-11462.88
0000O0,429,2024-08-15 07:19:13,INACTIVE,True,True,0,True,True,True,True,0.0,0.0,0.0,0.0
0003LB,705,2023-10-04 08:19:33,INACTIVE,2023-10-06,2023-10-06,4723,True,True,True,True,-8135.72,-4165.19,0.0,-8308.89
0004ZZ,174,2025-04-25 21:54:44,INACTIVE,True,True,0,True,True,True,True,0.0,0.0,0.0,0.0
0001N0,1661,2022-03-22 08:35:30,INACTIVE,2022-03-25,2022-03-25,587848,True,True,True,True,-98191.79,191655.15,0.0,-97841.21
0004J3,2023,2018-12-10 14:24:31,INACTIVE,True,True,0,True,True,True,True,0.0,0.0,0.0,0.0
0001LF,1167,2021-04-26 12:40:13,INACTIVE,True,True,0,True,True,True,True,0.0,0.0,0.0,0.0
00068W,2530,2019-02-20 19:46:16,INACTIVE,True,True,0,True,True,True,True,0.0,0.0,0.0,0.0
0002VB,2026,2021-08-09 15:51:25,INACTIVE,True,True,0,True,True,True,True,0.0,0.0,0.0,0.0
0004ET,8,2022-03-07 22:22:47,ACTIVE,2025-12-08,2026-01-05,42706,72000.0000000000,71896.0100000000,0E-10,0E-10,-41873.82,-17198.95,2277.34,-39155.4
0007AS,3749,2017-08-22 08:01:45,INACTIVE,True,True,0,True,True,True,True,0.0,0.0,0.0,0.0
0004NJ,2477,2018-12-28 18:06:17,INACTIVE,True,True,0,True,True,True,True,0.0,0.0,0.0,0.0
0006VL,794,2023-08-07 10:49:41,INACTIVE,2023-08-20,2023-08-20,193849,True,True,True,True,-514080.67,85741.64,0.0,-857939.89
0002S0,1604,2020-12-06 20:20:35,INACTIVE,True,True,0,True,True,True,True,0.0,0.0,0.0,0.0
0005SM,536,2023-10-08 15:00:37,INACTIVE,True,True,0,True,True,True,True,0.0,0.0,0.0,0.0
0005ZH,451,2024-07-22 04:36:35,INACTIVE,True,True,0,True,True,True,True,0.0,0.0,0.0,0.0
0000CH,390,2025-04-07 09:34:59,INACTIVE,True,True,0,True,True,True,True,0.0,0.0,0.0,0.0
0005TS,252,2024-11-22 18:04:44,INACTIVE,True,True,0,True,True,True,True,0.0,0.0,0.0,0.0
0004OE,1321,2023-03-08 13:59:44,INACTIVE,2023-03-21,2023-07-24,0,0E-10,0E-10,0E-10,0E-10,0.0,0.0,0.0,0.0
0002D8,957,2021-09-19 00:00:00,ACTIVE,2021-09-19,2021-09-22,0,200.0000000000,100.0000000000,0E-10,0E-10,0.0,0.0,3.61,5.67
0000Z1,1371,2021-09-07 07:07:31,INACTIVE,True,True,0,True,True,True,True,0.0,0.0,0.0,0.0
0001AV,589,2024-08-01 21:29:27,INACTIVE,True,True,0,True,True,True,True,0.0,0.0,0.0,0.0
0002SP,1114,2023-10-05 10:22:16,INACTIVE,True,True,0,True,True,True,True,0.0,0.0,0.0,0.0
000501,584,2023-07-23 15:14:28,INACTIVE,True,True,0,True,True,True,True,0.0,0.0,0.0,0.0
0005NJ,640,2023-04-22 18:49:50,INACTIVE,True,True,0,True,True,True,True,0.0,0.0,0.0,0.0
0002ZV,1075,2023-06-07 19:38:04,INACTIVE,True,True,0,True,True,True,True,0.0,0.0,0.0,0.0
0001YK,865,2023-01-20 22:42:35,INACTIVE,True,True,0,True,True,True,True,0.0,0.0,0.0,0.0
0006L0,1233,2023-02-03 22:20:57,INACTIVE,True,True,0,True,True,True,True,0.0,0.0,0.0,0.0
00079Q,3712,2018-05-06 14:45:03,INACTIVE,True,True,0,True,True,True,True,0.0,0.0,0.0,0.0
0001WV,288,2024-09-02 09:47:29,INACTIVE,True,True,0,True,True,True,True,0.0,0.0,0.0,0.0
0001FK,42,2025-12-15 14:45:08,INACTIVE,True,True,0,True,True,True,True,0.0,0.0,0.0,0.0
0004IK,1483,2018-06-28 13:35:47,INACTIVE,True,True,0,True,True,True,True,0.0,0.0,0.0,0.0
0007A7,3128,2019-12-02 15:06:29,INACTIVE,True,True,0,True,True,True,True,0.0,0.0,0.0,0.0
0000HV,1259,2023-09-15 16:35:25,INACTIVE,True,True,0,True,True,True,True,0.0,0.0,0.0,0.0
0002BT,1207,2023-03-18 01:10:28,INACTIVE,True,True,0,True,True,True,True,0.0,0.0,0.0,0.0
0000FL,1227,2023-10-11 15:43:26,INACTIVE,True,True,0,True,True,True,True,0.0,0.0,0.0,0.0
0007NK,288,2025-06-11 09:08:53,INACTIVE,True,True,0,True,True,True,True,0.0,0.0,0.0,0.0
0006HX,648,2022-10-13 04:23:18,INACTIVE,True,True,0,True,True,True,True,0.0,0.0,0.0,0.0
00022V,624,2022-08-26 00:00:00,ACTIVE,2022-08-26,2022-08-26,0,150.0000000000,100.0000000000,0E-10,0E-10,0.0,0.0,2.03,2.1
000647,630,2022-09-23 17:50:22,INACTIVE,True,True,0,True,True,True,True,0.0,0.0,0.0,0.0
0005TI,2455,2018-12-24 16:53:43,INACTIVE,True,True,0,True,True,True,True,0.0,0.0,0.0,0.0
0005B8,1246,2023-01-02 17:11:28,INACTIVE,True,True,0,True,True,True,True,0.0,0.0,0.0,0.0
0002JJ,737,2023-12-26 00:27:44,INACTIVE,True,True,0,True,True,True,True,0.0,0.0,0.0,0.0
0006F5,2779,2019-07-30 11:56:59,INACTIVE,True,True,0,True,True,True,True,0.0,0.0,0.0,0.0
0005AF,1651,2021-04-12 07:24:48,INACTIVE,True,True,0,True,True,True,True,0.0,0.0,0.0,0.0
0001Q3,729,2022-05-12 08:37:26,INACTIVE,True,True,0,True,True,True,True,0.0,0.0,0.0,0.0
0001RJ,988,2022-04-26 15:45:50,INACTIVE,True,True,0,True,True,True,True,0.0,0.0,0.0,0.0
000779,1236,2023-10-10 11:36:45,INACTIVE,True,True,0,True,True,True,True,0.0,0.0,0.0,0.0
0006H7,2450,2018-02-10 16:43:45,INACTIVE,True,True,0,True,True,True,True,0.0,0.0,0.0,0.0
0002E4,2200,2018-09-27 09:47:11,INACTIVE,True,True,0,True,True,True,True,0.0,0.0,0.0,0.0
00048S,1080,2021-05-10 10:51:06,ACTIVE,2021-05-18,2021-07-05,46022,38700.0000000000,38739.3500000000,200.0000000000,0E-10,5619.49,10125.17,783.69,9554.15
00072L,4151,2018-05-26 07:48:32,INACTIVE,True,True,0,True,True,True,True,0.0,0.0,0.0,0.0
0001X8,13,2025-12-28 08:53:31,INACTIVE,True,True,0,True,True,True,True,0.0,0.0,0.0,0.0
0002I5,115,2025-10-07 17:57:11,INACTIVE,True,True,0,True,True,True,True,0.0,0.0,0.0,0.0
0001AQ,512,2023-02-27 14:12:43,ACTIVE,2023-03-17,2023-06-16,233632,196000.0000000000,107374.1100000000,0E-10,0E-10,22431.09,70529.4,1306.23,24496.27
0000SK,705,2022-08-19 18:29:11,INACTIVE,True,True,0,True,True,True,True,0.0,0.0,0.0,0.0
0000RF,1459,2022-10-04 07:10:10,INACTIVE,True,True,0,True,True,True,True,0.0,0.0,0.0,0.0
00009K,1779,2021-10-01 18:32:30,INACTIVE,True,True,0,True,True,True,True,0.0,0.0,0.0,0.0
0001ZN,528,2024-10-25 13:41:46,INACTIVE,True,True,0,True,True,True,True,0.0,0.0,0.0,0.0
0000GG,2489,2016-04-27 09:00:14,INACTIVE,2016-04-29,2016-09-19,177640,True,True,True,True,-7514.74,15488.16,0.0,-12445.57
0001UI,386,2025-04-30 00:26:35,INACTIVE,True,True,0,True,True,True,True,0.0,0.0,0.0,0.0
0003SA,1815,2021-05-06 12:07:44,INACTIVE,True,True,0,True,True,True,True,0.0,0.0,0.0,0.0
0003PL,1242,2023-09-23 08:40:12,INACTIVE,True,True,0,True,True,True,True,0.0,0.0,0.0,0.0
0001YV,974,2022-01-10 21:33:29,INACTIVE,True,True,0,True,True,True,True,0.0,0.0,0.0,0.0
0002O3,2249,2019-03-28 10:56:38,INACTIVE,True,True,0,True,True,True,True,0.0,0.0,0.0,0.0
0003XG,1603,2020-10-15 11:20:28,INACTIVE,True,True,0,True,True,True,True,0.0,0.0,0.0,0.0
000289,1504,2022-10-05 07:52:22,INACTIVE,True,True,0,True,True,True,True,0.0,0.0,0.0,0.0
00076O,136,2025-09-28 16:06:21,INACTIVE,True,True,0,True,True,True,True,0.0,0.0,0.0,0.0
0004YJ,2219,2017-02-22 11:05:52,INACTIVE,2017-02-23,2019-11-19,250142,True,True,True,True,568358.42,813799.67,0.0,203915.52
000162,727,2022-03-09 00:00:00,ACTIVE,2022-03-09,2022-03-09,0,100.0000000000,100.0000000000,0E-10,0E-10,0.0,0.0,3.11,1.12
0006IB,2235,2016-12-23 13:29:23,INACTIVE,True,True,0,True,True,True,True,0.0,0.0,0.0,0.0
0003L3,109,2025-07-01 15:15:48,INACTIVE,True,True,0,True,True,True,True,0.0,0.0,0.0,0.0
0006AS,1669,2022-08-22 12:07:00,INACTIVE,2022-08-25,2022-08-25,87185,True,True,True,True,171552.02,172822.26,0.0,181743.83
000634,1032,2022-06-18 20:53:52,INACTIVE,True,True,0,True,True,True,True,0.0,0.0,0.0,0.0
0004BJ,426,2024-02-25 16:33:58,INACTIVE,True,True,0,True,True,True,True,0.0,0.0,0.0,0.0
0002S6,331,2024-12-24 12:35:37,INACTIVE,True,True,0,True,True,True,True,0.0,0.0,0.0,0.0
0004XG,1588,2018-07-06 00:00:00,EXITED,2018-07-06,2018-07-06,11198,True,True,True,True,-15989.21,-11110.04,0.0,-12091.33
0006O9,1341,2023-07-23 12:04:03,INACTIVE,True,True,0,True,True,True,True,0.0,0.0,0.0,0.0
0006Z1,1985,2019-05-16 18:27:29,INACTIVE,True,True,0,True,True,True,True,0.0,0.0,0.0,0.0
00068R,1566,2023-01-18 21:04:48,INACTIVE,True,True,0,True,True,True,True,0.0,0.0,0.0,0.0
0005TM,1960,2021-07-03 06:44:11,INACTIVE,True,True,0,True,True,True,True,0.0,0.0,0.0,0.0
00022K,2432,2019-10-18 02:44:01,INACTIVE,True,True,0,True,True,True,True,0.0,0.0,0.0,0.0
0002XD,1467,2021-12-03 09:30:19,INACTIVE,True,True,0,True,True,True,True,0.0,0.0,0.0,0.0
0001AR,1029,2021-08-16 17:31:26,ACTIVE,2022-02-23,2023-09-01,15833900,4177592.0900000000,4177542.0900000000,0E-10,0E-10,987213.66,3123915.45,7233.58,455297.11
0005VU,145,2025-09-15 16:47:01,INACTIVE,True,True,0,True,True,True,True,0.0,0.0,0.0,0.0
0006OY,52,2025-10-05 07:48:32,INACTIVE,True,True,0,True,True,True,True,0.0,0.0,0.0,0.0
00014N,3729,2018-10-15 00:20:57,INACTIVE,True,True,0,True,True,True,True,0.0,0.0,0.0,0.0
0000RE,2102,2019-05-30 22:40:50,INACTIVE,True,True,0,True,True,True,True,0.0,0.0,0.0,0.0
0004OJ,130,2025-08-16 15:01:58,INACTIVE,True,True,0,True,True,True,True,0.0,0.0,0.0,0.0
0005Y1,106,2025-09-20 12:44:19,INACTIVE,True,True,0,True,True,True,True,0.0,0.0,0.0,0.0
0001RM,667,2024-07-01 09:34:32,INACTIVE,True,True,0,True,True,True,True,0.0,0.0,0.0,0.0
00061J,1970,2019-11-19 15:21:02,INACTIVE,True,True,0,True,True,True,True,0.0,0.0,0.0,0.0
00059L,2116,2019-05-30 18:02:08,INACTIVE,True,True,0,True,True,True,True,0.0,0.0,0.0,0.0
0005SG,396,2022-09-21 08:27:41,ACTIVE,2022-09-23,2024-02-13,764562,33431.0400000000,33408.2200000000,0E-10,0E-10,-221286.85,100591.23,59.24,-168305.19
00062D,186,2025-06-26 18:02:45,INACTIVE,True,True,0,True,True,True,True,0.0,0.0,0.0,0.0
0006CJ,413,2021-02-16 20:22:48,ACTIVE,2023-09-20,2024-04-19,15930,12050.0000000000,12010.0000000000,0E-10,0E-10,-9047.21,-6525.3,20.93,-9989.35
00059V,134,2025-10-08 05:51:47,INACTIVE,True,True,0,True,True,True,True,0.0,0.0,0.0,0.0
0000TQ,1393,2021-06-21 11:10:53,INACTIVE,True,True,0,True,True,True,True,0.0,0.0,0.0,0.0
0001IZ,384,2025-04-27 15:16:23,INACTIVE,True,True,0,True,True,True,True,0.0,0.0,0.0,0.0
0006CE,3111,2018-11-07 23:39:20,INACTIVE,True,True,0,True,True,True,True,0.0,0.0,0.0,0.0
00021K,1200,2023-05-02 00:00:00,ACTIVE,2023-05-02,2023-06-05,0,5004.4200000000,5004.0000000000,0E-10,2500.0000000000,0.0,0.0,209.89,102.38
0001W7,527,2025-01-16 15:43:13,INACTIVE,True,True,0,True,True,True,True,0.0,0.0,0.0,0.0
00076W,1784,2019-06-07 20:16:10,INACTIVE,True,True,0,True,True,True,True,0.0,0.0,0.0,0.0
0006B6,942,2023-08-16 08:53:31,INACTIVE,True,True,0,True,True,True,True,0.0,0.0,0.0,0.0
0002WX,21,2025-12-07 15:10:47,INACTIVE,True,True,0,True,True,True,True,0.0,0.0,0.0,0.0
0006LD,670,2022-12-27 14:33:10,INACTIVE,True,True,0,True,True,True,True,0.0,0.0,0.0,0.0
0002ZT,1086,2022-08-11 06:44:17,INACTIVE,True,True,0,True,True,True,True,0.0,0.0,0.0,0.0
000628,1404,2022-10-16 14:35:49,INACTIVE,True,True,0,True,True,True,True,0.0,0.0,0.0,0.0
0003X8,1888,2022-02-27 09:28:19,INACTIVE,True,True,0,True,True,True,True,0.0,0.0,0.0,0.0
0001JB,924,2022-09-09 13:18:00,INACTIVE,2022-09-11,2022-09-11,7489,True,True,True,True,-746.52,139.67,0.0,-427.4
00050Z,3131,2019-03-06 10:45:36,INACTIVE,True,True,0,True,True,True,True,0.0,0.0,0.0,0.0
000718,582,2023-11-04 16:59:26,INACTIVE,True,True,0,True,True,True,True,0.0,0.0,0.0,0.0
00015Y,1499,2017-12-06 14:52:19,INACTIVE,True,True,0,True,True,True,True,0.0,0.0,0.0,0.0
0004JW,406,2024-01-14 09:41:47,INACTIVE,True,True,0,True,True,True,True,0.0,0.0,0.0,0.0
0004CL,3,2026-01-12 00:00:00,ACTIVE,2026-01-12,2026-01-12,68255,72000.0000000000,71556.2500000000,200.0000000000,0E-10,-41997.44,-79942.45,954.57,-48751.55
0007A2,2258,2019-11-04 19:08:28,INACTIVE,True,True,0,True,True,True,True,0.0,0.0,0.0,0.0
00049M,2231,2018-02-10 01:47:47,INACTIVE,True,True,0,True,True,True,True,0.0,0.0,0.0,0.0
0006RQ,723,2022-02-18 15:08:52,BLACKLISTED,True,True,0,True,True,True,True,0.0,0.0,0.0,0.0
0001QO,889,2023-10-05 14:49:07,INACTIVE,2023-10-06,2023-10-06,4926,True,True,True,True,-8045.29,-6849.2,0.0,-10024.24
00033M,1374,2023-03-09 16:55:48,INACTIVE,True,True,0,True,True,True,True,0.0,0.0,0.0,0.0
0004NF,1738,2017-09-02 08:06:31,INACTIVE,True,True,0,True,True,True,True,0.0,0.0,0.0,0.0
000073,1620,2022-06-15 13:46:46,INACTIVE,True,True,0,True,True,True,True,0.0,0.0,0.0,0.0
0004VJ,4143,2016-01-16 07:57:40,INACTIVE,True,True,0,True,True,True,True,0.0,0.0,0.0,0.0
0004IB,1471,2021-12-05 14:20:37,INACTIVE,True,True,0,True,True,True,True,0.0,0.0,0.0,0.0
00060Z,274,2024-09-03 09:50:56,INACTIVE,True,True,0,True,True,True,True,0.0,0.0,0.0,0.0
0005RB,94,2025-11-10 00:00:00,ACTIVE,2025-11-10,2025-11-10,0,800.0000000000,760.7500000000,0E-10,0E-10,0.0,0.0,22.31,15.65
00015V,2405,2019-04-22 09:11:13,INACTIVE,True,True,0,True,True,True,True,0.0,0.0,0.0,0.0
00047Z,2113,2019-08-11 15:23:26,INACTIVE,True,True,0,True,True,True,True,0.0,0.0,0.0,0.0
0000R1,1830,2022-05-12 18:59:29,INACTIVE,True,True,0,True,True,True,True,0.0,0.0,0.0,0.0
0000BB,1718,2022-07-18 10:01:13,INACTIVE,True,True,0,True,True,True,True,0.0,0.0,0.0,0.0
0005M4,158,2025-09-08 11:38:29,INACTIVE,True,True,0,True,True,True,True,0.0,0.0,0.0,0.0
0000O2,3014,2019-11-01 21:23:24,INACTIVE,True,True,0,True,True,True,True,0.0,0.0,0.0,0.0
00014O,1259,2020-07-08 15:29:58,INACTIVE,True,True,0,True,True,True,True,0.0,0.0,0.0,0.0
000160,2769,2020-01-11 08:41:04,INACTIVE,True,True,0,True,True,True,True,0.0,0.0,0.0,0.0
00012Y,1623,2020-09-03 14:30:08,INACTIVE,True,True,0,True,True,True,True,0.0,0.0,0.0,0.0
0001CD,386,2025-04-08 22:24:57,INACTIVE,True,True,0,True,True,True,True,0.0,0.0,0.0,0.0
0007JO,99,2025-09-23 17:09:08,INACTIVE,True,True,0,True,True,True,True,0.0,0.0,0.0,0.0
0004S7,1292,2019-08-30 07:13:46,INACTIVE,True,True,0,True,True,True,True,0.0,0.0,0.0,0.0
000794,23,2023-10-03 11:14:03,ACTIVE,2025-11-01,2025-12-21,10206,30000.0000000000,29998.3800000000,0E-10,0E-10,-25697.87,-10800.77,202.08,-34528.19
0002UD,153,2025-09-15 07:48:04,INACTIVE,True,True,0,True,True,True,True,0.0,0.0,0.0,0.0
0000LJ,1423,2022-02-23 16:31:50,INACTIVE,True,True,0,True,True,True,True,0.0,0.0,0.0,0.0
0002ME,430,2025-02-09 19:18:07,INACTIVE,True,True,0,True,True,True,True,0.0,0.0,0.0,0.0
0002MJ,13,2023-08-01 20:01:01,ACTIVE,2023-08-02,2025-12-22,227038,378465.0000000000,370801.1700000000,500.0000000000,0E-10,-162201.07,82927.63,202.79,-172750.15
0005N4,1629,2019-06-16 17:38:49,INACTIVE,True,True,0,True,True,True,True,0.0,0.0,0.0,0.0
00062W,1154,2022-04-25 18:12:03,EXITED,2023-01-26,2023-01-26,76731,True,True,True,True,-98203.7,-66406.47,0.0,-46627.02
00062U,28,2021-05-30 22:07:18,ACTIVE,2024-08-12,2025-12-14,36708602,15543283.7800000000,14936658.1100000000,100.0000000000,0E-10,-3432597.08,-3055874.22,27096.36,-4200645.08
0003UT,1180,2023-04-21 08:18:35,INACTIVE,True,True,0,True,True,True,True,0.0,0.0,0.0,0.0
0002LO,405,2024-11-11 12:01:22,ACTIVE,2024-11-13,2025-04-13,1401149,1100000.0000000000,1096580.9600000000,1900.0000000000,0E-10,430538.08,958427.79,6227.13,380323.45
0001OG,160,2025-08-30 10:37:47,INACTIVE,True,True,0,True,True,True,True,0.0,0.0,0.0,0.0
0004AU,1872,2020-06-14 17:09:03,INACTIVE,True,True,0,True,True,True,True,0.0,0.0,0.0,0.0
00001F,1076,2023-03-20 02:37:28,INACTIVE,True,True,0,True,True,True,True,0.0,0.0,0.0,0.0
0003LP,1409,2018-03-19 13:16:25,ACTIVE,2023-03-09,2023-04-24,49308,60000.0000000000,59922.9500000000,0E-10,0E-10,53461.66,68367.37,821.95,61428.54
000119,2659,2019-11-01 18:36:57,INACTIVE,True,True,0,True,True,True,True,0.0,0.0,0.0,0.0
00003H,865,2024-03-22 12:19:57,INACTIVE,True,True,0,True,True,True,True,0.0,0.0,0.0,0.0
0006K7,152,2025-07-09 09:07:12,INACTIVE,True,True,0,True,True,True,True,0.0,0.0,0.0,0.0
0001VM,85,2025-10-02 19:51:34,ACTIVE,2025-10-03,2025-11-08,75434,178500.0000000000,174559.3100000000,3900.0000000000,0E-10,-147404.7,-24390.21,4300.4,-110793.46
0005VG,602,2023-06-18 21:44:52,INACTIVE,True,True,0,True,True,True,True,0.0,0.0,0.0,0.0
0003ND,321,2025-05-03 07:31:26,INACTIVE,True,True,0,True,True,True,True,0.0,0.0,0.0,0.0
0000W5,1346,2023-05-17 16:10:26,INACTIVE,True,True,0,True,True,True,True,0.0,0.0,0.0,0.0
00027K,433,2025-03-12 11:37:01,INACTIVE,True,True,0,True,True,True,True,0.0,0.0,0.0,0.0
0006CN,1257,2020-06-17 16:26:35,INACTIVE,True,True,0,True,True,True,True,0.0,0.0,0.0,0.0
0005TR,408,2025-03-14 14:02:35,INACTIVE,True,True,0,True,True,True,True,0.0,0.0,0.0,0.0
0001MM,1410,2019-09-18 08:59:45,INACTIVE,True,True,0,True,True,True,True,0.0,0.0,0.0,0.0
0004JS,306,2025-03-08 18:19:32,INACTIVE,True,True,0,True,True,True,True,0.0,0.0,0.0,0.0
0002MZ,1193,2023-04-12 04:54:48,INACTIVE,True,True,0,True,True,True,True,0.0,0.0,0.0,0.0
00058X,124,2025-09-11 18:10:53,INACTIVE,True,True,0,True,True,True,True,0.0,0.0,0.0,0.0
0003C0,265,2019-03-06 07:22:43,ACTIVE,2025-03-06,2025-03-06,6077,4900.0000000000,4852.6800000000,0E-10,0E-10,-8216.77,-8888.35,99.12,-3849.84
0005YP,2821,2019-07-08 09:10:13,INACTIVE,True,True,0,True,True,True,True,0.0,0.0,0.0,0.0
0002VN,3132,2018-08-27 13:58:15,INACTIVE,True,True,0,True,True,True,True,0.0,0.0,0.0,0.0
0003R0,1079,2023-04-25 08:55:41,INACTIVE,True,True,0,True,True,True,True,0.0,0.0,0.0,0.0
0003OU,2588,2019-02-25 15:23:04,INACTIVE,True,True,0,True,True,True,True,0.0,0.0,0.0,0.0
00043T,2653,2020-01-07 09:13:22,INACTIVE,True,True,0,True,True,True,True,0.0,0.0,0.0,0.0
00048X,800,2023-08-13 11:18:22,INACTIVE,True,True,0,True,True,True,True,0.0,0.0,0.0,0.0
0000XH,1528,2018-09-08 09:06:34,INACTIVE,True,True,0,True,True,True,True,0.0,0.0,0.0,0.0
0003RR,1267,2019-02-28 17:42:37,INACTIVE,2019-03-14,2022-09-12,197583,True,True,True,True,15232.89,93909.51,0.0,13904.16
0007PM,2418,2020-08-18 05:25:34,INACTIVE,True,True,0,True,True,True,True,0.0,0.0,0.0,0.0
0005DF,718,2023-07-31 13:28:04,INACTIVE,True,True,0,True,True,True,True,0.0,0.0,0.0,0.0
0006SJ,940,2022-01-09 09:33:26,INACTIVE,True,True,0,True,True,True,True,0.0,0.0,0.0,0.0
0003QM,89,2025-11-13 18:30:17,INACTIVE,True,True,0,True,True,True,True,0.0,0.0,0.0,0.0
00058O,1122,2023-10-15 00:30:32,INACTIVE,True,True,0,True,True,True,True,0.0,0.0,0.0,0.0
0001IV,2759,2019-04-15 15:10:41,INACTIVE,True,True,0,True,True,True,True,0.0,0.0,0.0,0.0
0007CI,845,2024-03-29 00:28:54,INACTIVE,True,True,0,True,True,True,True,0.0,0.0,0.0,0.0
0002RJ,163,2025-09-26 15:09:18,INACTIVE,True,True,0,True,True,True,True,0.0,0.0,0.0,0.0
00016R,179,2025-08-01 21:45:20,INACTIVE,True,True,0,True,True,True,True,0.0,0.0,0.0,0.0
00004R,1831,2019-04-22 15:59:09,INACTIVE,True,True,0,True,True,True,True,0.0,0.0,0.0,0.0
0007LA,1338,2022-10-28 11:43:49,INACTIVE,True,True,0,True,True,True,True,0.0,0.0,0.0,0.0
00043I,3474,2019-03-21 04:14:34,INACTIVE,2019-04-26,2019-04-26,193914,True,True,True,True,8724.03,77573.89,0.0,11585.88
0002GH,1075,2023-07-25 10:38:03,ACTIVE,2023-07-27,2023-07-27,0,2000.0000000000,2000.0000000000,0E-10,0E-10,0.0,0.0,56.54,21.77
000146,1391,2018-03-07 11:05:29,EXITED,2018-10-20,2018-10-20,156626,True,True,True,True,215728.81,196828.98,0.0,282342.45
0005FX,1283,2023-07-25 09:17:09,INACTIVE,True,True,0,True,True,True,True,0.0,0.0,0.0,0.0
0000SO,221,2025-07-01 00:00:00,ACTIVE,2025-07-01,2025-07-23,188160,145000.0000000000,144968.4100000000,0E-10,0E-10,-238162.41,-158320.93,1789.39,-140788.9
00077E,390,2024-11-09 11:09:31,INACTIVE,True,True,0,True,True,True,True,0.0,0.0,0.0,0.0
0000UT,3893,2018-08-20 12:10:39,EXITED,2018-11-16,2018-11-16,498386,True,True,True,True,-697035.89,-497649.67,0.0,-281489.39
0006NF,331,2018-11-26 06:34:25,ACTIVE,2024-10-07,2025-04-19,64334,208000.0000000000,103740.0000000000,0E-10,4000.0000000000,17127.09,46765.77,432.75,30285.62
00005T,431,2025-02-24 08:55:07,INACTIVE,True,True,0,True,True,True,True,0.0,0.0,0.0,0.0
0003M5,1274,2023-08-16 23:57:13,INACTIVE,True,True,0,True,True,True,True,0.0,0.0,0.0,0.0
0003V2,826,2021-11-07 14:16:58,INACTIVE,True,True,0,True,True,True,True,0.0,0.0,0.0,0.0
0001K1,766,2024-05-24 20:51:39,INACTIVE,True,True,0,True,True,True,True,0.0,0.0,0.0,0.0
0004T0,2344,2018-10-19 09:15:32,INACTIVE,True,True,0,True,True,True,True,0.0,0.0,0.0,0.0
0001PU,1094,2023-11-08 05:54:32,INACTIVE,True,True,0,True,True,True,True,0.0,0.0,0.0,0.0
0001WF,1681,2022-09-14 03:18:23,BLACKLISTED,True,True,0,True,True,True,True,0.0,0.0,0.0,0.0
0003DK,2692,2020-06-29 08:16:28,INACTIVE,True,True,0,True,True,True,True,0.0,0.0,0.0,0.0
0000CY,885,2024-02-23 06:07:28,INACTIVE,True,True,0,True,True,True,True,0.0,0.0,0.0,0.0
0001UL,254,2025-07-02 17:51:26,ACTIVE,2025-07-03,2025-07-03,5548,5000.0000000000,4914.5000000000,0E-10,0E-10,-10165.27,-7448.03,147.31,-7881.34
0007NL,105,2025-09-05 20:58:35,INACTIVE,True,True,0,True,True,True,True,0.0,0.0,0.0,0.0
0004NG,481,2024-08-02 10:38:15,INACTIVE,True,True,0,True,True,True,True,0.0,0.0,0.0,0.0
0001FN,485,2023-11-19 06:23:03,INACTIVE,True,True,0,True,True,True,True,0.0,0.0,0.0,0.0
00015G,3551,2018-09-25 09:53:04,INACTIVE,True,True,0,True,True,True,True,0.0,0.0,0.0,0.0
0006OR,1198,2023-03-07 20:57:56,INACTIVE,True,True,0,True,True,True,True,0.0,0.0,0.0,0.0
000561,543,2024-09-14 10:24:13,INACTIVE,True,True,0,True,True,True,True,0.0,0.0,0.0,0.0
0006LW,1656,2019-12-18 13:40:54,INACTIVE,True,True,0,True,True,True,True,0.0,0.0,0.0,0.0
0003AS,1708,2021-11-05 05:18:37,INACTIVE,True,True,0,True,True,True,True,0.0,0.0,0.0,0.0
0006LM,1085,2020-11-16 20:27:55,ACTIVE,2022-06-02,2022-12-05,801797,100.0000000000,3.9400000000,0E-10,0E-10,115421.26,349976.27,0.49,89338.34
0004O5,384,2024-05-04 01:01:09,ACTIVE,2025-02-04,2025-05-03,419217,549150.0000000000,548765.8600000000,0E-10,0E-10,-387716.18,-79153.56,2046.97,-344029.49
0000KN,1377,2023-04-11 06:06:33,INACTIVE,True,True,0,True,True,True,True,0.0,0.0,0.0,0.0
00051N,1077,2023-03-02 19:50:01,INACTIVE,True,True,0,True,True,True,True,0.0,0.0,0.0,0.0
0004GX,194,2025-08-20 13:02:29,INACTIVE,True,True,0,True,True,True,True,0.0,0.0,0.0,0.0
0007KG,1349,2020-06-25 06:10:25,INACTIVE,True,True,0,True,True,True,True,0.0,0.0,0.0,0.0
0006G8,628,2023-03-07 21:06:17,INACTIVE,True,True,0,True,True,True,True,0.0,0.0,0.0,0.0
0004EM,375,2019-02-18 20:12:11,ACTIVE,2022-10-09,2025-02-17,458860,266100.0000000000,264537.2900000000,1040.0000000000,0E-10,-47189.2,-19565.53,166.12,-78460.66
00032W,5530,2013-09-11 00:00:00,INACTIVE,2013-09-12,2013-09-12,105661,True,True,True,True,0.0,0.0,0.0,0.0
0000B8,1897,2016-04-28 16:43:57,INACTIVE,2016-05-06,2016-08-25,851212,True,True,True,True,-1674411.66,-1715622.66,0.0,-786498.83
0004NY,1574,2019-11-22 10:48:21,INACTIVE,True,True,0,True,True,True,True,0.0,0.0,0.0,0.0
00026F,139,2025-09-03 17:08:51,INACTIVE,True,True,0,True,True,True,True,0.0,0.0,0.0,0.0
0001LJ,725,2022-07-06 09:27:11,INACTIVE,True,True,0,True,True,True,True,0.0,0.0,0.0,0.0
0006VZ,1794,2020-09-22 14:03:33,INACTIVE,True,True,0,True,True,True,True,0.0,0.0,0.0,0.0
0002F3,4406,2013-10-03 00:00:00,INACTIVE,2013-10-04,2013-10-04,313170,True,True,True,True,208166.01,461443.65,0.0,208317.72
0005L4,2349,2021-07-08 14:32:56,INACTIVE,True,True,0,True,True,True,True,0.0,0.0,0.0,0.0
0006SR,104,2025-09-09 00:00:00,ACTIVE,2025-09-09,2025-09-09,63778,100000.0000000000,99808.7600000000,0E-10,0E-10,-241877.76,-76809.54,2241.36,-247639.9
0006DA,784,2022-10-31 11:34:37,INACTIVE,True,True,0,True,True,True,True,0.0,0.0,0.0,0.0
0005U3,512,2023-03-28 16:58:22,INACTIVE,2023-04-12,2023-04-12,11340,True,True,True,True,-13043.19,-17102.92,0.0,-22751.62
00050T,1232,2020-08-12 16:37:29,INACTIVE,True,True,0,True,True,True,True,0.0,0.0,0.0,0.0
0001R0,1529,2022-09-11 14:38:44,INACTIVE,True,True,0,True,True,True,True,0.0,0.0,0.0,0.0
0005TX,1181,2022-08-14 15:23:56,INACTIVE,True,True,0,True,True,True,True,0.0,0.0,0.0,0.0
0001W5,34,2025-11-28 00:00:00,ACTIVE,2025-11-28,2025-11-28,0,3000.0000000000,1999.7500000000,1000.0000000000,0E-10,0.0,0.0,168.1,231.05
00053B,3501,2019-05-09 14:41:41,INACTIVE,True,True,0,True,True,True,True,0.0,0.0,0.0,0.0
0001W1,1579,2022-09-07 19:00:59,INACTIVE,True,True,0,True,True,True,True,0.0,0.0,0.0,0.0
0002CY,28,2019-11-20 20:43:46,ACTIVE,2019-11-29,2025-12-01,2642683,2235710.0000000000,2102148.9000000000,0E-10,0E-10,-614755.52,2170420.53,484.8,-881511.92
000359,627,2023-10-22 16:23:59,INACTIVE,True,True,0,True,True,True,True,0.0,0.0,0.0,0.0
00008N,2913,2017-07-06 10:28:55,INACTIVE,2020-02-17,2020-02-17,365254,True,True,True,True,79314.68,200720.89,0.0,90666.33
000605,1883,2021-09-19 09:57:07,INACTIVE,True,True,0,True,True,True,True,0.0,0.0,0.0,0.0
0000KT,68,2025-11-29 22:31:57,INACTIVE,True,True,0,True,True,True,True,0.0,0.0,0.0,0.0
0003SY,884,2021-05-10 12:28:01,INACTIVE,2021-08-24,2021-11-03,96293,True,True,True,True,10046.4,32752.17,0.0,7868.06
0005U5,1311,2023-03-12 23:24:54,ACTIVE,2023-03-24,2023-03-24,0,1000.0000000000,900.0000000000,0E-10,0E-10,0.0,0.0,27.95,27.37
0006J6,390,2024-03-09 06:47:38,INACTIVE,True,True,0,True,True,True,True,0.0,0.0,0.0,0.0
0003A7,634,2023-12-19 12:39:46,INACTIVE,True,True,0,True,True,True,True,0.0,0.0,0.0,0.0
0001UJ,925,2024-01-06 22:21:01,INACTIVE,True,True,0,True,True,True,True,0.0,0.0,0.0,0.0
0003PS,2483,2020-06-05 12:46:41,INACTIVE,True,True,0,True,True,True,True,0.0,0.0,0.0,0.0
0006YZ,897,2021-02-23 08:46:40,INACTIVE,True,True,0,True,True,True,True,0.0,0.0,0.0,0.0
0002G2,1075,2021-11-06 18:10:57,INACTIVE,True,True,0,True,True,True,True,0.0,0.0,0.0,0.0
0002NG,684,2024-07-29 08:40:10,INACTIVE,True,True,0,True,True,True,True,0.0,0.0,0.0,0.0
0000W7,1530,2019-05-09 22:54:56,INACTIVE,True,True,0,True,True,True,True,0.0,0.0,0.0,0.0
0002ZR,1167,2022-03-05 14:09:06,INACTIVE,True,True,0,True,True,True,True,0.0,0.0,0.0,0.0
0007H0,59,2025-10-15 22:56:32,ACTIVE,2025-10-16,2025-10-20,0,20000.0000000000,18037.6300000000,0E-10,0E-10,0.0,0.0,452.07,342.18
0004ZA,991,2021-08-09 17:58:41,INACTIVE,True,True,0,True,True,True,True,0.0,0.0,0.0,0.0
0000Z6,2167,2021-08-08 20:30:22,INACTIVE,True,True,0,True,True,True,True,0.0,0.0,0.0,0.0
00074Y,360,2024-04-14 22:45:18,INACTIVE,True,True,0,True,True,True,True,0.0,0.0,0.0,0.0
00066Q,1321,2022-07-17 14:23:57,ACTIVE,2022-07-18,2022-07-20,0,220.0000000000,100.0000000000,0E-10,0E-10,0.0,0.0,5.74,3.77
0001EZ,36,2025-12-15 00:00:00,ACTIVE,2025-12-15,2025-12-16,0,2000.0000000000,999.7500000000,1000.0000000000,0E-10,0.0,0.0,95.42,224.76
0004DH,253,2024-10-18 22:17:46,INACTIVE,True,True,0,True,True,True,True,0.0,0.0,0.0,0.0
0002UA,748,2024-03-26 10:59:12,INACTIVE,True,True,0,True,True,True,True,0.0,0.0,0.0,0.0
0003ZZ,1040,2020-01-10 15:15:27,ACTIVE,2022-08-16,2022-08-17,11017,1200.0000000000,1199.0000000000,0E-10,0E-10,-24838.87,-22662.37,17.15,-29554.39
0005GA,449,2021-10-26 02:00:17,ACTIVE,2023-08-28,2025-02-12,6804,15950.0000000000,15950.0000000000,0E-10,0E-10,-10274.89,-5328.76,10.68,-6644.96
0000FA,833,2024-04-13 02:07:59,INACTIVE,True,True,0,True,True,True,True,0.0,0.0,0.0,0.0
0000NF,377,2025-03-30 17:25:45,INACTIVE,True,True,0,True,True,True,True,0.0,0.0,0.0,0.0
0003WC,358,2024-12-13 07:14:52,INACTIVE,True,True,0,True,True,True,True,0.0,0.0,0.0,0.0
0002HL,1492,2022-12-14 15:09:32,INACTIVE,True,True,0,True,True,True,True,0.0,0.0,0.0,0.0
0004TL,2877,2019-01-26 22:27:50,INACTIVE,True,True,0,True,True,True,True,0.0,0.0,0.0,0.0
00043X,501,2024-06-24 08:29:26,INACTIVE,True,True,0,True,True,True,True,0.0,0.0,0.0,0.0
0005FL,603,2023-03-13 19:24:42,INACTIVE,True,True,0,True,True,True,True,0.0,0.0,0.0,0.0
00008J,2583,2013-07-23 00:00:00,INACTIVE,2013-07-25,2013-07-25,765365,True,True,True,True,0.0,0.0,0.0,0.0
0002CS,264,2025-01-28 10:42:52,INACTIVE,True,True,0,True,True,True,True,0.0,0.0,0.0,0.0
00031B,298,2025-01-07 00:00:00,ACTIVE,2025-01-07,2025-01-07,50703,50000.0000000000,50000.0000000000,0E-10,0E-10,-11870.09,19846.78,1360.67,-7526.26
000644,1054,2024-01-08 08:51:16,INACTIVE,True,True,0,True,True,True,True,0.0,0.0,0.0,0.0
0005CD,1435,2023-06-02 14:06:03,EXITED,2023-06-03,2023-06-03,261203,True,True,True,True,-158395.2,-114807.39,0.0,-136794.44
0005CV,212,2025-02-20 13:00:34,INACTIVE,True,True,0,True,True,True,True,0.0,0.0,0.0,0.0
0002U2,680,2024-10-01 13:17:59,INACTIVE,True,True,0,True,True,True,True,0.0,0.0,0.0,0.0
0003GJ,1295,2023-02-07 15:19:12,INACTIVE,True,True,0,True,True,True,True,0.0,0.0,0.0,0.0
000496,231,2025-05-29 12:25:05,INACTIVE,True,True,0,True,True,True,True,0.0,0.0,0.0,0.0
00012O,1434,2023-05-05 10:37:32,INACTIVE,True,True,0,True,True,True,True,0.0,0.0,0.0,0.0
0006WE,184,2025-08-16 14:33:31,INACTIVE,True,True,0,True,True,True,True,0.0,0.0,0.0,0.0
00072J,2662,2019-05-18 13:35:37,INACTIVE,True,True,0,True,True,True,True,0.0,0.0,0.0,0.0
0004GJ,1173,2021-07-07 17:35:21,INACTIVE,True,True,0,True,True,True,True,0.0,0.0,0.0,0.0
0002E5,2350,2017-05-25 10:20:06,INACTIVE,True,True,0,True,True,True,True,0.0,0.0,0.0,0.0
0005EJ,1752,2022-08-23 09:33:14,INACTIVE,True,True,0,True,True,True,True,0.0,0.0,0.0,0.0
0006LY,32,2022-06-25 22:10:53,ACTIVE,2024-08-06,2025-12-01,1866239,2000000.0000000000,1999826.1800000000,0E-10,0E-10,-183551.23,509998.32,1497.36,-175420.28
000670,875,2021-07-16 10:22:29,INACTIVE,True,True,0,True,True,True,True,0.0,0.0,0.0,0.0
0005QZ,1446,2020-11-15 09:17:28,INACTIVE,True,True,0,True,True,True,True,0.0,0.0,0.0,0.0
00053P,983,2023-04-19 17:37:48,INACTIVE,True,True,0,True,True,True,True,0.0,0.0,0.0,0.0
0002OT,348,2021-05-25 12:38:51,ACTIVE,2024-10-20,2024-12-16,230842,262200.0000000000,262088.8900000000,0E-10,0E-10,17037.79,42284.26,2101.95,16717.77
000600,5821,2014-12-04 00:00:00,INACTIVE,2014-12-10,2014-12-10,52973,True,True,True,True,0.0,0.0,0.0,0.0
0004Y5,2059,2019-11-27 15:58:06,INACTIVE,True,True,0,True,True,True,True,0.0,0.0,0.0,0.0
0004LB,182,2025-07-18 12:49:12,ACTIVE,2025-07-21,2025-09-06,0,707000.0000000000,1205688.1300000000,3800.0000000000,0E-10,0.0,0.0,6423.16,8690.03
0006MY,162,2025-04-04 16:57:56,ACTIVE,2025-08-14,2025-08-20,0,4400.0000000000,4393.0000000000,0E-10,0E-10,0.0,0.0,94.04,75.14
0001OY,529,2024-08-16 13:36:25,INACTIVE,True,True,0,True,True,True,True,0.0,0.0,0.0,0.0
0007P3,21,2025-12-14 06:06:50,INACTIVE,True,True,0,True,True,True,True,0.0,0.0,0.0,0.0
0002X7,1132,2022-01-08 14:12:05,INACTIVE,True,True,0,True,True,True,True,0.0,0.0,0.0,0.0
0005ER,11,2026-01-07 16:56:23,INACTIVE,True,True,0,True,True,True,True,0.0,0.0,0.0,0.0
00059P,1224,2023-06-04 09:06:28,INACTIVE,True,True,0,True,True,True,True,0.0,0.0,0.0,0.0
00044K,186,2025-07-03 16:28:32,INACTIVE,True,True,0,True,True,True,True,0.0,0.0,0.0,0.0
00042C,1107,2023-11-21 05:56:36,INACTIVE,True,True,0,True,True,True,True,0.0,0.0,0.0,0.0
0006TR,673,2024-08-18 12:30:25,ACTIVE,2024-08-19,2024-08-23,9175,23800.0000000000,23720.0000000000,0E-10,0E-10,-9512.77,-15393.75,297.0,-14575.16
0005MV,121,2025-07-01 04:42:57,INACTIVE,True,True,0,True,True,True,True,0.0,0.0,0.0,0.0
00008H,919,2023-10-07 07:39:54,INACTIVE,True,True,0,True,True,True,True,0.0,0.0,0.0,0.0
0002R8,129,2025-09-24 00:00:00,ACTIVE,2025-09-24,2025-10-08,0,49310.7500000000,48169.8800000000,1000.0000000000,0E-10,0.0,0.0,838.58,1104.56
0006LE,3254,2019-03-26 10:12:26,INACTIVE,True,True,0,True,True,True,True,0.0,0.0,0.0,0.0
0004LP,158,2025-04-22 09:32:38,INACTIVE,True,True,0,True,True,True,True,0.0,0.0,0.0,0.0
000382,1788,2019-04-15 17:17:29,INACTIVE,True,True,0,True,True,True,True,0.0,0.0,0.0,0.0
0002OE,1003,2023-01-12 12:15:47,INACTIVE,True,True,0,True,True,True,True,0.0,0.0,0.0,0.0
0002UT,60,2025-10-27 09:59:05,INACTIVE,True,True,0,True,True,True,True,0.0,0.0,0.0,0.0
0000P8,717,2022-10-26 18:55:05,INACTIVE,True,True,0,True,True,True,True,0.0,0.0,0.0,0.0
0006KO,5328,2013-02-11 00:00:00,INACTIVE,2013-02-12,2013-02-12,369287,True,True,True,True,0.0,0.0,0.0,0.0
0002DF,1407,2021-10-06 23:20:06,ACTIVE,2021-10-07,2022-03-20,323843,114354.0000000000,114285.2100000000,0E-10,0E-10,17163.81,49267.67,367.29,8931.16
0003MG,1600,2019-05-09 14:46:43,INACTIVE,True,True,0,True,True,True,True,0.0,0.0,0.0,0.0
0006YE,3042,2018-05-17 00:00:00,EXITED,2018-05-17,2018-05-17,12732,True,True,True,True,-15260.98,-16612.94,0.0,-6664.96
000706,665,2022-10-20 13:15:19,INACTIVE,True,True,0,True,True,True,True,0.0,0.0,0.0,0.0
0000LR,24,2022-03-08 15:18:46,ACTIVE,2023-06-22,2025-12-19,18698343,7069842.4000000000,4192629.9600000000,0E-10,0E-10,-7071680.76,-3392875.52,5185.09,-5568457.28
0004A2,3772,2018-01-18 15:55:28,INACTIVE,2018-01-19,2018-01-19,326962,True,True,True,True,-12757.23,59117.91,0.0,-10614.36
0006B4,3000,2020-02-18 14:37:31,INACTIVE,True,True,0,True,True,True,True,0.0,0.0,0.0,0.0
00078N,619,2023-10-08 05:49:49,INACTIVE,True,True,0,True,True,True,True,0.0,0.0,0.0,0.0
0001AL,1138,2023-10-01 00:00:00,INACTIVE,2023-10-01,2023-10-01,6565,True,True,True,True,-505.19,-142.59,0.0,-908.48
000657,1111,2022-12-02 05:39:02,INACTIVE,2022-12-05,2023-11-09,565368,True,True,True,True,-7974.8,290950.81,0.0,-10696.14
000392,1622,2022-01-11 00:00:00,INACTIVE,2022-01-11,2022-01-11,0,0E-10,0E-10,0E-10,0E-10,0.0,0.0,0.0,0.0
0002AC,347,2025-04-02 00:00:00,ACTIVE,2025-04-02,2025-05-26,28770,35360.0000000000,35062.1000000000,300.0000000000,0E-10,-14574.16,-7918.25,551.43,-32221.14
0005H5,742,2023-04-27 14:48:56,INACTIVE,True,True,0,True,True,True,True,0.0,0.0,0.0,0.0
00072T,31,2025-11-22 19:14:25,INACTIVE,True,True,0,True,True,True,True,0.0,0.0,0.0,0.0
00050O,2355,2021-03-29 12:03:05,INACTIVE,True,True,0,True,True,True,True,0.0,0.0,0.0,0.0
0004UF,461,2024-10-07 04:21:14,INACTIVE,True,True,0,True,True,True,True,0.0,0.0,0.0,0.0
0001V3,666,2019-09-12 18:26:53,ACTIVE,2023-10-22,2023-11-20,49596,20500.0000000000,20331.2000000000,100.0000000000,0E-10,-34374.71,-19601.36,468.25,-36835.68
00010C,148,2025-04-24 09:18:55,INACTIVE,True,True,0,True,True,True,True,0.0,0.0,0.0,0.0
000575,1564,2018-06-16 06:45:28,INACTIVE,True,True,0,True,True,True,True,0.0,0.0,0.0,0.0
0000U2,1204,2020-06-16 21:05:06,INACTIVE,True,True,0,True,True,True,True,0.0,0.0,0.0,0.0
0000M7,57,2025-10-24 15:04:38,INACTIVE,True,True,0,True,True,True,True,0.0,0.0,0.0,0.0
0004RQ,2517,2021-05-09 09:26:55,INACTIVE,True,True,0,True,True,True,True,0.0,0.0,0.0,0.0
00060B,1593,2020-06-17 19:05:41,INACTIVE,True,True,0,True,True,True,True,0.0,0.0,0.0,0.0
0002YE,1494,2022-12-08 13:58:14,INACTIVE,True,True,0,True,True,True,True,0.0,0.0,0.0,0.0
0000NT,354,2018-08-30 10:10:12,ACTIVE,2018-09-04,2024-03-04,10270423,1151563.1500000000,1151363.1400000000,0E-10,0E-10,-855838.29,2875822.67,484.03,-1168100.67
0003GY,1776,2020-02-15 09:49:04,INACTIVE,True,True,0,True,True,True,True,0.0,0.0,0.0,0.0
00063Y,2707,2020-10-08 19:15:03,INACTIVE,True,True,0,True,True,True,True,0.0,0.0,0.0,0.0
0004N2,199,2025-03-30 11:50:45,INACTIVE,True,True,0,True,True,True,True,0.0,0.0,0.0,0.0
0000MZ,812,2023-03-16 01:50:58,INACTIVE,True,True,0,True,True,True,True,0.0,0.0,0.0,0.0
0006SS,537,2024-12-06 13:34:29,INACTIVE,True,True,0,True,True,True,True,0.0,0.0,0.0,0.0
00030N,1595,2019-01-05 05:58:44,INACTIVE,True,True,0,True,True,True,True,0.0,0.0,0.0,0.0
0004V1,28,2025-11-25 00:24:34,INACTIVE,True,True,0,True,True,True,True,0.0,0.0,0.0,0.0
0001M4,1292,2023-08-18 12:36:13,INACTIVE,True,True,0,True,True,True,True,0.0,0.0,0.0,0.0
0005Y4,746,2023-10-13 08:33:53,INACTIVE,True,True,0,True,True,True,True,0.0,0.0,0.0,0.0
0000U4,285,2025-05-14 17:16:43,INACTIVE,True,True,0,True,True,True,True,0.0,0.0,0.0,0.0
0000JU,606,2019-09-04 00:00:00,INACTIVE,2019-09-04,2023-05-25,1194357,True,True,True,True,86026.33,463059.63,0.0,214276.58
0002UP,1850,2019-01-03 02:40:31,INACTIVE,True,True,0,True,True,True,True,0.0,0.0,0.0,0.0
0004P0,356,2025-01-09 15:15:15,INACTIVE,True,True,0,True,True,True,True,0.0,0.0,0.0,0.0
00054H,2561,2020-01-28 21:45:54,INACTIVE,True,True,0,True,True,True,True,0.0,0.0,0.0,0.0
0002EZ,218,2025-04-15 20:00:41,INACTIVE,True,True,0,True,True,True,True,0.0,0.0,0.0,0.0
00039G,151,2025-09-25 00:00:00,ACTIVE,2025-09-25,2025-09-28,0,5000.0000000000,4832.2500000000,100.0000000000,0E-10,0.0,0.0,126.29,152.63
0004W5,455,2025-01-25 01:41:37,INACTIVE,True,True,0,True,True,True,True,0.0,0.0,0.0,0.0
0007C3,1186,2022-12-14 14:00:41,INACTIVE,True,True,0,True,True,True,True,0.0,0.0,0.0,0.0
000107,124,2025-09-08 07:21:55,INACTIVE,True,True,0,True,True,True,True,0.0,0.0,0.0,0.0
0002BP,2593,2019-09-12 11:58:29,INACTIVE,2019-09-13,2019-09-13,900403,True,True,True,True,-32123.37,435936.19,0.0,-29418.2
0005RE,2950,2019-02-11 12:59:27,EXITED,2019-06-26,2019-06-26,408257,True,True,True,True,546950.49,408282.18,0.0,719673.96
0004R2,1825,2018-03-04 14:14:20,INACTIVE,True,True,0,True,True,True,True,0.0,0.0,0.0,0.0
0002ZM,1831,2022-05-02 10:43:41,INACTIVE,True,True,0,True,True,True,True,0.0,0.0,0.0,0.0
000150,1603,2021-08-09 13:11:02,INACTIVE,True,True,0,True,True,True,True,0.0,0.0,0.0,0.0
0005J4,1702,2022-10-17 14:36:30,INACTIVE,True,True,0,True,True,True,True,0.0,0.0,0.0,0.0
0004LV,1801,2022-08-27 15:36:35,INACTIVE,True,True,0,True,True,True,True,0.0,0.0,0.0,0.0
0001B7,914,2021-04-28 13:46:11,INACTIVE,True,True,0,True,True,True,True,0.0,0.0,0.0,0.0
00045D,2144,2019-05-22 09:07:47,EXITED,2019-05-28,2019-05-28,144552,True,True,True,True,147754.84,350989.58,0.0,342999.62
0003UG,1162,2022-12-04 09:48:08,ACTIVE,2022-12-07,2022-12-10,0,11000.0000000000,11000.0000000000,0E-10,0E-10,0.0,0.0,291.99,199.63
000486,703,2024-03-10 09:36:38,INACTIVE,True,True,0,True,True,True,True,0.0,0.0,0.0,0.0
0005P2,226,2025-07-28 11:30:35,INACTIVE,True,True,0,True,True,True,True,0.0,0.0,0.0,0.0
0001RP,1714,2018-01-18 00:00:00,EXITED,2018-01-18,2018-09-20,213296,0E-10,0E-10,0E-10,0E-10,64261.82,344646.33,0.0,97755.03
0000ZR,2620,2019-08-26 22:50:19,INACTIVE,True,True,0,True,True,True,True,0.0,0.0,0.0,0.0
0001LM,2292,2021-09-09 16:40:22,INACTIVE,True,True,0,True,True,True,True,0.0,0.0,0.0,0.0
00072U,3174,2020-03-26 20:05:54,INACTIVE,True,True,0,True,True,True,True,0.0,0.0,0.0,0.0
0002C2,599,2022-10-28 00:10:18,INACTIVE,True,True,0,True,True,True,True,0.0,0.0,0.0,0.0
0005Q3,2930,2020-08-04 14:02:57,INACTIVE,True,True,0,True,True,True,True,0.0,0.0,0.0,0.0
0002GZ,114,2024-10-20 07:42:40,ACTIVE,2025-07-15,2025-07-15,4263,6400.0000000000,6359.6800000000,0E-10,0E-10,-20473.46,-9394.62,155.76,-11968.11
00038J,238,2025-05-30 13:44:29,INACTIVE,True,True,0,True,True,True,True,0.0,0.0,0.0,0.0
00009D,1750,2019-08-15 20:53:42,INACTIVE,True,True,0,True,True,True,True,0.0,0.0,0.0,0.0
0002EG,914,2023-10-12 08:06:17,INACTIVE,True,True,0,True,True,True,True,0.0,0.0,0.0,0.0
0002K6,1299,2019-06-03 09:57:49,INACTIVE,True,True,0,True,True,True,True,0.0,0.0,0.0,0.0
0001X6,591,2023-11-06 16:46:11,INACTIVE,True,True,0,True,True,True,True,0.0,0.0,0.0,0.0
0006JQ,1575,2020-08-27 07:51:39,INACTIVE,True,True,0,True,True,True,True,0.0,0.0,0.0,0.0
00006S,2824,2020-07-30 11:37:57,INACTIVE,True,True,0,True,True,True,True,0.0,0.0,0.0,0.0
0002UR,75,2025-11-07 03:51:40,INACTIVE,True,True,0,True,True,True,True,0.0,0.0,0.0,0.0
00030F,3394,2018-04-09 00:00:00,EXITED,2018-04-09,2018-05-08,26840,True,True,True,True,-28787.19,-23074.98,0.0,-22310.16
00022H,2607,2019-12-21 08:36:55,INACTIVE,True,True,0,True,True,True,True,0.0,0.0,0.0,0.0
00020Q,32,2025-12-10 19:41:50,INACTIVE,True,True,0,True,True,True,True,0.0,0.0,0.0,0.0
0003NE,349,2024-03-08 01:03:56,INACTIVE,True,True,0,True,True,True,True,0.0,0.0,0.0,0.0
0003EX,213,2025-01-29 09:47:05,INACTIVE,True,True,0,True,True,True,True,0.0,0.0,0.0,0.0
0005QS,2620,2018-07-23 09:28:53,INACTIVE,True,True,0,True,True,True,True,0.0,0.0,0.0,0.0
0006EV,2950,2020-06-08 06:37:17,INACTIVE,True,True,0,True,True,True,True,0.0,0.0,0.0,0.0
0000R6,750,2023-04-19 22:29:50,INACTIVE,True,True,0,True,True,True,True,0.0,0.0,0.0,0.0
0002LI,1002,2023-10-02 07:36:54,INACTIVE,True,True,0,True,True,True,True,0.0,0.0,0.0,0.0
000152,52,2025-01-23 18:24:43,ACTIVE,2025-02-18,2025-12-07,12956,30807.5800000000,30707.5800000000,0E-10,0E-10,-3515.48,2334.1,63.18,-2564.84
0007GB,256,2025-07-17 13:54:45,INACTIVE,True,True,0,True,True,True,True,0.0,0.0,0.0,0.0
0003H6,979,2019-08-30 09:02:59,ACTIVE,2022-08-30,2022-08-30,0,100.0000000000,0E-10,0E-10,0E-10,0.0,0.0,1.97,1.75
0004F4,1307,2023-07-17 00:00:00,ACTIVE,2023-07-17,2023-07-17,0,10000.0000000000,9950.0000000000,0E-10,0E-10,0.0,0.0,181.28,231.71
0006JV,1003,2023-07-25 19:43:37,INACTIVE,True,True,0,True,True,True,True,0.0,0.0,0.0,0.0
0005UN,235,2025-05-27 21:06:46,INACTIVE,True,True,0,True,True,True,True,0.0,0.0,0.0,0.0
0006WZ,123,2025-10-11 12:05:17,INACTIVE,True,True,0,True,True,True,True,0.0,0.0,0.0,0.0
0003CW,358,2024-09-18 08:12:46,INACTIVE,True,True,0,True,True,True,True,0.0,0.0,0.0,0.0
0004JG,312,2025-05-22 10:46:34,INACTIVE,True,True,0,True,True,True,True,0.0,0.0,0.0,0.0
0000QW,56,2025-11-27 00:00:00,ACTIVE,2025-11-27,2025-11-27,0,2000.0000000000,1000.0000000000,1000.0000000000,0E-10,0.0,0.0,139.51,126.96
0005ST,4,2026-01-12 08:59:33,INACTIVE,True,True,0,True,True,True,True,0.0,0.0,0.0,0.0
0001IR,3132,2019-09-19 16:31:59,INACTIVE,True,True,0,True,True,True,True,0.0,0.0,0.0,0.0
0005IR,1078,2023-03-28 00:00:00,EXITED,2023-03-28,2023-05-26,122896,True,True,True,True,-106680.83,-48974.75,0.0,-85439.32
000055,590,2023-01-12 15:22:29,INACTIVE,True,True,0,True,True,True,True,0.0,0.0,0.0,0.0
0005GQ,49,2025-11-14 12:41:11,INACTIVE,True,True,0,True,True,True,True,0.0,0.0,0.0,0.0
0001LN,3368,2019-05-08 10:31:27,INACTIVE,True,True,0,True,True,True,True,0.0,0.0,0.0,0.0
00078J,263,2025-05-27 06:19:46,INACTIVE,True,True,0,True,True,True,True,0.0,0.0,0.0,0.0
0003P5,949,2019-05-24 18:07:26,ACTIVE,2024-03-03,2024-03-03,4851,5000.0000000000,4950.0000000000,0E-10,0E-10,-6298.83,-4401.55,125.1,-8236.74
0000AA,509,2024-06-18 10:24:05,INACTIVE,True,True,0,True,True,True,True,0.0,0.0,0.0,0.0
0003S9,1820,2013-05-07 00:00:00,INACTIVE,2013-05-07,2021-01-30,1222141,True,True,True,True,-308190.81,59677.36,0.0,-125686.56
000698,3321,2019-05-15 10:40:26,INACTIVE,True,True,0,True,True,True,True,0.0,0.0,0.0,0.0
0006OU,1319,2023-03-07 20:38:20,INACTIVE,True,True,0,True,True,True,True,0.0,0.0,0.0,0.0
0003QK,3901,2013-11-12 00:00:00,INACTIVE,2013-11-13,2013-11-13,640891,True,True,True,True,0.0,0.0,0.0,0.0
00064Y,955,2021-01-14 10:53:40,INACTIVE,True,True,0,True,True,True,True,0.0,0.0,0.0,0.0
0007PO,144,2025-10-03 22:53:52,INACTIVE,True,True,0,True,True,True,True,0.0,0.0,0.0,0.0
0006VB,2018,2018-04-13 18:03:00,ACTIVE,2021-09-29,2021-09-29,0,1000.0000000000,1000.0000000000,0E-10,0E-10,0.0,0.0,30.24,13.24
00018W,36,2025-09-28 00:00:00,ACTIVE,2025-09-28,2025-12-08,0,136000.0000000000,97580.6300000000,3600.0000000000,0E-10,0.0,0.0,1507.83,1979.53
0000QO,2496,2019-07-05 10:23:34,INACTIVE,True,True,0,True,True,True,True,0.0,0.0,0.0,0.0
0003U7,361,2024-08-17 09:53:58,ACTIVE,2024-08-19,2024-08-20,0,350.2100000000,350.0000000000,0E-10,0E-10,0.0,0.0,10.24,4.51
0003I4,1252,2022-04-13 07:25:33,INACTIVE,True,True,0,True,True,True,True,0.0,0.0,0.0,0.0
000333,670,2023-04-10 07:53:39,INACTIVE,True,True,0,True,True,True,True,0.0,0.0,0.0,0.0
000242,2077,2018-01-14 23:23:27,INACTIVE,True,True,0,True,True,True,True,0.0,0.0,0.0,0.0
0006JL,4269,2017-05-09 07:55:02,INACTIVE,2017-05-11,2017-05-11,139243,True,True,True,True,4789.26,32743.81,0.0,5172.03
00048C,2058,2019-07-05 03:33:35,INACTIVE,True,True,0,True,True,True,True,0.0,0.0,0.0,0.0
00000F,1779,2022-05-03 07:51:30,INACTIVE,True,True,0,True,True,True,True,0.0,0.0,0.0,0.0
000353,1853,2020-10-30 15:32:45,INACTIVE,True,True,0,True,True,True,True,0.0,0.0,0.0,0.0
0001UW,724,2022-07-26 11:01:57,INACTIVE,True,True,0,True,True,True,True,0.0,0.0,0.0,0.0
0006H1,516,2024-05-26 10:03:54,INACTIVE,True,True,0,True,True,True,True,0.0,0.0,0.0,0.0
0001X2,1447,2020-01-09 13:33:23,INACTIVE,True,True,0,True,True,True,True,0.0,0.0,0.0,0.0
00009U,60,2025-06-11 10:03:16,ACTIVE,2025-06-16,2025-11-26,1528928,4130000.0000000000,4130991.9400000000,0E-10,0E-10,-1372515.19,33567.59,13597.31,-3546630.49
0005KB,558,2024-12-16 12:29:07,INACTIVE,True,True,0,True,True,True,True,0.0,0.0,0.0,0.0
0000QR,1687,2022-05-20 19:47:20,INACTIVE,True,True,0,True,True,True,True,0.0,0.0,0.0,0.0
0000KS,201,2025-08-11 09:05:01,INACTIVE,True,True,0,True,True,True,True,0.0,0.0,0.0,0.0
0001Q0,1331,2023-05-14 15:24:26,INACTIVE,True,True,0,True,True,True,True,0.0,0.0,0.0,0.0
0001BR,3128,2019-05-02 15:13:02,INACTIVE,True,True,0,True,True,True,True,0.0,0.0,0.0,0.0
00069N,467,2024-10-30 00:00:00,ACTIVE,2024-10-30,2024-11-04,0,11000.0000000000,11000.0000000000,0E-10,0E-10,0.0,0.0,304.35,290.15
0006YA,765,2024-04-25 14:43:33,INACTIVE,True,True,0,True,True,True,True,0.0,0.0,0.0,0.0
00057N,1355,2021-12-28 15:52:03,INACTIVE,True,True,0,True,True,True,True,0.0,0.0,0.0,0.0
0003FG,53,2025-10-15 00:00:00,ACTIVE,2025-10-15,2025-10-15,0,100.0000000000,0E-10,0E-10,0E-10,0.0,0.0,1.46,1.72
0002UL,429,2025-01-24 16:17:16,INACTIVE,True,True,0,True,True,True,True,0.0,0.0,0.0,0.0
00037X,64,2025-11-24 23:37:37,INACTIVE,True,True,0,True,True,True,True,0.0,0.0,0.0,0.0
0006C5,514,2024-02-05 10:52:41,INACTIVE,True,True,0,True,True,True,True,0.0,0.0,0.0,0.0
0001J5,4615,2017-05-08 14:27:45,INACTIVE,True,True,0,True,True,True,True,0.0,0.0,0.0,0.0
00039C,937,2021-05-26 07:24:47,INACTIVE,True,True,0,True,True,True,True,0.0,0.0,0.0,0.0
0003RK,2133,2021-04-25 20:12:37,INACTIVE,True,True,0,True,True,True,True,0.0,0.0,0.0,0.0
000208,19,2025-10-09 23:45:14,ACTIVE,2025-10-11,2026-01-02,15374,26350.0000000000,26199.8000000000,0E-10,0E-10,-5316.61,1659.34,107.76,-3354.82
00024O,8,2026-01-05 12:11:21,INACTIVE,True,True,0,True,True,True,True,0.0,0.0,0.0,0.0
0000F2,595,2024-11-20 19:04:27,INACTIVE,True,True,0,True,True,True,True,0.0,0.0,0.0,0.0
0001QL,60,2025-12-01 04:57:51,INACTIVE,True,True,0,True,True,True,True,0.0,0.0,0.0,0.0
00024D,2416,2020-09-21 10:28:33,INACTIVE,True,True,0,True,True,True,True,0.0,0.0,0.0,0.0
0002NF,487,2025-02-14 00:26:45,INACTIVE,True,True,0,True,True,True,True,0.0,0.0,0.0,0.0
0005Q9,202,2025-06-30 08:21:38,ACTIVE,2025-07-02,2025-07-24,0,204384.0000000000,204175.2600000000,100.0000000000,101824.0000000000,0.0,0.0,9948.37,5170.06
0007HY,1246,2022-08-12 08:40:47,INACTIVE,True,True,0,True,True,True,True,0.0,0.0,0.0,0.0
0006EP,199,2024-08-08 12:12:06,ACTIVE,2025-01-13,2025-07-30,43097,170652.5500000000,178344.8200000000,1100.0000000000,38950.0000000000,-15600.82,-12837.94,494.24,-14816.46
00071F,335,2013-08-30 00:00:00,ACTIVE,2013-09-02,2025-01-13,20927674,3264000.0000000000,2363949.0400000000,0E-10,0E-10,-7019590.07,-1185517.8,266.85,-7456298.38
00046S,469,2024-06-26 19:36:56,INACTIVE,True,True,0,True,True,True,True,0.0,0.0,0.0,0.0
0004ZP,572,2021-08-03 19:25:46,ACTIVE,2021-10-22,2023-05-09,1697274,811426.7300000000,811402.7300000000,0E-10,0E-10,-286396.05,593107.39,1078.45,-332709.26
0003IZ,47,2025-11-22 00:00:00,ACTIVE,2025-11-22,2025-11-22,0,2000.0000000000,990.7500000000,1000.0000000000,0E-10,0.0,0.0,215.11,157.87
000675,2437,2020-12-02 11:35:18,INACTIVE,True,True,0,True,True,True,True,0.0,0.0,0.0,0.0
0005DG,1152,2023-11-10 08:05:41,INACTIVE,True,True,0,True,True,True,True,0.0,0.0,0.0,0.0
0006VC,521,2014-01-02 00:00:00,ACTIVE,2014-01-02,2025-01-27,1774847,100000.0000000000,99950.0000000000,0E-10,0E-10,1556913.71,2058684.83,23.86,1094245.84
0007PN,483,2024-03-03 07:45:01,INACTIVE,True,True,0,True,True,True,True,0.0,0.0,0.0,0.0
0001PD,580,2024-07-23 09:49:57,INACTIVE,True,True,0,True,True,True,True,0.0,0.0,0.0,0.0
0001HD,1215,2017-08-09 21:37:36,ACTIVE,2021-04-16,2022-12-13,37584,5033.0000000000,4011.0000000000,1000.0000000000,1011.0000000000,1220.98,15336.92,10.54,1731.11
0000CK,4,2026-01-09 10:13:48,INACTIVE,True,True,0,True,True,True,True,0.0,0.0,0.0,0.0
0001UC,1616,2021-12-13 14:03:14,INACTIVE,True,True,0,True,True,True,True,0.0,0.0,0.0,0.0
000366,908,2023-02-28 18:37:49,INACTIVE,True,True,0,True,True,True,True,0.0,0.0,0.0,0.0
0000RS,788,2024-07-18 21:51:59,INACTIVE,True,True,0,True,True,True,True,0.0,0.0,0.0,0.0
0001MQ,2115,2018-05-16 00:00:00,EXITED,2018-05-16,2018-05-16,9861,True,True,True,True,-9441.2,-8842.39,0.0,-6530.05
0003RW,4048,2017-09-27 07:09:29,INACTIVE,True,True,0,True,True,True,True,0.0,0.0,0.0,0.0
0001IE,54,2025-12-07 14:51:11,INACTIVE,True,True,0,True,True,True,True,0.0,0.0,0.0,0.0
000223,1032,2023-10-03 13:53:11,INACTIVE,True,True,0,True,True,True,True,0.0,0.0,0.0,0.0
0006OP,132,2025-07-15 18:18:30,INACTIVE,True,True,0,True,True,True,True,0.0,0.0,0.0,0.0
0003DV,652,2023-09-11 07:00:26,INACTIVE,True,True,0,True,True,True,True,0.0,0.0,0.0,0.0
000550,3572,2019-05-24 17:32:07,INACTIVE,True,True,0,True,True,True,True,0.0,0.0,0.0,0.0
0006D3,376,2024-04-02 05:51:11,INACTIVE,True,True,0,True,True,True,True,0.0,0.0,0.0,0.0
0004JH,1686,2015-01-22 00:00:00,INACTIVE,2015-01-26,2018-07-24,4133994,True,True,True,True,-810154.07,-29074.4,0.0,-623528.95
0006NV,3636,2019-04-23 12:40:30,INACTIVE,True,True,0,True,True,True,True,0.0,0.0,0.0,0.0
0005EA,1673,2022-06-15 20:13:07,INACTIVE,True,True,0,True,True,True,True,0.0,0.0,0.0,0.0
0006MC,1322,2023-02-19 08:03:39,INACTIVE,True,True,0,True,True,True,True,0.0,0.0,0.0,0.0
000345,1779,2018-08-31 19:37:26,INACTIVE,True,True,0,True,True,True,True,0.0,0.0,0.0,0.0
000019,1851,2020-11-30 13:14:20,INACTIVE,True,True,0,True,True,True,True,0.0,0.0,0.0,0.0
0006SD,2546,2020-11-03 18:47:20,INACTIVE,True,True,0,True,True,True,True,0.0,0.0,0.0,0.0
0005DW,2268,2018-07-20 14:03:33,INACTIVE,True,True,0,True,True,True,True,0.0,0.0,0.0,0.0
0005JY,1435,2020-05-14 07:52:55,INACTIVE,True,True,0,True,True,True,True,0.0,0.0,0.0,0.0
00075Y,292,2024-06-22 00:00:00,ACTIVE,2024-06-22,2024-06-22,4435,5000.0000000000,4950.0000000000,0E-10,0E-10,-5326.35,-9204.69,85.49,-6715.51
0004ID,1609,2022-02-12 22:42:49,INACTIVE,True,True,0,True,True,True,True,0.0,0.0,0.0,0.0
0006OS,418,2023-07-18 14:07:09,ACTIVE,2024-08-06,2024-08-06,13841,10000.0000000000,10000.0000000000,0E-10,0E-10,-6231.71,-8195.66,227.32,-15012.51
00033V,536,2024-12-18 20:42:11,INACTIVE,True,True,0,True,True,True,True,0.0,0.0,0.0,0.0
0003TI,371,2024-09-28 14:39:11,INACTIVE,True,True,0,True,True,True,True,0.0,0.0,0.0,0.0
00070L,1420,2020-01-24 11:34:10,EXITED,2020-01-27,2020-01-27,609332,True,True,True,True,-237011.11,-31314.37,0.0,-106142.95
0007AC,835,2024-06-22 10:34:26,INACTIVE,True,True,0,True,True,True,True,0.0,0.0,0.0,0.0
0000UV,1459,2023-04-25 12:18:14,INACTIVE,True,True,0,True,True,True,True,0.0,0.0,0.0,0.0
0002OD,2419,2020-06-14 16:52:32,INACTIVE,True,True,0,True,True,True,True,0.0,0.0,0.0,0.0
0001GE,216,2025-08-17 04:11:16,INACTIVE,True,True,0,True,True,True,True,0.0,0.0,0.0,0.0
00003Q,480,2024-01-21 15:08:38,INACTIVE,True,True,0,True,True,True,True,0.0,0.0,0.0,0.0
0001B1,494,2024-08-19 00:00:00,ACTIVE,2024-08-19,2024-08-19,0,4000.0000000000,4000.0000000000,0E-10,2000.0000000000,0.0,0.0,190.82,146.31
000615,903,2022-07-13 16:17:25,INACTIVE,True,True,0,True,True,True,True,0.0,0.0,0.0,0.0
0003BB,2164,2019-12-27 13:56:10,INACTIVE,True,True,0,True,True,True,True,0.0,0.0,0.0,0.0
0003S6,567,2024-11-02 13:36:06,INACTIVE,True,True,0,True,True,True,True,0.0,0.0,0.0,0.0
0004IX,102,2025-10-31 15:01:04,INACTIVE,True,True,0,True,True,True,True,0.0,0.0,0.0,0.0
0000WL,522,2023-03-17 00:09:22,INACTIVE,True,True,0,True,True,True,True,0.0,0.0,0.0,0.0
0007HS,100,2025-09-25 12:02:24,INACTIVE,True,True,0,True,True,True,True,0.0,0.0,0.0,0.0
00005Z,291,2025-07-03 19:21:35,ACTIVE,2025-07-04,2025-07-04,0,200.0000000000,0E-10,200.0000000000,0E-10,0.0,0.0,16.65,27.61
0004HI,1286,2020-02-05 22:36:20,EXITED,2022-10-20,2022-10-22,29646,1000.0000000000,1000.0000000000,0E-10,0E-10,-24506.73,-14349.88,30.3,-16176.28
00040W,985,2022-08-27 11:24:26,INACTIVE,True,True,0,True,True,True,True,0.0,0.0,0.0,0.0
00012J,509,2024-06-21 08:43:47,INACTIVE,True,True,0,True,True,True,True,0.0,0.0,0.0,0.0
00023X,2010,2019-05-08 13:37:11,INACTIVE,True,True,0,True,True,True,True,0.0,0.0,0.0,0.0
00065G,2889,2017-09-10 10:49:20,INACTIVE,True,True,0,True,True,True,True,0.0,0.0,0.0,0.0
0001Z6,333,2025-01-27 14:57:30,INACTIVE,True,True,0,True,True,True,True,0.0,0.0,0.0,0.0
0006RJ,900,2023-08-05 15:37:14,INACTIVE,True,True,0,True,True,True,True,0.0,0.0,0.0,0.0
00046O,864,2023-08-03 13:59:28,INACTIVE,True,True,0,True,True,True,True,0.0,0.0,0.0,0.0
0001OH,970,2023-06-05 14:14:13,INACTIVE,True,True,0,True,True,True,True,0.0,0.0,0.0,0.0
0006W2,1032,2020-09-09 19:42:26,INACTIVE,True,True,0,True,True,True,True,0.0,0.0,0.0,0.0
0004SC,538,2023-05-20 06:14:17,EXITED,2023-05-21,2023-05-21,31028,True,True,True,True,-29921.2,-35856.77,0.0,-27058.54
0001NG,1052,2022-09-21 21:55:22,EXITED,2022-09-25,2022-09-25,3845,True,True,True,True,-4380.74,-5430.33,0.0,-3495.21
000400,1073,2023-04-12 21:31:18,ACTIVE,2023-06-06,2023-12-02,0,6752.1500000000,6652.5700000000,100.0000000000,3589.5700000000,0.0,0.0,30.8,45.96
00068O,59,2025-11-30 15:20:33,INACTIVE,True,True,0,True,True,True,True,0.0,0.0,0.0,0.0
0000MO,819,2022-05-13 05:59:45,INACTIVE,True,True,0,True,True,True,True,0.0,0.0,0.0,0.0
0003PP,2,2026-01-13 22:26:27,INACTIVE,True,True,0,True,True,True,True,0.0,0.0,0.0,0.0
0007NH,563,2024-08-23 00:00:00,ACTIVE,2024-08-23,2024-08-23,93086,92000.0000000000,91920.0000000000,0E-10,0E-10,-112620.02,-128620.24,2826.86,-54226.01
0002KL,1017,2023-03-15 10:02:28,INACTIVE,True,True,0,True,True,True,True,0.0,0.0,0.0,0.0
00024A,2304,2020-10-09 09:36:36,INACTIVE,True,True,0,True,True,True,True,0.0,0.0,0.0,0.0
0003W5,801,2024-07-29 21:47:03,INACTIVE,True,True,0,True,True,True,True,0.0,0.0,0.0,0.0
0002DI,818,2022-04-15 16:47:16,INACTIVE,True,True,0,True,True,True,True,0.0,0.0,0.0,0.0
000092,1925,2020-11-06 15:43:21,INACTIVE,True,True,0,True,True,True,True,0.0,0.0,0.0,0.0
0001DH,1718,2021-05-24 15:15:30,INACTIVE,True,True,0,True,True,True,True,0.0,0.0,0.0,0.0
0006B0,1239,2022-11-06 12:08:40,INACTIVE,True,True,0,True,True,True,True,0.0,0.0,0.0,0.0
0002KR,1094,2021-07-20 15:23:53,INACTIVE,True,True,0,True,True,True,True,0.0,0.0,0.0,0.0
0000Z4,2766,2019-05-22 10:10:07,INACTIVE,True,True,0,True,True,True,True,0.0,0.0,0.0,0.0
0004IJ,453,2023-10-06 00:11:10,INACTIVE,True,True,0,True,True,True,True,0.0,0.0,0.0,0.0
0003MR,3566,2018-03-05 00:00:00,EXITED,2018-03-05,2018-03-05,9762,True,True,True,True,19816.31,15677.01,0.0,19154.67
00007D,1286,2023-01-05 23:10:55,INACTIVE,True,True,0,True,True,True,True,0.0,0.0,0.0,0.0
0005ES,158,2025-07-09 09:31:09,INACTIVE,True,True,0,True,True,True,True,0.0,0.0,0.0,0.0
00007P,1065,2019-08-26 21:06:19,ACTIVE,2021-04-15,2024-01-31,513372,44800.0000000000,44800.0000000000,0E-10,0E-10,-114934.94,142463.43,35.21,-88401.43
0006KM,1608,2022-09-08 00:00:00,ACTIVE,2022-09-08,2022-09-23,0,2000.0000000000,2000.0000000000,0E-10,0E-10,0.0,0.0,58.12,35.6
0002VS,868,2023-10-03 08:14:58,INACTIVE,True,True,0,True,True,True,True,0.0,0.0,0.0,0.0
0006UT,888,2024-05-29 17:15:39,INACTIVE,True,True,0,True,True,True,True,0.0,0.0,0.0,0.0
0002K3,80,2025-11-16 08:52:32,INACTIVE,True,True,0,True,True,True,True,0.0,0.0,0.0,0.0
0000YI,1765,2018-06-20 12:23:19,INACTIVE,True,True,0,True,True,True,True,0.0,0.0,0.0,0.0
0006HY,3202,2018-01-02 00:00:00,EXITED,2018-01-02,2018-01-02,44370,True,True,True,True,1708.61,5901.64,0.0,1285.65
0001Z8,768,2024-02-04 15:49:50,INACTIVE,True,True,0,True,True,True,True,0.0,0.0,0.0,0.0
0001J2,1093,2023-06-12 13:16:28,INACTIVE,True,True,0,True,True,True,True,0.0,0.0,0.0,0.0
00050M,3926,2018-07-31 12:55:51,INACTIVE,True,True,0,True,True,True,True,0.0,0.0,0.0,0.0
0002WM,707,2024-02-02 19:16:17,INACTIVE,True,True,0,True,True,True,True,0.0,0.0,0.0,0.0
0000LX,1156,2020-07-23 18:27:58,INACTIVE,True,True,0,True,True,True,True,0.0,0.0,0.0,0.0
0006RC,1009,2023-03-22 12:34:19,INACTIVE,True,True,0,True,True,True,True,0.0,0.0,0.0,0.0
0006YM,2040,2021-09-14 14:29:53,INACTIVE,True,True,0,True,True,True,True,0.0,0.0,0.0,0.0
0002TM,31,2024-01-21 16:41:41,ACTIVE,2024-07-30,2025-12-10,8276,150401.2800000000,160504.9900000000,3235.0000000000,45000.0000000000,-199.95,3268.44,429.17,55.12
00054C,560,2023-02-17 13:34:09,INACTIVE,True,True,0,True,True,True,True,0.0,0.0,0.0,0.0
0000FP,488,2023-11-08 08:40:26,ACTIVE,2024-05-03,2024-05-18,11263,18000.0000000000,17913.7500000000,0E-10,0E-10,-8822.05,-5835.91,400.23,-14550.24
0003XA,2328,2020-08-25 16:08:19,INACTIVE,True,True,0,True,True,True,True,0.0,0.0,0.0,0.0
0001R4,1616,2018-06-28 07:24:11,INACTIVE,True,True,0,True,True,True,True,0.0,0.0,0.0,0.0
0003JD,34,2025-12-07 17:13:59,INACTIVE,True,True,0,True,True,True,True,0.0,0.0,0.0,0.0
00034M,20,2025-12-14 20:23:02,INACTIVE,True,True,0,True,True,True,True,0.0,0.0,0.0,0.0
0006BX,4,2025-01-27 00:00:00,ACTIVE,2025-01-27,2026-01-11,0,6460103.7400000000,6462155.9800000000,1600.0000000000,2748723.7800000000,0.0,0.0,24092.66,10639.58
0003V3,86,2025-07-17 23:39:27,ACTIVE,2025-07-18,2025-09-03,51750,176000.0000000000,175748.4000000000,0E-10,500.0000000000,-62232.71,8260.61,3572.34,-27111.54
00040Z,647,2023-02-18 13:32:57,INACTIVE,True,True,0,True,True,True,True,0.0,0.0,0.0,0.0
0002OW,695,2024-06-14 14:00:18,INACTIVE,True,True,0,True,True,True,True,0.0,0.0,0.0,0.0
000374,997,2021-11-22 09:13:10,EXITED,True,True,0,True,True,True,True,0.0,0.0,0.0,0.0
00072E,1528,2019-04-18 16:38:46,INACTIVE,2019-04-23,2019-08-27,4684360,True,True,True,True,-380733.61,1059643.51,0.0,-358650.5
0006ZW,51,2025-11-29 10:27:57,INACTIVE,True,True,0,True,True,True,True,0.0,0.0,0.0,0.0
0006JA,769,2022-03-02 11:43:10,INACTIVE,True,True,0,True,True,True,True,0.0,0.0,0.0,0.0
00013H,773,2022-01-26 11:13:08,INACTIVE,True,True,0,True,True,True,True,0.0,0.0,0.0,0.0
00013G,2270,2019-05-15 00:36:23,INACTIVE,True,True,0,True,True,True,True,0.0,0.0,0.0,0.0
0004A7,2162,2019-03-14 10:16:17,INACTIVE,True,True,0,True,True,True,True,0.0,0.0,0.0,0.0
000337,2,2019-11-07 23:49:13,ACTIVE,2025-05-06,2026-01-13,0,16172321.6800000000,16163061.4000000000,8000.0000000000,9194828.5400000000,0.0,0.0,100570.91,45066.05
0002MV,3344,2019-11-29 14:35:38,INACTIVE,True,True,0,True,True,True,True,0.0,0.0,0.0,0.0
0000ED,2730,2018-01-16 00:17:17,INACTIVE,True,True,0,True,True,True,True,0.0,0.0,0.0,0.0
0002LQ,4,2025-08-24 09:53:39,ACTIVE,2025-11-20,2026-01-11,0,58666.0000000000,58663.4300000000,0E-10,29166.6700000000,0.0,0.0,1631.0,887.49
00035I,3152,2019-12-17 07:51:04,INACTIVE,True,True,0,True,True,True,True,0.0,0.0,0.0,0.0
0001EL,362,2023-04-22 08:23:50,ACTIVE,2025-01-12,2025-01-12,3264,5000.0000000000,9800.0000000000,0E-10,0E-10,-9716.99,-2942.03,63.47,-4016.03
0006SC,778,2024-05-18 10:17:36,INACTIVE,True,True,0,True,True,True,True,0.0,0.0,0.0,0.0
00069Y,452,2024-11-10 01:10:19,INACTIVE,True,True,0,True,True,True,True,0.0,0.0,0.0,0.0
00055L,2436,2015-09-10 14:49:31,INACTIVE,2017-09-27,2020-03-05,217850,True,True,True,True,41499.81,223743.89,0.0,17741.7
0006BM,2329,2021-08-03 17:40:23,INACTIVE,True,True,0,True,True,True,True,0.0,0.0,0.0,0.0
0005S4,220,2024-10-28 16:21:51,ACTIVE,2024-10-29,2024-11-01,0,8090.0000000000,7890.0000000000,0E-10,0E-10,0.0,0.0,133.43,149.7
0004YO,461,2025-02-20 10:34:30,INACTIVE,True,True,0,True,True,True,True,0.0,0.0,0.0,0.0
000583,1972,2020-08-17 13:05:54,INACTIVE,True,True,0,True,True,True,True,0.0,0.0,0.0,0.0
0002YB,315,2025-04-05 15:35:41,INACTIVE,True,True,0,True,True,True,True,0.0,0.0,0.0,0.0
0004I0,1225,2022-07-06 08:57:08,INACTIVE,True,True,0,True,True,True,True,0.0,0.0,0.0,0.0
0000ZC,1068,2022-03-14 13:57:40,INACTIVE,True,True,0,True,True,True,True,0.0,0.0,0.0,0.0
0004OK,14,2025-11-21 00:00:00,ACTIVE,2025-11-21,2025-12-22,0,6000.0000000000,4010.7500000000,0E-10,1000.0000000000,0.0,0.0,141.74,175.2
00076G,3619,2019-03-09 22:01:32,INACTIVE,True,True,0,True,True,True,True,0.0,0.0,0.0,0.0
00017I,3185,2018-04-13 00:30:00,INACTIVE,True,True,0,True,True,True,True,0.0,0.0,0.0,0.0
0004RZ,113,2021-12-30 07:18:22,ACTIVE,2025-05-22,2025-10-25,164743,321500.0000000000,320274.1000000000,1000.0000000000,0E-10,-68626.5,22746.04,1715.3,-65272.22
00074F,32,2025-12-01 21:55:04,ACTIVE,2025-12-05,2025-12-05,0,2000.0000000000,999.7500000000,1000.0000000000,0E-10,0.0,0.0,116.55,133.81
0005JN,665,2023-09-13 16:15:04,INACTIVE,True,True,0,True,True,True,True,0.0,0.0,0.0,0.0
0006RG,521,2024-05-02 23:26:21,INACTIVE,True,True,0,True,True,True,True,0.0,0.0,0.0,0.0
0004YT,437,2024-05-27 12:23:00,INACTIVE,True,True,0,True,True,True,True,0.0,0.0,0.0,0.0
00051C,763,2023-12-12 17:13:04,INACTIVE,True,True,0,True,True,True,True,0.0,0.0,0.0,0.0
00000R,109,2025-10-31 02:40:37,INACTIVE,True,True,0,True,True,True,True,0.0,0.0,0.0,0.0
000639,886,2024-04-11 21:10:56,INACTIVE,True,True,0,True,True,True,True,0.0,0.0,0.0,0.0
0001PK,1006,2023-04-10 16:25:12,INACTIVE,True,True,0,True,True,True,True,0.0,0.0,0.0,0.0
00073Z,1178,2022-03-29 13:46:20,INACTIVE,True,True,0,True,True,True,True,0.0,0.0,0.0,0.0
0000S1,2582,2019-09-06 22:19:55,INACTIVE,True,True,0,True,True,True,True,0.0,0.0,0.0,0.0
000185,1347,2022-09-22 13:10:07,INACTIVE,True,True,0,True,True,True,True,0.0,0.0,0.0,0.0
000751,1705,2022-02-05 08:26:54,INACTIVE,True,True,0,True,True,True,True,0.0,0.0,0.0,0.0
000703,3272,2017-05-22 00:00:00,INACTIVE,2017-05-22,2017-05-22,33788,True,True,True,True,-6960.75,3000.11,0.0,-6439.97
0006HO,694,2022-06-08 11:58:37,INACTIVE,True,True,0,True,True,True,True,0.0,0.0,0.0,0.0
0000GV,1680,2018-01-21 10:55:31,INACTIVE,True,True,0,True,True,True,True,0.0,0.0,0.0,0.0
0002TL,1344,2023-07-18 17:22:10,INACTIVE,True,True,0,True,True,True,True,0.0,0.0,0.0,0.0
00007C,1451,2022-11-08 19:39:16,INACTIVE,True,True,0,True,True,True,True,0.0,0.0,0.0,0.0
0000T1,4536,2017-06-15 09:38:37,INACTIVE,2017-06-19,2017-06-19,353682,True,True,True,True,70853.1,130824.75,0.0,44407.68
000609,2215,2018-10-26 12:44:34,INACTIVE,True,True,0,True,True,True,True,0.0,0.0,0.0,0.0
0002QH,1794,2021-04-18 04:54:52,INACTIVE,True,True,0,True,True,True,True,0.0,0.0,0.0,0.0
00065B,1029,2022-08-12 14:14:53,INACTIVE,True,True,0,True,True,True,True,0.0,0.0,0.0,0.0
0002PL,1668,2022-10-19 09:03:10,INACTIVE,True,True,0,True,True,True,True,0.0,0.0,0.0,0.0
0006NO,343,2024-11-05 11:42:42,INACTIVE,True,True,0,True,True,True,True,0.0,0.0,0.0,0.0
0000C7,1491,2022-08-15 10:16:50,INACTIVE,True,True,0,True,True,True,True,0.0,0.0,0.0,0.0
0000RL,1950,2018-02-18 09:00:09,INACTIVE,True,True,0,True,True,True,True,0.0,0.0,0.0,0.0
0006JO,254,2024-11-22 06:47:41,INACTIVE,True,True,0,True,True,True,True,0.0,0.0,0.0,0.0
0003JO,1030,2021-09-27 14:31:48,INACTIVE,True,True,0,True,True,True,True,0.0,0.0,0.0,0.0
0002SL,938,2023-07-19 00:53:54,INACTIVE,True,True,0,True,True,True,True,0.0,0.0,0.0,0.0
0001V4,3177,2019-07-28 05:34:28,INACTIVE,True,True,0,True,True,True,True,0.0,0.0,0.0,0.0
0002Z0,22,2025-12-31 11:50:25,INACTIVE,True,True,0,True,True,True,True,0.0,0.0,0.0,0.0
0000G5,2925,2018-11-28 20:54:48,INACTIVE,True,True,0,True,True,True,True,0.0,0.0,0.0,0.0
0000SM,2457,2019-07-14 09:04:11,INACTIVE,True,True,0,True,True,True,True,0.0,0.0,0.0,0.0
000760,1069,2023-10-07 07:59:28,INACTIVE,True,True,0,True,True,True,True,0.0,0.0,0.0,0.0
00051H,1552,2018-07-03 00:00:00,EXITED,2018-07-03,2018-07-03,14135,True,True,True,True,-14581.95,-5768.26,0.0,-6839.67
0006R1,151,2025-09-13 12:20:32,ACTIVE,2025-09-15,2025-09-22,0,24950.0000000000,24269.0000000000,4824.7500000000,0E-10,0.0,0.0,1253.79,1348.7
0005A0,1636,2022-06-25 15:18:25,INACTIVE,True,True,0,True,True,True,True,0.0,0.0,0.0,0.0
0007F8,336,2025-02-23 11:40:01,INACTIVE,True,True,0,True,True,True,True,0.0,0.0,0.0,0.0
00047Y,25,2025-11-29 13:42:48,INACTIVE,True,True,0,True,True,True,True,0.0,0.0,0.0,0.0
00017C,1937,2018-06-28 10:56:23,INACTIVE,True,True,0,True,True,True,True,0.0,0.0,0.0,0.0
00009Y,2139,2019-04-22 09:54:35,INACTIVE,True,True,0,True,True,True,True,0.0,0.0,0.0,0.0
0001RX,1621,2022-12-17 15:14:50,INACTIVE,True,True,0,True,True,True,True,0.0,0.0,0.0,0.0
0006XF,2163,2020-11-02 19:55:07,INACTIVE,True,True,0,True,True,True,True,0.0,0.0,0.0,0.0
0002CN,325,2025-02-27 14:06:57,INACTIVE,True,True,0,True,True,True,True,0.0,0.0,0.0,0.0
0001I3,1800,2021-01-20 22:53:44,INACTIVE,True,True,0,True,True,True,True,0.0,0.0,0.0,0.0
0006JG,2208,2021-04-26 18:19:50,INACTIVE,True,True,0,True,True,True,True,0.0,0.0,0.0,0.0
0000TA,977,2022-10-17 21:39:52,INACTIVE,True,True,0,True,True,True,True,0.0,0.0,0.0,0.0
0000N4,482,2023-10-27 15:37:41,INACTIVE,True,True,0,True,True,True,True,0.0,0.0,0.0,0.0
0002W5,145,2025-09-14 08:24:40,INACTIVE,True,True,0,True,True,True,True,0.0,0.0,0.0,0.0
0001Y7,1122,2022-05-02 15:10:00,INACTIVE,True,True,0,True,True,True,True,0.0,0.0,0.0,0.0
0005PF,1796,2020-01-31 15:37:15,INACTIVE,True,True,0,True,True,True,True,0.0,0.0,0.0,0.0
0005AL,1619,2016-06-15 00:00:00,INACTIVE,2016-06-15,2021-05-25,0,0E-10,0E-10,0E-10,0E-10,0.0,0.0,0.0,0.0
0007L9,1815,2019-05-08 11:31:08,INACTIVE,True,True,0,True,True,True,True,0.0,0.0,0.0,0.0
00057B,597,2024-11-21 07:39:14,INACTIVE,True,True,0,True,True,True,True,0.0,0.0,0.0,0.0
0000G6,1696,2022-08-05 09:24:11,INACTIVE,True,True,0,True,True,True,True,0.0,0.0,0.0,0.0
0001MW,3735,2019-03-08 01:07:18,INACTIVE,True,True,0,True,True,True,True,0.0,0.0,0.0,0.0
0005R1,2292,2021-10-03 11:52:31,INACTIVE,True,True,0,True,True,True,True,0.0,0.0,0.0,0.0
0002NZ,50,2025-11-15 14:04:32,INACTIVE,True,True,0,True,True,True,True,0.0,0.0,0.0,0.0
00020J,445,2024-08-28 18:38:38,INACTIVE,True,True,0,True,True,True,True,0.0,0.0,0.0,0.0
0002US,2334,2020-09-15 15:13:21,INACTIVE,True,True,0,True,True,True,True,0.0,0.0,0.0,0.0
0000F9,1398,2018-08-15 10:15:43,INACTIVE,True,True,0,True,True,True,True,0.0,0.0,0.0,0.0
0004PP,1501,2023-04-16 17:21:39,INACTIVE,True,True,0,True,True,True,True,0.0,0.0,0.0,0.0
00004J,823,2021-08-17 19:24:00,INACTIVE,True,True,0,True,True,True,True,0.0,0.0,0.0,0.0
0006AX,1688,2021-07-24 11:01:52,INACTIVE,True,True,0,True,True,True,True,0.0,0.0,0.0,0.0
0006NK,124,2025-10-01 07:17:55,INACTIVE,True,True,0,True,True,True,True,0.0,0.0,0.0,0.0
0000V4,124,2025-10-19 10:33:50,INACTIVE,True,True,0,True,True,True,True,0.0,0.0,0.0,0.0
0000VU,1184,2023-03-17 07:31:46,INACTIVE,True,True,0,True,True,True,True,0.0,0.0,0.0,0.0
0001DD,3306,2017-10-15 07:36:21,INACTIVE,True,True,0,True,True,True,True,0.0,0.0,0.0,0.0
0003NC,41,2025-10-24 08:35:20,ACTIVE,2025-11-25,2025-11-25,5776,6000.0000000000,5951.3800000000,0E-10,0E-10,-10737.25,-8477.05,117.39,-10284.73
0006WG,2327,2020-03-14 05:56:16,INACTIVE,True,True,0,True,True,True,True,0.0,0.0,0.0,0.0
00021S,1441,2022-11-19 00:20:07,INACTIVE,True,True,0,True,True,True,True,0.0,0.0,0.0,0.0
0005SE,739,2024-01-18 17:11:23,INACTIVE,True,True,0,True,True,True,True,0.0,0.0,0.0,0.0
00038N,1120,2023-08-24 23:10:28,INACTIVE,True,True,0,True,True,True,True,0.0,0.0,0.0,0.0
00058S,632,2023-01-01 19:49:01,INACTIVE,True,True,0,True,True,True,True,0.0,0.0,0.0,0.0
0006O0,1581,2020-11-09 09:46:04,INACTIVE,True,True,0,True,True,True,True,0.0,0.0,0.0,0.0
0005XN,2036,2022-03-22 14:52:39,INACTIVE,True,True,0,True,True,True,True,0.0,0.0,0.0,0.0
0007GR,814,2023-05-03 00:00:00,EXITED,2023-05-03,2023-05-03,14557,True,True,True,True,-10782.55,-11760.6,0.0,-20342.82
0000BY,24,2025-10-28 00:00:00,ACTIVE,2025-10-28,2025-12-25,0,44700.0000000000,40512.8900000000,4000.0000000000,1000.0000000000,0.0,0.0,385.31,931.19
00048K,2020,2020-08-13 13:21:41,INACTIVE,True,True,0,True,True,True,True,0.0,0.0,0.0,0.0
00007A,2102,2022-01-12 21:45:35,ACTIVE,2022-01-13,2022-01-13,0,20.0000000000,0E-10,0E-10,0E-10,0.0,0.0,0.46,0.23
00005D,1231,2020-12-15 20:40:30,INACTIVE,True,True,0,True,True,True,True,0.0,0.0,0.0,0.0
0001NC,827,2023-03-17 12:02:52,INACTIVE,True,True,0,True,True,True,True,0.0,0.0,0.0,0.0
0003E6,3185,2019-08-22 07:33:39,INACTIVE,True,True,0,True,True,True,True,0.0,0.0,0.0,0.0
0003XC,1374,2022-10-25 08:04:49,INACTIVE,True,True,0,True,True,True,True,0.0,0.0,0.0,0.0
00021V,1292,2022-08-25 23:47:44,INACTIVE,True,True,0,True,True,True,True,0.0,0.0,0.0,0.0
00040D,2220,2019-04-01 12:46:17,INACTIVE,True,True,0,True,True,True,True,0.0,0.0,0.0,0.0
0003HH,512,2024-07-02 20:45:29,INACTIVE,True,True,0,True,True,True,True,0.0,0.0,0.0,0.0
0005Y3,3328,2019-09-10 09:35:29,INACTIVE,True,True,0,True,True,True,True,0.0,0.0,0.0,0.0
0004G1,1991,2021-05-21 09:40:16,INACTIVE,True,True,0,True,True,True,True,0.0,0.0,0.0,0.0
0002H6,3457,2019-06-02 13:41:41,INACTIVE,True,True,0,True,True,True,True,0.0,0.0,0.0,0.0
00015X,124,2025-10-23 11:22:17,INACTIVE,True,True,0,True,True,True,True,0.0,0.0,0.0,0.0
0000U3,2450,2019-08-20 18:18:05,INACTIVE,True,True,0,True,True,True,True,0.0,0.0,0.0,0.0
0004FO,706,2024-04-19 15:18:36,INACTIVE,True,True,0,True,True,True,True,0.0,0.0,0.0,0.0
0006SX,3172,2018-06-13 00:00:00,EXITED,2018-06-13,2018-07-13,17578,True,True,True,True,-9636.79,-4023.26,0.0,-4652.3
00065V,2933,2020-01-17 15:17:47,INACTIVE,True,True,0,True,True,True,True,0.0,0.0,0.0,0.0
0002PA,846,2024-01-16 11:36:46,INACTIVE,True,True,0,True,True,True,True,0.0,0.0,0.0,0.0
00003F,827,2022-05-10 15:20:34,INACTIVE,True,True,0,True,True,True,True,0.0,0.0,0.0,0.0
0004V4,1891,2022-06-14 20:24:35,INACTIVE,True,True,0,True,True,True,True,0.0,0.0,0.0,0.0
00072V,1460,2022-08-06 07:38:23,INACTIVE,True,True,0,True,True,True,True,0.0,0.0,0.0,0.0
0004GT,78,2025-01-06 10:04:42,ACTIVE,2025-01-13,2025-11-19,17988,1936583.4600000000,1947610.8100000000,1000.0000000000,0E-10,-21265.34,-9946.7,5596.89,-20548.4
0003YC,112,2025-09-16 16:08:46,INACTIVE,True,True,0,True,True,True,True,0.0,0.0,0.0,0.0
0003Y7,2356,2019-06-04 20:21:18,INACTIVE,True,True,0,True,True,True,True,0.0,0.0,0.0,0.0
0006SN,673,2023-01-09 11:59:06,ACTIVE,2023-11-14,2024-06-28,55889,93095.0000000000,93038.8700000000,0E-10,0E-10,-18795.63,-11563.83,311.84,-19545.99
0001GI,1196,2023-06-23 19:41:30,INACTIVE,True,True,0,True,True,True,True,0.0,0.0,0.0,0.0
00010A,36,2025-09-12 00:00:00,ACTIVE,2025-09-12,2025-11-13,47896,163850.0000000000,163522.2600000000,0E-10,0E-10,-44228.77,-9333.21,1164.65,-73105.12
00069P,505,2024-07-07 12:20:35,INACTIVE,True,True,0,True,True,True,True,0.0,0.0,0.0,0.0
0000WA,1495,2022-10-26 08:58:18,INACTIVE,True,True,0,True,True,True,True,0.0,0.0,0.0,0.0
000595,197,2025-09-05 00:01:35,INACTIVE,True,True,0,True,True,True,True,0.0,0.0,0.0,0.0
0002J9,620,2022-09-22 00:06:07,INACTIVE,True,True,0,True,True,True,True,0.0,0.0,0.0,0.0
0007KK,755,2023-05-04 15:26:59,INACTIVE,True,True,0,True,True,True,True,0.0,0.0,0.0,0.0
00073B,432,2024-10-24 09:06:19,INACTIVE,True,True,0,True,True,True,True,0.0,0.0,0.0,0.0
0001L6,55,2025-10-31 23:29:32,INACTIVE,True,True,0,True,True,True,True,0.0,0.0,0.0,0.0
0005CQ,657,2022-08-18 13:49:44,INACTIVE,True,True,0,True,True,True,True,0.0,0.0,0.0,0.0
0007GH,283,2025-04-18 12:27:56,INACTIVE,True,True,0,True,True,True,True,0.0,0.0,0.0,0.0
0007LZ,2467,2020-03-01 19:39:27,INACTIVE,True,True,0,True,True,True,True,0.0,0.0,0.0,0.0
0002T9,486,2024-08-03 05:58:21,INACTIVE,True,True,0,True,True,True,True,0.0,0.0,0.0,0.0
00037O,1386,2021-09-05 14:41:43,INACTIVE,True,True,0,True,True,True,True,0.0,0.0,0.0,0.0
0000H2,2092,2022-03-09 09:02:30,INACTIVE,True,True,0,True,True,True,True,0.0,0.0,0.0,0.0
00058V,797,2023-09-09 00:00:00,ACTIVE,2023-09-09,2023-10-23,25499,139400.0000000000,134900.0000000000,3800.0000000000,0E-10,-38208.31,-27452.47,2351.12,-15358.06
00043H,3633,2018-05-18 08:00:01,INACTIVE,True,True,0,True,True,True,True,0.0,0.0,0.0,0.0
0006BF,2032,2018-12-22 12:10:25,INACTIVE,True,True,0,True,True,True,True,0.0,0.0,0.0,0.0
0005NC,1602,2022-09-28 20:12:10,ACTIVE,2022-09-29,2022-09-29,0,200.0000000000,0E-10,200.0000000000,0E-10,0.0,0.0,21.96,14.79
00065H,2236,2021-06-01 07:55:07,BLACKLISTED,True,True,0,True,True,True,True,0.0,0.0,0.0,0.0
0005AA,435,2024-06-27 08:09:11,INACTIVE,True,True,0,True,True,True,True,0.0,0.0,0.0,0.0
0001LE,1224,2023-02-21 16:16:13,INACTIVE,True,True,0,True,True,True,True,0.0,0.0,0.0,0.0
000642,96,2025-10-26 06:29:23,INACTIVE,True,True,0,True,True,True,True,0.0,0.0,0.0,0.0
0002OR,1552,2021-07-14 14:49:42,INACTIVE,True,True,0,True,True,True,True,0.0,0.0,0.0,0.0
000526,1322,2023-03-14 20:14:20,INACTIVE,True,True,0,True,True,True,True,0.0,0.0,0.0,0.0
0004YK,69,2025-10-21 18:23:32,INACTIVE,True,True,0,True,True,True,True,0.0,0.0,0.0,0.0
0005QI,436,2024-10-29 06:19:51,INACTIVE,True,True,0,True,True,True,True,0.0,0.0,0.0,0.0
00015L,2602,2021-04-05 15:20:02,INACTIVE,True,True,0,True,True,True,True,0.0,0.0,0.0,0.0
0003CS,63,2025-10-14 12:19:59,INACTIVE,True,True,0,True,True,True,True,0.0,0.0,0.0,0.0
0004L2,368,2024-06-26 08:52:11,INACTIVE,True,True,0,True,True,True,True,0.0,0.0,0.0,0.0
00000J,200,2025-03-09 18:33:23,INACTIVE,True,True,0,True,True,True,True,0.0,0.0,0.0,0.0
0001HH,1810,2022-09-25 07:32:15,INACTIVE,True,True,0,True,True,True,True,0.0,0.0,0.0,0.0
0005F1,216,2025-02-21 15:07:58,INACTIVE,True,True,0,True,True,True,True,0.0,0.0,0.0,0.0
0001X9,1249,2021-01-31 11:43:32,INACTIVE,True,True,0,True,True,True,True,0.0,0.0,0.0,0.0
000110,92,2025-10-30 15:21:47,INACTIVE,True,True,0,True,True,True,True,0.0,0.0,0.0,0.0
00066S,2955,2019-08-14 12:05:06,INACTIVE,True,True,0,True,True,True,True,0.0,0.0,0.0,0.0
000616,937,2023-07-18 17:09:32,INACTIVE,True,True,0,True,True,True,True,0.0,0.0,0.0,0.0
0005FS,2469,2021-06-25 16:34:20,INACTIVE,True,True,0,True,True,True,True,0.0,0.0,0.0,0.0
0006O5,69,2025-09-09 09:23:26,INACTIVE,True,True,0,True,True,True,True,0.0,0.0,0.0,0.0
0005AQ,3212,2018-03-12 00:00:00,INACTIVE,2018-03-12,2018-03-12,9660,True,True,True,True,1709.71,3848.56,0.0,1644.18
00026V,106,2025-10-04 12:09:13,ACTIVE,2025-10-08,2025-10-11,7805,15200.0000000000,15198.8800000000,0E-10,0E-10,-17729.02,-13408.42,423.66,-27117.05
00039V,973,2022-10-18 10:15:08,INACTIVE,True,True,0,True,True,True,True,0.0,0.0,0.0,0.0
0007G2,3480,2019-03-26 18:43:38,INACTIVE,True,True,0,True,True,True,True,0.0,0.0,0.0,0.0
0003GE,3077,2018-01-15 09:00:22,INACTIVE,True,True,0,True,True,True,True,0.0,0.0,0.0,0.0
0005B2,1043,2022-03-20 06:59:20,INACTIVE,True,True,0,True,True,True,True,0.0,0.0,0.0,0.0
0001VO,545,2023-07-03 14:01:51,INACTIVE,True,True,0,True,True,True,True,0.0,0.0,0.0,0.0
0003MI,140,2025-05-30 01:43:14,INACTIVE,True,True,0,True,True,True,True,0.0,0.0,0.0,0.0
0005CC,2668,2020-10-24 12:13:36,INACTIVE,True,True,0,True,True,True,True,0.0,0.0,0.0,0.0
0005N7,999,2022-05-25 16:35:13,INACTIVE,True,True,0,True,True,True,True,0.0,0.0,0.0,0.0
0004R6,908,2024-04-10 01:17:26,INACTIVE,True,True,0,True,True,True,True,0.0,0.0,0.0,0.0
000195,1444,2019-09-01 15:38:09,INACTIVE,True,True,0,True,True,True,True,0.0,0.0,0.0,0.0
0003AL,721,2024-09-16 14:04:04,INACTIVE,True,True,0,True,True,True,True,0.0,0.0,0.0,0.0
0004NH,264,2025-07-01 23:41:05,INACTIVE,True,True,0,True,True,True,True,0.0,0.0,0.0,0.0
000365,151,2025-05-15 19:02:44,INACTIVE,True,True,0,True,True,True,True,0.0,0.0,0.0,0.0
0006HC,1717,2018-01-07 08:14:49,INACTIVE,True,True,0,True,True,True,True,0.0,0.0,0.0,0.0
0000O4,89,2025-11-08 00:00:00,ACTIVE,2025-11-08,2025-11-08,3474,5000.0000000000,4914.5000000000,0E-10,0E-10,-6431.28,-8532.66,151.27,-6141.23
00003K,116,2025-04-09 16:10:33,ACTIVE,2025-04-10,2025-06-29,15913,39400.0000000000,39398.7200000000,0E-10,0E-10,-15136.19,-8440.74,375.91,-25502.18
0006ZR,793,2023-03-11 15:17:03,INACTIVE,True,True,0,True,True,True,True,0.0,0.0,0.0,0.0
0003WL,3247,2019-03-18 13:42:48,INACTIVE,True,True,0,True,True,True,True,0.0,0.0,0.0,0.0
0002E2,215,2025-08-15 21:38:40,INACTIVE,True,True,0,True,True,True,True,0.0,0.0,0.0,0.0
0000HH,68,2025-11-22 20:21:43,INACTIVE,True,True,0,True,True,True,True,0.0,0.0,0.0,0.0
0001DU,1369,2023-05-06 20:55:26,INACTIVE,True,True,0,True,True,True,True,0.0,0.0,0.0,0.0
00013B,322,2025-03-17 09:50:05,INACTIVE,True,True,0,True,True,True,True,0.0,0.0,0.0,0.0
0003PI,2074,2021-08-08 16:00:45,INACTIVE,True,True,0,True,True,True,True,0.0,0.0,0.0,0.0
0002BI,1135,2022-05-12 15:12:09,INACTIVE,True,True,0,True,True,True,True,0.0,0.0,0.0,0.0
00041E,3520,2016-09-22 12:05:30,INACTIVE,2016-09-23,2018-07-17,2829827,True,True,True,True,-346325.64,999408.22,0.0,-363697.52
0003WF,931,2023-11-18 06:34:57,INACTIVE,True,True,0,True,True,True,True,0.0,0.0,0.0,0.0
0005HV,792,2017-11-13 12:38:08,ACTIVE,2023-06-02,2024-01-09,182689,241700.0000000000,240100.2900000000,100.0000000000,0E-10,-105914.15,-14146.92,628.72,-124957.65
0002D7,2428,2021-08-02 11:21:15,INACTIVE,True,True,0,True,True,True,True,0.0,0.0,0.0,0.0
00004G,4,2025-08-16 00:00:00,ACTIVE,2025-08-16,2026-01-11,187145,192700.0000000000,192205.7000000000,0E-10,0E-10,-171735.96,-80708.42,627.8,-95450.12
0006O2,1458,2022-06-22 09:49:14,INACTIVE,True,True,0,True,True,True,True,0.0,0.0,0.0,0.0
0001GT,320,2024-03-21 12:35:33,ACTIVE,2024-03-26,2025-03-04,7134222,266070.7200000000,266020.7200000000,0E-10,0E-10,918125.93,5105783.79,320.95,924116.96
00020L,102,2022-06-20 18:43:02,ACTIVE,2025-03-27,2025-09-03,34694,90000.0000000000,89337.5000000000,0E-10,0E-10,-63040.29,-6731.81,266.06,-26807.0
0005OA,2302,2018-06-14 00:00:00,EXITED,2018-06-14,2018-06-14,13577,True,True,True,True,562.69,2222.72,0.0,1129.38
0003N1,2514,2021-05-21 07:37:32,INACTIVE,True,True,0,True,True,True,True,0.0,0.0,0.0,0.0
0005E1,93,2025-10-03 05:09:22,INACTIVE,True,True,0,True,True,True,True,0.0,0.0,0.0,0.0
0003VE,2690,2019-10-18 20:35:59,INACTIVE,True,True,0,True,True,True,True,0.0,0.0,0.0,0.0
00004M,934,2023-01-19 11:00:51,ACTIVE,2023-01-26,2023-08-24,1183763,53532.8600000000,53500.0000000000,0E-10,0E-10,477708.73,531703.35,205.62,413365.84
00002G,2296,2018-09-24 15:23:21,EXITED,2018-09-25,2021-07-08,959427,True,True,True,True,136265.26,327812.27,0.0,83226.36
0000ZY,796,2024-04-22 13:11:48,INACTIVE,True,True,0,True,True,True,True,0.0,0.0,0.0,0.0
0001F5,1313,2019-11-06 12:32:41,BLACKLISTED,True,True,0,True,True,True,True,0.0,0.0,0.0,0.0
0001K5,103,2025-09-17 23:46:10,INACTIVE,True,True,0,True,True,True,True,0.0,0.0,0.0,0.0
00077N,925,2023-12-14 04:38:31,INACTIVE,True,True,0,True,True,True,True,0.0,0.0,0.0,0.0
00056O,197,2025-03-23 15:56:58,INACTIVE,True,True,0,True,True,True,True,0.0,0.0,0.0,0.0
0005WA,978,2023-05-16 08:35:08,INACTIVE,True,True,0,True,True,True,True,0.0,0.0,0.0,0.0
00025K,645,2023-11-18 09:34:21,INACTIVE,True,True,0,True,True,True,True,0.0,0.0,0.0,0.0
0004LI,1062,2020-11-22 21:37:06,INACTIVE,True,True,0,True,True,True,True,0.0,0.0,0.0,0.0
00065O,524,2025-01-30 08:13:08,INACTIVE,True,True,0,True,True,True,True,0.0,0.0,0.0,0.0
0003HY,3428,2019-06-23 01:22:08,INACTIVE,True,True,0,True,True,True,True,0.0,0.0,0.0,0.0
0004RE,2418,2020-09-25 00:31:59,INACTIVE,True,True,0,True,True,True,True,0.0,0.0,0.0,0.0
0006CV,958,2022-04-20 22:09:48,INACTIVE,True,True,0,True,True,True,True,0.0,0.0,0.0,0.0
0004EJ,33,2022-01-12 15:18:51,ACTIVE,2025-12-24,2025-12-24,12360,9600.0000000000,9526.0800000000,0E-10,0E-10,-9173.15,-5545.84,135.23,-10922.4
0003HM,4012,2016-04-26 14:29:06,INACTIVE,2016-04-29,2016-04-29,271527,True,True,True,True,-193277.81,-177019.48,0.0,-306179.42
00004C,311,2025-06-17 07:56:25,INACTIVE,True,True,0,True,True,True,True,0.0,0.0,0.0,0.0
0004H9,149,2025-04-15 06:29:38,INACTIVE,True,True,0,True,True,True,True,0.0,0.0,0.0,0.0
00022C,665,2023-05-04 00:00:00,EXITED,2023-05-04,2023-05-04,200386,True,True,True,True,-254988.55,-138502.74,0.0,-124201.79
00061I,1669,2022-02-27 05:05:15,INACTIVE,True,True,0,True,True,True,True,0.0,0.0,0.0,0.0
0005OF,3843,2018-07-25 22:24:21,INACTIVE,True,True,0,True,True,True,True,0.0,0.0,0.0,0.0
0001TG,739,2023-01-18 16:42:44,INACTIVE,True,True,0,True,True,True,True,0.0,0.0,0.0,0.0
0002DL,494,2024-05-20 15:49:15,INACTIVE,True,True,0,True,True,True,True,0.0,0.0,0.0,0.0
0001SQ,1058,2023-05-19 12:50:50,INACTIVE,True,True,0,True,True,True,True,0.0,0.0,0.0,0.0
0004MA,3467,2019-09-17 13:08:41,INACTIVE,True,True,0,True,True,True,True,0.0,0.0,0.0,0.0
000009,1717,2022-06-04 17:45:27,INACTIVE,True,True,0,True,True,True,True,0.0,0.0,0.0,0.0
0001IB,3056,2020-02-29 07:02:56,INACTIVE,True,True,0,True,True,True,True,0.0,0.0,0.0,0.0
0002J0,4903,2014-08-11 00:00:00,INACTIVE,2014-08-13,2014-08-13,123748,True,True,True,True,0.0,0.0,0.0,0.0
0003B5,3084,2019-11-29 20:27:34,INACTIVE,True,True,0,True,True,True,True,0.0,0.0,0.0,0.0
0003BN,367,2025-01-16 10:40:07,INACTIVE,True,True,0,True,True,True,True,0.0,0.0,0.0,0.0
0006TH,1594,2019-01-18 14:22:34,INACTIVE,True,True,0,True,True,True,True,0.0,0.0,0.0,0.0
000263,1470,2022-09-18 15:10:41,INACTIVE,True,True,0,True,True,True,True,0.0,0.0,0.0,0.0
00056X,36,2025-12-13 15:47:08,INACTIVE,True,True,0,True,True,True,True,0.0,0.0,0.0,0.0
0002FW,1341,2022-04-18 10:16:27,INACTIVE,2022-04-25,2022-04-25,74828,True,True,True,True,50079.74,116634.58,0.0,65164.85
0000SB,221,2025-04-05 13:41:36,INACTIVE,True,True,0,True,True,True,True,0.0,0.0,0.0,0.0
0004C4,1035,2019-02-21 15:35:40,ACTIVE,2023-09-11,2023-11-01,88908,8950.0000000000,8950.0000000000,0E-10,0E-10,-26592.2,-32045.56,60.9,-36872.27
0005DX,110,2025-10-24 13:09:26,INACTIVE,True,True,0,True,True,True,True,0.0,0.0,0.0,0.0
00025G,1,2024-10-15 20:01:25,ACTIVE,2025-04-23,2026-01-14,27710,871600.0000000000,979311.5400000000,8400.0000000000,0E-10,-25765.94,14502.72,3281.83,-18287.13
0006TW,4230,2017-12-05 23:16:39,INACTIVE,True,True,0,True,True,True,True,0.0,0.0,0.0,0.0
00028U,483,2024-07-05 00:00:00,ACTIVE,2024-07-05,2024-07-09,0,940.0000000000,900.0000000000,0E-10,0E-10,0.0,0.0,12.94,16.04
00043U,1612,2018-10-11 17:46:14,INACTIVE,True,True,0,True,True,True,True,0.0,0.0,0.0,0.0
0005S1,1439,2020-02-17 15:20:10,INACTIVE,True,True,0,True,True,True,True,0.0,0.0,0.0,0.0
0002RM,2960,2017-11-22 00:00:00,EXITED,2017-11-22,2017-11-22,11920,True,True,True,True,-10075.48,-5984.14,0.0,-8014.35
0004SP,1348,2019-09-04 18:10:03,INACTIVE,True,True,0,True,True,True,True,0.0,0.0,0.0,0.0
0002BD,2102,2021-04-26 09:08:50,INACTIVE,True,True,0,True,True,True,True,0.0,0.0,0.0,0.0
00012I,501,2024-09-25 00:00:00,ACTIVE,2024-09-25,2024-12-24,43188,74530.0000000000,93320.3800000000,1000.0000000000,0E-10,12548.31,20927.95,545.76,18529.83
0002J7,108,2025-10-04 12:13:48,INACTIVE,True,True,0,True,True,True,True,0.0,0.0,0.0,0.0
00006G,3056,2020-01-14 07:31:46,INACTIVE,True,True,0,True,True,True,True,0.0,0.0,0.0,0.0
0003NI,1278,2023-08-20 10:26:10,INACTIVE,True,True,0,True,True,True,True,0.0,0.0,0.0,0.0
00063L,760,2023-10-15 00:00:00,ACTIVE,2023-10-15,2023-11-05,33992,61198.0000000000,60943.3800000000,200.0000000000,0E-10,1793.94,8204.05,1072.69,3616.07
0005CY,698,2022-10-19 10:36:19,INACTIVE,True,True,0,True,True,True,True,0.0,0.0,0.0,0.0
0001GG,1175,2021-08-22 13:08:30,INACTIVE,True,True,0,True,True,True,True,0.0,0.0,0.0,0.0
00007W,5368,2013-05-03 00:00:00,INACTIVE,2013-05-06,2013-05-06,402715,True,True,True,True,-15815.91,13190.14,0.0,-10701.53
0006NA,284,2025-03-08 14:54:11,INACTIVE,True,True,0,True,True,True,True,0.0,0.0,0.0,0.0
0006LS,2715,2019-10-08 11:14:25,INACTIVE,True,True,0,True,True,True,True,0.0,0.0,0.0,0.0
0002PG,1041,2023-08-07 12:47:28,INACTIVE,True,True,0,True,True,True,True,0.0,0.0,0.0,0.0
0006ZL,3187,2018-02-23 06:34:26,INACTIVE,True,True,0,True,True,True,True,0.0,0.0,0.0,0.0
000571,223,2024-10-15 09:04:28,ACTIVE,2024-11-03,2025-02-10,67575,108110.0000000000,116425.7400000000,0E-10,0E-10,-10132.34,-5987.94,857.34,-14751.42
0000FN,64,2025-10-26 15:27:17,INACTIVE,True,True,0,True,True,True,True,0.0,0.0,0.0,0.0
0001LW,511,2024-06-12 18:23:57,INACTIVE,True,True,0,True,True,True,True,0.0,0.0,0.0,0.0
00033C,1871,2018-08-05 02:06:17,ACTIVE,2019-10-17,2022-03-04,128083,100.0000000000,0E-10,0E-10,0E-10,3362.38,43571.58,0.05,1293.72
0002OY,428,2025-01-18 15:40:01,INACTIVE,True,True,0,True,True,True,True,0.0,0.0,0.0,0.0
0004DE,147,2025-09-09 12:52:23,INACTIVE,True,True,0,True,True,True,True,0.0,0.0,0.0,0.0
0006I8,157,2025-09-03 12:33:24,INACTIVE,True,True,0,True,True,True,True,0.0,0.0,0.0,0.0
0005I0,2333,2019-03-07 00:00:00,INACTIVE,2019-03-07,2019-09-03,0,0E-10,0E-10,0E-10,0E-10,0.0,0.0,0.0,0.0
0003OF,720,2022-05-21 08:48:04,INACTIVE,True,True,0,True,True,True,True,0.0,0.0,0.0,0.0
00011P,1017,2022-01-25 13:05:07,INACTIVE,True,True,0,True,True,True,True,0.0,0.0,0.0,0.0
000068,622,2023-05-19 16:37:53,INACTIVE,True,True,0,True,True,True,True,0.0,0.0,0.0,0.0
0005UF,499,2023-08-14 20:05:28,INACTIVE,True,True,0,True,True,True,True,0.0,0.0,0.0,0.0
0006BN,137,2025-08-01 09:53:03,INACTIVE,True,True,0,True,True,True,True,0.0,0.0,0.0,0.0
0003XT,2913,2019-11-06 18:00:51,INACTIVE,True,True,0,True,True,True,True,0.0,0.0,0.0,0.0
0005NT,214,2025-02-01 13:25:44,INACTIVE,True,True,0,True,True,True,True,0.0,0.0,0.0,0.0
00003R,205,2025-02-14 10:12:30,INACTIVE,True,True,0,True,True,True,True,0.0,0.0,0.0,0.0
0004IF,552,2023-08-15 07:30:25,INACTIVE,True,True,0,True,True,True,True,0.0,0.0,0.0,0.0
0001HX,1990,2018-12-12 11:02:36,INACTIVE,2018-12-18,2018-12-18,733711,True,True,True,True,21797.85,370826.51,0.0,31312.17
0006HU,471,2024-03-15 17:18:47,INACTIVE,True,True,0,True,True,True,True,0.0,0.0,0.0,0.0
0005JV,66,2025-09-09 15:10:32,INACTIVE,True,True,0,True,True,True,True,0.0,0.0,0.0,0.0
0005XS,1475,2020-11-02 11:01:56,INACTIVE,True,True,0,True,True,True,True,0.0,0.0,0.0,0.0
00054A,1978,2022-06-03 09:25:52,INACTIVE,True,True,0,True,True,True,True,0.0,0.0,0.0,0.0
0001XZ,848,2023-04-07 17:27:45,INACTIVE,True,True,0,True,True,True,True,0.0,0.0,0.0,0.0
0003I7,1617,2019-10-26 13:47:17,INACTIVE,True,True,0,True,True,True,True,0.0,0.0,0.0,0.0
000313,127,2025-09-09 12:29:22,INACTIVE,True,True,0,True,True,True,True,0.0,0.0,0.0,0.0
0007HU,912,2022-08-14 11:24:38,INACTIVE,True,True,0,True,True,True,True,0.0,0.0,0.0,0.0
0002GE,1030,2023-05-19 20:50:14,INACTIVE,True,True,0,True,True,True,True,0.0,0.0,0.0,0.0
00036Z,1757,2020-09-12 15:03:23,INACTIVE,True,True,0,True,True,True,True,0.0,0.0,0.0,0.0
00000L,4175,2017-11-09 13:22:37,INACTIVE,True,True,0,True,True,True,True,0.0,0.0,0.0,0.0
0000XS,1367,2023-06-03 14:06:40,INACTIVE,True,True,0,True,True,True,True,0.0,0.0,0.0,0.0
0003JK,528,2024-11-06 00:00:00,ACTIVE,2024-11-06,2024-11-06,4337,5000.0000000000,50.0000000000,0E-10,0E-10,-1445.55,3309.06,110.94,-1158.09
0004LC,1540,2020-02-24 19:08:10,INACTIVE,True,True,0,True,True,True,True,0.0,0.0,0.0,0.0
0001DI,1517,2021-10-10 04:02:50,INACTIVE,True,True,0,True,True,True,True,0.0,0.0,0.0,0.0
00078U,199,2025-05-13 19:39:15,INACTIVE,True,True,0,True,True,True,True,0.0,0.0,0.0,0.0
0003IO,5924,2013-07-12 00:00:00,INACTIVE,2013-07-19,2013-07-19,324952,True,True,True,True,0.0,0.0,0.0,0.0
0002FP,42,2025-10-28 04:47:35,INACTIVE,True,True,0,True,True,True,True,0.0,0.0,0.0,0.0
00071S,337,2025-03-31 18:26:39,INACTIVE,True,True,0,True,True,True,True,0.0,0.0,0.0,0.0
000089,1306,2021-09-12 18:30:30,INACTIVE,True,True,0,True,True,True,True,0.0,0.0,0.0,0.0
00007Y,41,2025-12-04 00:32:26,INACTIVE,True,True,0,True,True,True,True,0.0,0.0,0.0,0.0
00024L,1082,2022-06-10 09:51:46,INACTIVE,True,True,0,True,True,True,True,0.0,0.0,0.0,0.0
0003AB,521,2024-05-22 20:11:48,INACTIVE,True,True,0,True,True,True,True,0.0,0.0,0.0,0.0
0005LU,1056,2023-07-31 09:28:19,INACTIVE,True,True,0,True,True,True,True,0.0,0.0,0.0,0.0
0000C4,203,2025-07-14 19:26:20,INACTIVE,True,True,0,True,True,True,True,0.0,0.0,0.0,0.0
0003JN,22,2025-10-27 21:08:17,ACTIVE,2025-11-25,2025-12-17,9402,30700.0000000000,27770.9600000000,2500.0000000000,0E-10,-13675.2,-5131.8,721.15,-13161.13
0001E3,1440,2018-10-15 07:59:45,INACTIVE,True,True,0,True,True,True,True,0.0,0.0,0.0,0.0
000302,2143,2021-09-18 08:08:40,INACTIVE,True,True,0,True,True,True,True,0.0,0.0,0.0,0.0
0007HF,395,2020-07-02 01:55:35,ACTIVE,2022-10-26,2024-12-13,21113,12420.0000000000,12148.7500000000,0E-10,0E-10,-9833.43,-11002.36,8.99,-6360.71
0003GT,1739,2021-10-14 07:37:57,INACTIVE,True,True,0,True,True,True,True,0.0,0.0,0.0,0.0
0003ID,887,2023-08-02 18:34:37,INACTIVE,True,True,0,True,True,True,True,0.0,0.0,0.0,0.0
0001Q7,977,2023-08-26 09:25:04,INACTIVE,True,True,0,True,True,True,True,0.0,0.0,0.0,0.0
0001Z0,744,2024-03-26 15:01:42,INACTIVE,True,True,0,True,True,True,True,0.0,0.0,0.0,0.0
0004WP,787,2021-11-08 06:12:44,INACTIVE,True,True,0,True,True,True,True,0.0,0.0,0.0,0.0
0002YG,1211,2022-10-31 09:47:40,INACTIVE,True,True,0,True,True,True,True,0.0,0.0,0.0,0.0
00029U,1719,2021-05-06 12:26:56,INACTIVE,True,True,0,True,True,True,True,0.0,0.0,0.0,0.0
00065P,366,2024-05-10 17:29:18,INACTIVE,True,True,0,True,True,True,True,0.0,0.0,0.0,0.0
0002FF,1258,2023-04-11 09:58:48,INACTIVE,True,True,0,True,True,True,True,0.0,0.0,0.0,0.0
0000LU,1764,2019-06-24 13:50:20,INACTIVE,True,True,0,True,True,True,True,0.0,0.0,0.0,0.0
0007BN,652,2022-10-27 17:32:10,INACTIVE,True,True,0,True,True,True,True,0.0,0.0,0.0,0.0
0001P8,2658,2020-06-15 11:33:00,INACTIVE,True,True,0,True,True,True,True,0.0,0.0,0.0,0.0
0001C2,2049,2021-12-06 16:45:33,INACTIVE,True,True,0,True,True,True,True,0.0,0.0,0.0,0.0
0001YI,244,2025-02-20 22:24:19,INACTIVE,True,True,0,True,True,True,True,0.0,0.0,0.0,0.0
0000US,1715,2022-02-01 11:17:11,INACTIVE,True,True,0,True,True,True,True,0.0,0.0,0.0,0.0
0001QG,1329,2018-11-02 14:33:21,INACTIVE,True,True,0,True,True,True,True,0.0,0.0,0.0,0.0
0005OV,945,2023-12-03 22:47:04,INACTIVE,True,True,0,True,True,True,True,0.0,0.0,0.0,0.0
0002VX,189,2025-07-03 08:05:41,INACTIVE,True,True,0,True,True,True,True,0.0,0.0,0.0,0.0
0000W0,3105,2019-06-19 07:43:26,INACTIVE,True,True,0,True,True,True,True,0.0,0.0,0.0,0.0
0006G6,647,2024-01-21 12:49:59,INACTIVE,True,True,0,True,True,True,True,0.0,0.0,0.0,0.0
0004XT,1031,2022-09-22 08:10:28,INACTIVE,True,True,0,True,True,True,True,0.0,0.0,0.0,0.0
0003FP,637,2020-06-15 11:08:22,ACTIVE,2024-09-26,2024-09-27,5344,6400.0000000000,6328.0000000000,0E-10,0E-10,-6187.61,-5674.09,101.81,-12764.96
000355,40,2025-11-01 07:49:11,INACTIVE,True,True,0,True,True,True,True,0.0,0.0,0.0,0.0
00008Q,1280,2020-12-09 13:51:08,INACTIVE,True,True,0,True,True,True,True,0.0,0.0,0.0,0.0
00003U,1477,2021-08-10 19:11:44,INACTIVE,True,True,0,True,True,True,True,0.0,0.0,0.0,0.0
0004BB,2092,2020-10-25 12:11:57,INACTIVE,True,True,0,True,True,True,True,0.0,0.0,0.0,0.0
0006OO,53,2023-10-24 13:36:20,ACTIVE,2025-09-29,2025-10-03,12871,58000.0000000000,49022.3900000000,17100.0000000000,0E-10,-37689.87,-23112.73,2427.47,-18859.36
0004AO,1809,2021-06-07 21:31:19,INACTIVE,True,True,0,True,True,True,True,0.0,0.0,0.0,0.0
00020O,1335,2021-11-17 15:13:11,INACTIVE,True,True,0,True,True,True,True,0.0,0.0,0.0,0.0
00049T,3117,2018-06-28 11:27:28,INACTIVE,True,True,0,True,True,True,True,0.0,0.0,0.0,0.0
0005Z4,1691,2022-10-01 13:45:52,INACTIVE,True,True,0,True,True,True,True,0.0,0.0,0.0,0.0
0005DZ,755,2023-11-05 14:53:38,INACTIVE,True,True,0,True,True,True,True,0.0,0.0,0.0,0.0
0004S3,1250,2022-10-17 09:34:04,ACTIVE,2022-10-18,2022-10-18,0,200.0000000000,200.0000000000,0E-10,0E-10,0.0,0.0,2.5,6.28
00075F,970,2023-04-13 08:20:33,INACTIVE,True,True,0,True,True,True,True,0.0,0.0,0.0,0.0
0004S4,409,2024-03-25 00:00:00,ACTIVE,2024-03-25,2024-03-25,4162,3353.0000000000,3333.5300000000,0E-10,0E-10,-6841.47,-5152.16,94.61,-6477.99
00001V,480,2025-01-09 11:20:45,INACTIVE,True,True,0,True,True,True,True,0.0,0.0,0.0,0.0
0005CN,454,2025-02-21 06:33:31,BLACKLISTED,True,True,0,True,True,True,True,0.0,0.0,0.0,0.0
000240,1492,2022-12-04 13:14:20,INACTIVE,True,True,0,True,True,True,True,0.0,0.0,0.0,0.0
00042D,2506,2021-04-20 11:06:25,INACTIVE,True,True,0,True,True,True,True,0.0,0.0,0.0,0.0
0005C1,420,2024-11-07 17:43:58,INACTIVE,True,True,0,True,True,True,True,0.0,0.0,0.0,0.0
0001CQ,70,2025-11-15 09:21:14,INACTIVE,True,True,0,True,True,True,True,0.0,0.0,0.0,0.0
0003DH,1256,2020-11-22 10:56:51,INACTIVE,True,True,0,True,True,True,True,0.0,0.0,0.0,0.0
0007MN,2119,2022-02-10 18:31:54,INACTIVE,True,True,0,True,True,True,True,0.0,0.0,0.0,0.0
0002YQ,51,2025-11-29 09:33:00,INACTIVE,True,True,0,True,True,True,True,0.0,0.0,0.0,0.0
0004O3,664,2023-08-27 00:27:40,INACTIVE,True,True,0,True,True,True,True,0.0,0.0,0.0,0.0
0002TC,897,2024-02-28 10:47:43,INACTIVE,True,True,0,True,True,True,True,0.0,0.0,0.0,0.0
000149,2578,2018-09-21 07:19:10,EXITED,2018-09-26,2019-07-18,1682582,True,True,True,True,207403.42,527021.68,0.0,297848.22
0003PF,470,2025-02-25 10:15:27,INACTIVE,True,True,0,True,True,True,True,0.0,0.0,0.0,0.0
0006BI,3396,2018-09-20 04:39:24,INACTIVE,True,True,0,True,True,True,True,0.0,0.0,0.0,0.0
0006A3,28,2025-12-26 20:50:56,INACTIVE,True,True,0,True,True,True,True,0.0,0.0,0.0,0.0
0007JR,472,2024-10-21 11:06:01,INACTIVE,True,True,0,True,True,True,True,0.0,0.0,0.0,0.0
0000DU,1170,2022-11-22 18:50:31,INACTIVE,True,True,0,True,True,True,True,0.0,0.0,0.0,0.0
0001EB,1245,2023-05-01 09:12:08,INACTIVE,True,True,0,True,True,True,True,0.0,0.0,0.0,0.0
0001S2,659,2023-01-21 07:32:05,INACTIVE,True,True,0,True,True,True,True,0.0,0.0,0.0,0.0
0004T4,524,2023-06-15 08:44:10,INACTIVE,True,True,0,True,True,True,True,0.0,0.0,0.0,0.0
00070Y,3645,2019-04-24 08:01:53,INACTIVE,2019-04-25,2019-04-25,256117,True,True,True,True,121559.26,180221.17,0.0,170155.38
0005MU,1491,2023-02-27 06:23:37,INACTIVE,True,True,0,True,True,True,True,0.0,0.0,0.0,0.0
0001N4,1469,2023-04-12 08:08:21,INACTIVE,True,True,0,True,True,True,True,0.0,0.0,0.0,0.0
00040T,476,2023-09-21 12:09:53,INACTIVE,True,True,0,True,True,True,True,0.0,0.0,0.0,0.0
0007KT,1155,2021-12-05 05:46:20,INACTIVE,True,True,0,True,True,True,True,0.0,0.0,0.0,0.0
0002DM,2886,2020-05-27 15:31:34,INACTIVE,True,True,0,True,True,True,True,0.0,0.0,0.0,0.0
00067A,405,2024-02-28 12:01:49,INACTIVE,True,True,0,True,True,True,True,0.0,0.0,0.0,0.0
0005MM,3503,2013-11-07 00:00:00,INACTIVE,2013-11-08,2015-12-17,478991,True,True,True,True,-239435.29,-221441.03,0.0,-241239.08
00044V,1372,2021-07-29 07:43:47,INACTIVE,True,True,0,True,True,True,True,0.0,0.0,0.0,0.0
0000J1,3328,2019-06-09 04:37:17,INACTIVE,True,True,0,True,True,True,True,0.0,0.0,0.0,0.0
0000WD,1727,2021-05-25 12:16:21,INACTIVE,True,True,0,True,True,True,True,0.0,0.0,0.0,0.0
00056B,247,2024-02-13 15:37:41,ACTIVE,2025-02-16,2025-03-09,8287,12400.0000000000,12399.5500000000,0E-10,0E-10,-14486.83,-7894.62,331.32,-11894.98
0007HH,1244,2022-09-19 21:47:32,INACTIVE,True,True,0,True,True,True,True,0.0,0.0,0.0,0.0
000630,609,2023-04-26 15:36:05,INACTIVE,True,True,0,True,True,True,True,0.0,0.0,0.0,0.0
00062K,613,2024-09-04 17:41:53,INACTIVE,True,True,0,True,True,True,True,0.0,0.0,0.0,0.0
0000SH,55,2025-11-27 19:56:19,INACTIVE,True,True,0,True,True,True,True,0.0,0.0,0.0,0.0
0001V7,3207,2018-01-23 10:39:04,INACTIVE,True,True,0,True,True,True,True,0.0,0.0,0.0,0.0
0001YD,2152,2019-10-04 11:45:30,INACTIVE,True,True,0,True,True,True,True,0.0,0.0,0.0,0.0
00071P,705,2023-08-11 03:10:25,INACTIVE,True,True,0,True,True,True,True,0.0,0.0,0.0,0.0
0002JV,79,2025-08-29 17:01:08,INACTIVE,True,True,0,True,True,True,True,0.0,0.0,0.0,0.0
00052O,904,2024-04-30 11:05:51,INACTIVE,True,True,0,True,True,True,True,0.0,0.0,0.0,0.0
00025Y,72,2025-10-28 15:41:05,INACTIVE,True,True,0,True,True,True,True,0.0,0.0,0.0,0.0
0001UA,2755,2018-06-19 09:02:33,INACTIVE,2018-06-20,2018-06-20,164664,True,True,True,True,94278.02,140131.25,0.0,145176.76
0001AP,114,2025-09-07 00:18:47,INACTIVE,True,True,0,True,True,True,True,0.0,0.0,0.0,0.0
0000T8,91,2025-11-15 23:07:11,INACTIVE,True,True,0,True,True,True,True,0.0,0.0,0.0,0.0
0005AW,1669,2022-07-07 03:36:56,INACTIVE,True,True,0,True,True,True,True,0.0,0.0,0.0,0.0
00016X,324,2024-07-20 05:07:56,INACTIVE,True,True,0,True,True,True,True,0.0,0.0,0.0,0.0
000292,1048,2023-06-14 11:19:08,INACTIVE,True,True,0,True,True,True,True,0.0,0.0,0.0,0.0
0000VI,1296,2022-06-09 22:14:32,INACTIVE,True,True,0,True,True,True,True,0.0,0.0,0.0,0.0
00045B,384,2025-03-24 12:08:31,INACTIVE,True,True,0,True,True,True,True,0.0,0.0,0.0,0.0
0006DU,2643,2021-03-17 23:03:34,INACTIVE,True,True,0,True,True,True,True,0.0,0.0,0.0,0.0
00044E,550,2024-10-23 09:43:52,ACTIVE,2024-10-28,2024-10-30,0,5000.0000000000,6000.0000000000,0E-10,3000.0000000000,0.0,0.0,277.9,266.02
0005T7,2297,2021-05-28 17:15:14,EXITED,2021-06-07,2021-06-07,175086,True,True,True,True,-4279.68,37699.81,0.0,-3355.1
0002XO,633,2020-10-05 10:12:57,ACTIVE,2023-10-08,2024-04-24,14351,15678.5000000000,15678.0200000000,0E-10,0E-10,-8209.19,-3731.61,71.34,-8978.56
0005I1,2257,2018-12-19 07:10:13,INACTIVE,True,True,0,True,True,True,True,0.0,0.0,0.0,0.0
00036J,1907,2021-06-22 18:30:00,INACTIVE,True,True,0,True,True,True,True,0.0,0.0,0.0,0.0
0003G0,1752,2022-03-15 22:06:39,INACTIVE,True,True,0,True,True,True,True,0.0,0.0,0.0,0.0
0004VD,148,2025-06-25 22:21:39,INACTIVE,True,True,0,True,True,True,True,0.0,0.0,0.0,0.0
0004N9,800,2023-08-21 14:30:52,ACTIVE,2023-10-04,2023-11-10,0,4000.0000000000,2000.0000000000,0E-10,0E-10,0.0,0.0,69.83,45.51
0004EF,1468,2019-06-30 06:52:07,INACTIVE,True,True,0,True,True,True,True,0.0,0.0,0.0,0.0
0001KX,1524,2019-09-03 09:49:48,INACTIVE,2020-03-19,2020-03-19,1151237,True,True,True,True,-52689.01,239562.49,0.0,-23000.94
0003SZ,33,2025-04-23 00:00:00,ACTIVE,2025-04-23,2025-12-22,33652,92301.0000000000,91960.1300000000,0E-10,0E-10,-34406.77,-9385.81,155.59,-47456.22
000455,535,2023-07-24 14:47:25,ACTIVE,2023-07-25,2023-10-08,83048,77277.0000000000,77212.0700000000,0E-10,0E-10,-74324.04,-35209.43,484.37,-45901.86
0000G1,605,2024-10-11 13:02:29,INACTIVE,True,True,0,True,True,True,True,0.0,0.0,0.0,0.0
0001NM,527,2024-05-21 18:28:15,INACTIVE,True,True,0,True,True,True,True,0.0,0.0,0.0,0.0
000413,1162,2023-04-22 18:07:50,INACTIVE,True,True,0,True,True,True,True,0.0,0.0,0.0,0.0
0005MW,2721,2020-10-04 12:24:13,INACTIVE,True,True,0,True,True,True,True,0.0,0.0,0.0,0.0
00012H,1045,2023-10-22 12:32:02,INACTIVE,True,True,0,True,True,True,True,0.0,0.0,0.0,0.0
0006DM,3433,2018-12-14 19:53:41,INACTIVE,True,True,0,True,True,True,True,0.0,0.0,0.0,0.0
0005NY,1674,2020-01-08 14:34:41,INACTIVE,True,True,0,True,True,True,True,0.0,0.0,0.0,0.0
00066N,146,2025-07-30 12:06:56,INACTIVE,True,True,0,True,True,True,True,0.0,0.0,0.0,0.0
0005BL,2925,2019-07-18 22:28:11,INACTIVE,True,True,0,True,True,True,True,0.0,0.0,0.0,0.0
00042E,5750,2013-09-17 00:00:00,EXITED,2013-09-18,2013-09-18,291668,True,True,True,True,0.0,0.0,0.0,0.0
0001IH,2494,2020-09-30 14:25:20,INACTIVE,True,True,0,True,True,True,True,0.0,0.0,0.0,0.0
0006BE,1649,2022-05-26 11:15:16,INACTIVE,True,True,0,True,True,True,True,0.0,0.0,0.0,0.0
0001YJ,1385,2020-11-09 08:26:48,INACTIVE,True,True,0,True,True,True,True,0.0,0.0,0.0,0.0
0007BL,14,2025-12-28 16:47:44,INACTIVE,True,True,0,True,True,True,True,0.0,0.0,0.0,0.0
0003AY,1914,2022-05-29 23:12:01,INACTIVE,True,True,0,True,True,True,True,0.0,0.0,0.0,0.0
0000CR,2783,2018-10-23 22:40:56,INACTIVE,True,True,0,True,True,True,True,0.0,0.0,0.0,0.0
0003CR,1917,2021-11-09 15:36:36,INACTIVE,True,True,0,True,True,True,True,0.0,0.0,0.0,0.0
0004L3,466,2024-11-17 12:04:25,INACTIVE,True,True,0,True,True,True,True,0.0,0.0,0.0,0.0
0007J6,110,2025-10-30 05:52:59,INACTIVE,True,True,0,True,True,True,True,0.0,0.0,0.0,0.0
00021F,1957,2022-02-15 14:31:55,INACTIVE,True,True,0,True,True,True,True,0.0,0.0,0.0,0.0
000477,450,2024-06-03 15:45:15,INACTIVE,True,True,0,True,True,True,True,0.0,0.0,0.0,0.0
0007G1,1555,2022-12-19 10:53:21,INACTIVE,True,True,0,True,True,True,True,0.0,0.0,0.0,0.0
0002WT,244,2025-03-16 17:05:14,INACTIVE,True,True,0,True,True,True,True,0.0,0.0,0.0,0.0
00039P,779,2023-10-10 15:16:15,INACTIVE,True,True,0,True,True,True,True,0.0,0.0,0.0,0.0
0005XG,3084,2019-10-17 23:19:37,INACTIVE,True,True,0,True,True,True,True,0.0,0.0,0.0,0.0
0000OR,1997,2019-05-29 17:51:40,INACTIVE,True,True,0,True,True,True,True,0.0,0.0,0.0,0.0
0003V1,985,2022-08-19 16:03:02,INACTIVE,True,True,0,True,True,True,True,0.0,0.0,0.0,0.0
0003D1,2908,2019-03-25 10:28:54,INACTIVE,True,True,0,True,True,True,True,0.0,0.0,0.0,0.0
0000GH,1980,2022-06-05 13:24:49,INACTIVE,True,True,0,True,True,True,True,0.0,0.0,0.0,0.0
00020Z,7,2026-01-04 10:13:06,INACTIVE,True,True,0,True,True,True,True,0.0,0.0,0.0,0.0
0000EY,101,2018-09-24 11:49:14,ACTIVE,2021-09-18,2025-10-23,1607263,2917300.0000000000,2796825.7700000000,0E-10,0E-10,1132828.7,1605538.76,1790.18,502812.66
0000U6,990,2023-05-27 15:39:00,INACTIVE,True,True,0,True,True,True,True,0.0,0.0,0.0,0.0
00051Z,942,2023-03-17 18:43:10,INACTIVE,True,True,0,True,True,True,True,0.0,0.0,0.0,0.0
0002NB,831,2024-03-21 22:41:31,INACTIVE,True,True,0,True,True,True,True,0.0,0.0,0.0,0.0
00003P,1693,2021-08-10 12:20:47,INACTIVE,2021-08-24,2021-08-24,393084,True,True,True,True,-56442.96,172478.94,0.0,-90428.58
0003RA,237,2025-07-16 00:42:57,INACTIVE,True,True,0,True,True,True,True,0.0,0.0,0.0,0.0
0000T0,330,2025-04-25 10:19:58,INACTIVE,True,True,0,True,True,True,True,0.0,0.0,0.0,0.0
000168,3284,2019-12-27 19:57:19,INACTIVE,True,True,0,True,True,True,True,0.0,0.0,0.0,0.0
0005SO,3396,2018-12-12 17:03:40,INACTIVE,True,True,0,True,True,True,True,0.0,0.0,0.0,0.0
0001D2,940,2021-07-02 07:47:13,INACTIVE,True,True,0,True,True,True,True,0.0,0.0,0.0,0.0
0006LN,3477,2018-08-07 13:53:37,EXITED,2018-08-08,2018-08-08,73476,True,True,True,True,30153.13,67300.95,0.0,27200.28
0005KW,1008,2023-08-22 08:08:19,INACTIVE,True,True,0,True,True,True,True,0.0,0.0,0.0,0.0
00001P,316,2024-06-17 00:00:00,ACTIVE,2024-06-17,2024-07-28,0,215000.0000000000,214900.0000000000,0E-10,104950.0000000000,0.0,0.0,7308.35,3800.0
0001R9,1586,2022-02-10 11:41:19,INACTIVE,True,True,0,True,True,True,True,0.0,0.0,0.0,0.0
0004BH,2387,2020-10-25 15:48:07,INACTIVE,True,True,0,True,True,True,True,0.0,0.0,0.0,0.0
0005ED,641,2023-07-10 03:49:54,INACTIVE,True,True,0,True,True,True,True,0.0,0.0,0.0,0.0
00060L,66,2025-11-05 15:46:19,INACTIVE,True,True,0,True,True,True,True,0.0,0.0,0.0,0.0
0001B8,2413,2019-09-14 17:14:18,INACTIVE,True,True,0,True,True,True,True,0.0,0.0,0.0,0.0
0006KG,1464,2021-08-14 20:24:45,INACTIVE,2021-08-26,2021-08-26,25678,True,True,True,True,522.7,2899.77,0.0,370.2
0005H3,216,2025-06-10 08:07:54,ACTIVE,2025-07-26,2025-08-11,6253,19540.0000000000,19500.3000000000,0E-10,0E-10,-3701.44,2361.26,447.59,-2603.91
00063A,1579,2019-07-31 01:22:37,INACTIVE,True,True,0,True,True,True,True,0.0,0.0,0.0,0.0
00056A,155,2025-09-15 22:13:40,INACTIVE,True,True,0,True,True,True,True,0.0,0.0,0.0,0.0
00078L,2150,2021-06-08 08:31:15,INACTIVE,True,True,0,True,True,True,True,0.0,0.0,0.0,0.0
0000M0,193,2025-06-25 18:16:44,INACTIVE,True,True,0,True,True,True,True,0.0,0.0,0.0,0.0
00071T,623,2024-05-26 06:44:30,INACTIVE,True,True,0,True,True,True,True,0.0,0.0,0.0,0.0
0002HB,645,2023-05-04 11:16:56,INACTIVE,True,True,0,True,True,True,True,0.0,0.0,0.0,0.0
00030S,2601,2015-10-19 12:45:26,INACTIVE,True,True,0,True,True,True,True,0.0,0.0,0.0,0.0
0001ZW,1708,2021-07-04 06:53:30,INACTIVE,True,True,0,True,True,True,True,0.0,0.0,0.0,0.0
0000SC,1797,2019-04-02 09:37:06,INACTIVE,True,True,0,True,True,True,True,0.0,0.0,0.0,0.0
000017,200,2025-08-15 20:37:22,INACTIVE,True,True,0,True,True,True,True,0.0,0.0,0.0,0.0
00034J,578,2024-08-15 15:57:31,INACTIVE,True,True,0,True,True,True,True,0.0,0.0,0.0,0.0
0000V9,805,2022-01-29 10:13:04,INACTIVE,True,True,0,True,True,True,True,0.0,0.0,0.0,0.0
0002WR,2298,2018-07-04 00:00:00,INACTIVE,2018-07-04,2018-09-15,59637,True,True,True,True,2025.68,13405.1,0.0,3275.65
000183,1410,2023-03-14 20:11:08,INACTIVE,True,True,0,True,True,True,True,0.0,0.0,0.0,0.0
0002P7,742,2023-06-06 10:17:43,INACTIVE,True,True,0,True,True,True,True,0.0,0.0,0.0,0.0
0002CH,2255,2020-12-23 21:11:37,INACTIVE,True,True,0,True,True,True,True,0.0,0.0,0.0,0.0
0002HR,515,2023-08-31 00:29:41,INACTIVE,True,True,0,True,True,True,True,0.0,0.0,0.0,0.0
0001BJ,3087,2020-02-18 17:51:03,INACTIVE,True,True,0,True,True,True,True,0.0,0.0,0.0,0.0
0005YC,983,2022-02-28 09:06:45,EXITED,2023-03-17,2023-03-17,144182,True,True,True,True,-225440.0,-251639.23,0.0,-156299.5
0005DU,1272,2022-07-12 13:50:20,INACTIVE,True,True,0,True,True,True,True,0.0,0.0,0.0,0.0
000304,194,2025-07-18 07:52:38,INACTIVE,True,True,0,True,True,True,True,0.0,0.0,0.0,0.0
0002QE,1289,2021-06-26 00:00:00,INACTIVE,2021-06-26,2021-12-14,158298,True,True,True,True,16263.06,67278.9,0.0,17433.9
000694,135,2025-09-27 10:42:00,INACTIVE,True,True,0,True,True,True,True,0.0,0.0,0.0,0.0
0007MI,463,2023-07-30 15:53:28,INACTIVE,True,True,0,True,True,True,True,0.0,0.0,0.0,0.0
0007AQ,1536,2019-09-10 11:01:53,INACTIVE,True,True,0,True,True,True,True,0.0,0.0,0.0,0.0
000295,2040,2017-12-06 00:00:00,EXITED,2017-12-06,2017-12-06,7710,True,True,True,True,-17874.55,-12248.56,0.0,-14142.71
0002C0,606,2024-07-30 07:53:24,INACTIVE,True,True,0,True,True,True,True,0.0,0.0,0.0,0.0
0006ND,3361,2019-06-04 18:03:04,INACTIVE,True,True,0,True,True,True,True,0.0,0.0,0.0,0.0
0001VF,54,2025-10-12 23:15:35,INACTIVE,True,True,0,True,True,True,True,0.0,0.0,0.0,0.0
0001KI,1539,2022-12-04 14:42:20,INACTIVE,True,True,0,True,True,True,True,0.0,0.0,0.0,0.0
0003EB,3786,2018-03-09 07:21:46,INACTIVE,True,True,0,True,True,True,True,0.0,0.0,0.0,0.0
0001E2,32,2024-01-30 00:00:00,ACTIVE,2024-01-30,2025-11-21,0,8017590.3900000000,8024938.7600000000,0E-10,7773300.0000000000,0.0,0.0,17618.41,11887.21
000211,1203,2020-12-01 20:34:17,INACTIVE,True,True,0,True,True,True,True,0.0,0.0,0.0,0.0
0002FL,2393,2018-05-02 16:28:22,INACTIVE,True,True,0,True,True,True,True,0.0,0.0,0.0,0.0
000393,509,2023-10-10 18:34:30,INACTIVE,True,True,0,True,True,True,True,0.0,0.0,0.0,0.0
0003RC,1543,2021-11-29 14:32:17,INACTIVE,2021-12-01,2022-09-07,595750,True,True,True,True,-2518.69,149849.81,0.0,-2898.4
0001CG,973,2023-05-22 20:11:10,INACTIVE,True,True,0,True,True,True,True,0.0,0.0,0.0,0.0
0004PI,1576,2021-04-15 18:37:13,EXITED,2021-04-21,2021-04-21,28195,True,True,True,True,6287.3,9336.55,0.0,2898.08
0001KP,1084,2023-08-14 11:37:43,INACTIVE,True,True,0,True,True,True,True,0.0,0.0,0.0,0.0
0007EG,1204,2021-11-18 15:33:23,INACTIVE,True,True,0,True,True,True,True,0.0,0.0,0.0,0.0
0000I5,875,2024-04-17 10:13:57,INACTIVE,True,True,0,True,True,True,True,0.0,0.0,0.0,0.0
0004ZN,2704,2019-08-17 21:31:39,INACTIVE,True,True,0,True,True,True,True,0.0,0.0,0.0,0.0
0005YN,15,2021-10-19 12:43:26,ACTIVE,2025-12-22,2025-12-28,12167,23300.0000000000,23246.7100000000,0E-10,0E-10,-15996.96,-8694.98,484.79,-11415.16
0005NR,1561,2021-12-06 14:53:25,INACTIVE,True,True,0,True,True,True,True,0.0,0.0,0.0,0.0
0003D7,946,2022-08-19 19:12:29,INACTIVE,True,True,0,True,True,True,True,0.0,0.0,0.0,0.0
000090,1764,2022-10-15 12:58:21,INACTIVE,True,True,0,True,True,True,True,0.0,0.0,0.0,0.0
0000PW,70,2025-11-01 14:56:47,INACTIVE,True,True,0,True,True,True,True,0.0,0.0,0.0,0.0
000118,802,2024-06-20 21:25:11,INACTIVE,True,True,0,True,True,True,True,0.0,0.0,0.0,0.0
0003VI,3994,2018-08-23 00:00:00,INACTIVE,2018-08-23,2018-08-23,60220,True,True,True,True,-2553.89,12293.83,0.0,-2877.66
0000ZW,1881,2021-01-25 19:33:32,INACTIVE,True,True,0,True,True,True,True,0.0,0.0,0.0,0.0
0004AY,3106,2019-02-16 06:57:12,INACTIVE,True,True,0,True,True,True,True,0.0,0.0,0.0,0.0
00060Y,203,2025-07-10 07:35:09,INACTIVE,True,True,0,True,True,True,True,0.0,0.0,0.0,0.0
0005GY,266,2024-10-23 05:03:07,INACTIVE,True,True,0,True,True,True,True,0.0,0.0,0.0,0.0
0007HO,1057,2024-01-18 07:01:41,INACTIVE,True,True,0,True,True,True,True,0.0,0.0,0.0,0.0
0007KS,1892,2020-08-16 20:49:52,INACTIVE,True,True,0,True,True,True,True,0.0,0.0,0.0,0.0
0004KF,3298,2017-07-06 00:00:00,INACTIVE,2017-07-06,2019-07-25,702229,True,True,True,True,-24966.15,355752.37,0.0,-41306.64
0004CU,266,2022-09-07 18:52:15,ACTIVE,2022-09-09,2025-05-30,6098052,1701285.1300000000,803266.6300000000,9500.0000000000,0E-10,-161216.59,2448899.39,1014.52,-159513.12
0006SA,1475,2019-05-15 17:41:41,INACTIVE,True,True,0,True,True,True,True,0.0,0.0,0.0,0.0
0006UO,2595,2018-04-17 00:00:00,EXITED,2018-04-17,2018-04-17,7946,True,True,True,True,-16136.1,-9092.87,0.0,-17803.29
0001I0,191,2025-02-15 17:23:48,ACTIVE,2025-02-23,2025-04-15,0,200.0000000000,100.0000000000,100.0000000000,0E-10,0.0,0.0,6.34,5.96
000665,208,2022-11-17 07:52:22,ACTIVE,2023-01-09,2025-03-11,102325,21205.0000000000,21155.0000000000,0E-10,0E-10,335289.78,461027.33,24.85,217806.93
0002NY,2610,2020-02-28 12:47:39,INACTIVE,True,True,0,True,True,True,True,0.0,0.0,0.0,0.0
0007EF,436,2023-10-15 06:14:26,INACTIVE,True,True,0,True,True,True,True,0.0,0.0,0.0,0.0
000709,1108,2023-12-21 14:03:31,INACTIVE,True,True,0,True,True,True,True,0.0,0.0,0.0,0.0
0001Z4,260,2025-04-16 22:23:11,INACTIVE,True,True,0,True,True,True,True,0.0,0.0,0.0,0.0
0005W9,168,2025-07-29 17:28:04,INACTIVE,True,True,0,True,True,True,True,0.0,0.0,0.0,0.0
00010F,1996,2019-03-16 10:04:47,INACTIVE,True,True,0,True,True,True,True,0.0,0.0,0.0,0.0
0001GD,379,2024-04-07 11:30:47,INACTIVE,True,True,0,True,True,True,True,0.0,0.0,0.0,0.0
0005Y9,4851,2013-10-31 00:00:00,INACTIVE,2013-11-01,2013-11-01,38085,True,True,True,True,0.0,0.0,0.0,0.0
000648,155,2025-07-15 14:37:54,INACTIVE,True,True,0,True,True,True,True,0.0,0.0,0.0,0.0
0003J0,271,2025-05-19 13:02:20,INACTIVE,True,True,0,True,True,True,True,0.0,0.0,0.0,0.0
00035G,159,2025-08-17 15:44:49,INACTIVE,True,True,0,True,True,True,True,0.0,0.0,0.0,0.0
00002E,809,2022-12-13 16:10:20,INACTIVE,True,True,0,True,True,True,True,0.0,0.0,0.0,0.0
0000SF,5,2023-03-24 10:11:52,ACTIVE,2023-05-10,2026-01-10,0,32243937.5300000000,33315681.0900000000,100.0000000000,20097953.2200000000,0.0,0.0,35112.45,32941.35
0006JB,1384,2021-05-08 06:40:22,INACTIVE,True,True,0,True,True,True,True,0.0,0.0,0.0,0.0
00079N,763,2023-03-20 00:00:00,EXITED,2023-03-20,2023-03-20,38384,True,True,True,True,-44822.66,-26602.49,0.0,-34906.28
00011E,3129,2019-04-18 11:35:43,INACTIVE,True,True,0,True,True,True,True,0.0,0.0,0.0,0.0
0001SL,213,2024-11-25 03:25:26,INACTIVE,True,True,0,True,True,True,True,0.0,0.0,0.0,0.0
0004YG,93,2025-09-16 11:37:34,INACTIVE,True,True,0,True,True,True,True,0.0,0.0,0.0,0.0
00053C,1124,2023-01-21 11:45:50,INACTIVE,True,True,0,True,True,True,True,0.0,0.0,0.0,0.0
0001MF,1560,2021-08-31 09:39:40,INACTIVE,True,True,0,True,True,True,True,0.0,0.0,0.0,0.0
00021U,1625,2022-12-14 10:04:29,INACTIVE,True,True,0,True,True,True,True,0.0,0.0,0.0,0.0
00065R,3409,2019-02-04 10:41:51,INACTIVE,True,True,0,True,True,True,True,0.0,0.0,0.0,0.0
00049U,3398,2017-01-16 10:25:10,EXITED,2017-01-17,2018-08-10,4420408,True,True,True,True,1898530.49,5930296.02,0.0,2654031.33
0000HS,621,2024-05-13 17:26:21,INACTIVE,True,True,0,True,True,True,True,0.0,0.0,0.0,0.0
0005RG,2504,2018-08-29 12:38:38,INACTIVE,True,True,0,True,True,True,True,0.0,0.0,0.0,0.0
0006S3,280,2024-08-12 13:00:13,INACTIVE,True,True,0,True,True,True,True,0.0,0.0,0.0,0.0
00047N,1714,2022-06-13 20:25:20,INACTIVE,2022-06-28,2022-06-28,615884,True,True,True,True,321975.22,700290.64,0.0,199973.57
00043P,77,2025-10-24 22:04:20,INACTIVE,True,True,0,True,True,True,True,0.0,0.0,0.0,0.0
00029C,163,2025-06-30 09:56:30,INACTIVE,True,True,0,True,True,True,True,0.0,0.0,0.0,0.0
00002A,2573,2019-09-04 10:25:35,INACTIVE,True,True,0,True,True,True,True,0.0,0.0,0.0,0.0
0003WK,1131,2023-07-28 11:52:49,INACTIVE,True,True,0,True,True,True,True,0.0,0.0,0.0,0.0
0004WM,243,2025-03-17 00:00:00,ACTIVE,2025-03-17,2025-05-22,1587261,4127700.0000000000,4126639.6300000000,0E-10,0E-10,-414445.83,179253.24,23050.23,-183489.7
0000XD,789,2022-09-19 10:44:21,INACTIVE,True,True,0,True,True,True,True,0.0,0.0,0.0,0.0
0002O2,330,2024-04-15 07:41:55,ACTIVE,2025-03-25,2025-05-28,39471,59050.0000000000,51707.3100000000,200.0000000000,0E-10,-10502.21,-4318.97,752.51,-11229.89
00018K,1224,2020-07-27 13:14:24,INACTIVE,True,True,0,True,True,True,True,0.0,0.0,0.0,0.0
0005BI,104,2025-11-05 17:40:37,INACTIVE,True,True,0,True,True,True,True,0.0,0.0,0.0,0.0
0005LN,1543,2021-07-23 23:41:18,INACTIVE,True,True,0,True,True,True,True,0.0,0.0,0.0,0.0
0002VQ,3374,2019-08-28 14:48:31,INACTIVE,True,True,0,True,True,True,True,0.0,0.0,0.0,0.0
000721,587,2024-11-16 19:48:06,ACTIVE,2024-11-26,2024-11-26,12934,19300.0000000000,18675.5000000000,200.0000000000,0E-10,-20388.5,-18840.93,623.14,-34689.56
0000O7,2055,2019-11-01 14:53:33,INACTIVE,True,True,0,True,True,True,True,0.0,0.0,0.0,0.0
0007JG,1318,2023-04-07 17:02:51,INACTIVE,True,True,0,True,True,True,True,0.0,0.0,0.0,0.0
0002VF,1693,2018-03-08 00:42:17,INACTIVE,True,True,0,True,True,True,True,0.0,0.0,0.0,0.0
0005G0,1401,2019-06-16 16:48:58,INACTIVE,True,True,0,True,True,True,True,0.0,0.0,0.0,0.0
0000AV,128,2021-02-01 08:58:58,ACTIVE,2021-02-11,2025-08-19,506766,39900.0000000000,39812.0400000000,0E-10,0E-10,-283527.27,773928.94,20.48,-267903.01
0006G4,1880,2021-05-27 08:02:42,INACTIVE,True,True,0,True,True,True,True,0.0,0.0,0.0,0.0
000547,618,2022-09-19 11:31:14,INACTIVE,True,True,0,True,True,True,True,0.0,0.0,0.0,0.0
0006XK,1336,2022-06-09 12:17:58,INACTIVE,True,True,0,True,True,True,True,0.0,0.0,0.0,0.0
00032D,238,2025-08-07 09:32:11,INACTIVE,True,True,0,True,True,True,True,0.0,0.0,0.0,0.0
0006PT,2123,2021-10-05 09:28:25,INACTIVE,True,True,0,True,True,True,True,0.0,0.0,0.0,0.0
0003W8,56,2025-10-31 23:16:14,INACTIVE,True,True,0,True,True,True,True,0.0,0.0,0.0,0.0
00023Y,786,2023-11-04 00:00:00,ACTIVE,2023-11-04,2023-12-12,4493,6550.0000000000,0E-10,0E-10,0E-10,-716.36,-218.07,134.68,-1091.4
0005PH,359,2024-07-30 21:03:39,INACTIVE,True,True,0,True,True,True,True,0.0,0.0,0.0,0.0
000244,2006,2018-11-05 16:08:52,INACTIVE,True,True,0,True,True,True,True,0.0,0.0,0.0,0.0
0002NM,2591,2021-01-20 21:29:02,INACTIVE,True,True,0,True,True,True,True,0.0,0.0,0.0,0.0
0005B5,2760,2020-12-29 17:01:39,INACTIVE,True,True,0,True,True,True,True,0.0,0.0,0.0,0.0
000777,1393,2020-11-26 00:39:35,INACTIVE,True,True,0,True,True,True,True,0.0,0.0,0.0,0.0
00038B,1347,2020-11-11 17:37:24,INACTIVE,True,True,0,True,True,True,True,0.0,0.0,0.0,0.0
0007FR,1544,2021-04-04 21:32:53,INACTIVE,True,True,0,True,True,True,True,0.0,0.0,0.0,0.0
0005UE,1320,2022-03-21 23:40:01,INACTIVE,True,True,0,True,True,True,True,0.0,0.0,0.0,0.0
0002AX,45,2025-10-31 00:00:00,ACTIVE,2025-10-31,2025-10-31,5454,10000.0000000000,9984.3800000000,0E-10,0E-10,-22503.13,-14388.29,257.65,-9861.45
0004XU,71,2025-09-27 15:08:42,INACTIVE,True,True,0,True,True,True,True,0.0,0.0,0.0,0.0
00016L,1739,2020-11-22 02:48:25,INACTIVE,True,True,0,True,True,True,True,0.0,0.0,0.0,0.0
00030K,2063,2018-05-12 18:16:38,INACTIVE,True,True,0,True,True,True,True,0.0,0.0,0.0,0.0
0003TW,2613,2020-09-20 22:45:24,INACTIVE,True,True,0,True,True,True,True,0.0,0.0,0.0,0.0
0001XE,1070,2023-08-18 00:00:00,ACTIVE,2023-08-18,2023-09-13,71525,11500.0000000000,11500.0000000000,0E-10,0E-10,10818.76,12370.09,368.34,10342.63
0002U0,324,2025-03-08 14:51:41,INACTIVE,True,True,0,True,True,True,True,0.0,0.0,0.0,0.0
000468,2081,2019-12-07 07:42:54,INACTIVE,True,True,0,True,True,True,True,0.0,0.0,0.0,0.0
0000VE,1355,2023-04-03 15:40:21,INACTIVE,True,True,0,True,True,True,True,0.0,0.0,0.0,0.0
0004NO,1050,2021-09-22 16:53:14,INACTIVE,True,True,0,True,True,True,True,0.0,0.0,0.0,0.0
0000T3,197,2025-08-26 12:13:33,INACTIVE,True,True,0,True,True,True,True,0.0,0.0,0.0,0.0
0004VB,936,2021-05-17 10:41:40,INACTIVE,True,True,0,True,True,True,True,0.0,0.0,0.0,0.0
0007IA,350,2025-05-14 00:19:58,INACTIVE,True,True,0,True,True,True,True,0.0,0.0,0.0,0.0
0006ZE,1793,2018-05-11 12:43:31,INACTIVE,True,True,0,True,True,True,True,0.0,0.0,0.0,0.0
0004M9,3674,2018-05-17 09:20:24,INACTIVE,True,True,0,True,True,True,True,0.0,0.0,0.0,0.0
0005WV,1361,2017-11-27 10:33:27,INACTIVE,2017-12-06,2018-11-06,460250,True,True,True,True,32603.54,226141.03,0.0,42045.29
0002SD,2345,2021-02-27 22:00:29,INACTIVE,True,True,0,True,True,True,True,0.0,0.0,0.0,0.0
00063S,1067,2023-05-07 11:05:35,INACTIVE,True,True,0,True,True,True,True,0.0,0.0,0.0,0.0
0001XQ,384,2024-01-06 13:44:40,INACTIVE,True,True,0,True,True,True,True,0.0,0.0,0.0,0.0
0004G5,1828,2022-02-10 21:17:07,INACTIVE,True,True,0,True,True,True,True,0.0,0.0,0.0,0.0
0006CI,1545,2019-01-03 16:10:43,INACTIVE,True,True,0,True,True,True,True,0.0,0.0,0.0,0.0
0002QU,1586,2021-11-11 19:13:30,INACTIVE,2021-11-12,2021-11-12,7984,True,True,True,True,-785.37,244.5,0.0,-625.32
00031T,1057,2022-07-24 21:07:14,INACTIVE,True,True,0,True,True,True,True,0.0,0.0,0.0,0.0
0003ZC,403,2025-03-01 14:06:27,INACTIVE,True,True,0,True,True,True,True,0.0,0.0,0.0,0.0
0000EU,58,2025-12-03 10:53:11,INACTIVE,True,True,0,True,True,True,True,0.0,0.0,0.0,0.0
0002T2,1781,2020-12-25 17:37:11,INACTIVE,True,True,0,True,True,True,True,0.0,0.0,0.0,0.0
00077X,628,2024-09-03 15:46:02,INACTIVE,True,True,0,True,True,True,True,0.0,0.0,0.0,0.0
0006SQ,3886,2018-07-13 11:22:14,INACTIVE,True,True,0,True,True,True,True,0.0,0.0,0.0,0.0
0005MS,1154,2023-05-19 13:43:23,ACTIVE,2023-05-21,2023-05-21,0,500.0000000000,0E-10,500.0000000000,0E-10,0.0,0.0,79.47,71.46
0007C5,1561,2020-11-03 12:50:44,INACTIVE,True,True,0,True,True,True,True,0.0,0.0,0.0,0.0
00069C,1253,2022-05-15 10:14:26,ACTIVE,2022-06-24,2022-06-24,0,100.0000000000,100.0000000000,0E-10,0E-10,0.0,0.0,3.1,2.27
0006IJ,636,2023-08-28 19:16:40,INACTIVE,True,True,0,True,True,True,True,0.0,0.0,0.0,0.0
0005MQ,232,2025-05-18 09:39:50,INACTIVE,True,True,0,True,True,True,True,0.0,0.0,0.0,0.0
0005JL,675,2022-10-07 00:00:00,INACTIVE,2022-10-07,2023-07-25,0,0E-10,0E-10,0E-10,0E-10,0.0,0.0,0.0,0.0
0005A1,258,2025-07-02 01:25:14,INACTIVE,True,True,0,True,True,True,True,0.0,0.0,0.0,0.0
0000IQ,2634,2019-07-18 03:59:04,INACTIVE,True,True,0,True,True,True,True,0.0,0.0,0.0,0.0
0000Q2,442,2024-12-21 12:24:37,INACTIVE,True,True,0,True,True,True,True,0.0,0.0,0.0,0.0
0002VD,932,2021-11-09 16:59:02,INACTIVE,True,True,0,True,True,True,True,0.0,0.0,0.0,0.0
0002WG,420,2023-10-01 10:37:06,INACTIVE,True,True,0,True,True,True,True,0.0,0.0,0.0,0.0
0007H9,625,2024-09-17 08:15:22,INACTIVE,True,True,0,True,True,True,True,0.0,0.0,0.0,0.0
0004GI,1097,2019-06-01 21:26:19,ACTIVE,2022-01-18,2023-02-28,637073,276910.0000000000,276358.5400000000,320.0000000000,0E-10,192416.71,481850.55,369.91,276395.02
0002WL,2389,2021-06-21 16:15:21,INACTIVE,True,True,0,True,True,True,True,0.0,0.0,0.0,0.0
0002NO,2083,2020-07-17 23:54:42,INACTIVE,True,True,0,True,True,True,True,0.0,0.0,0.0,0.0
0004TR,1449,2020-06-28 06:37:17,INACTIVE,True,True,0,True,True,True,True,0.0,0.0,0.0,0.0
0006KY,519,2024-11-08 07:28:44,INACTIVE,True,True,0,True,True,True,True,0.0,0.0,0.0,0.0
0002AI,1307,2023-01-23 11:17:41,INACTIVE,True,True,0,True,True,True,True,0.0,0.0,0.0,0.0
0006X5,646,2022-11-29 16:45:08,INACTIVE,True,True,0,True,True,True,True,0.0,0.0,0.0,0.0
00021J,1700,2022-02-21 17:29:27,INACTIVE,True,True,0,True,True,True,True,0.0,0.0,0.0,0.0
0005HT,879,2022-08-30 08:44:47,INACTIVE,True,True,0,True,True,True,True,0.0,0.0,0.0,0.0
0005W3,1509,2020-07-25 06:06:05,INACTIVE,True,True,0,True,True,True,True,0.0,0.0,0.0,0.0
0006XV,1584,2017-11-14 11:27:04,EXITED,2017-11-17,2017-11-17,106281,True,True,True,True,4714.74,36878.35,0.0,10148.79
0003CV,582,2024-08-17 15:53:52,INACTIVE,True,True,0,True,True,True,True,0.0,0.0,0.0,0.0
0002YO,483,2024-12-19 13:35:44,INACTIVE,True,True,0,True,True,True,True,0.0,0.0,0.0,0.0
0002CL,280,2019-07-08 18:40:07,ACTIVE,2024-12-28,2024-12-28,5715,7500.0000000000,7500.0000000000,0E-10,0E-10,-14544.24,-7646.22,139.66,-11247.68
0004QC,2570,2020-08-06 08:51:56,INACTIVE,True,True,0,True,True,True,True,0.0,0.0,0.0,0.0
0006SZ,3511,2018-06-04 10:22:50,INACTIVE,True,True,0,True,True,True,True,0.0,0.0,0.0,0.0
00022T,481,2024-08-04 16:02:06,INACTIVE,True,True,0,True,True,True,True,0.0,0.0,0.0,0.0
0002T4,703,2022-08-24 08:39:54,INACTIVE,2022-08-26,2022-08-26,472024,True,True,True,True,27855.39,64736.54,0.0,30325.3
0002AQ,2207,2018-04-18 20:30:00,INACTIVE,True,True,0,True,True,True,True,0.0,0.0,0.0,0.0
0005MT,691,2019-04-12 16:12:48,INACTIVE,2021-06-10,2023-03-14,359884,True,True,True,True,110998.69,227515.61,0.0,63295.0
0002WV,70,2025-11-28 00:17:53,INACTIVE,True,True,0,True,True,True,True,0.0,0.0,0.0,0.0
000066,231,2025-07-24 14:40:57,INACTIVE,True,True,0,True,True,True,True,0.0,0.0,0.0,0.0
0006TY,31,2025-11-22 10:41:34,INACTIVE,True,True,0,True,True,True,True,0.0,0.0,0.0,0.0
0003V9,2287,2019-11-11 09:00:58,INACTIVE,True,True,0,True,True,True,True,0.0,0.0,0.0,0.0
0004JK,68,2025-10-18 17:55:41,INACTIVE,True,True,0,True,True,True,True,0.0,0.0,0.0,0.0
000769,305,2024-06-17 10:58:03,ACTIVE,2024-06-21,2024-06-21,30277,50000.0000000000,0E-10,0E-10,0E-10,10508.31,9589.69,625.15,10762.36
0007CR,677,2023-10-15 14:02:23,INACTIVE,True,True,0,True,True,True,True,0.0,0.0,0.0,0.0
0005GW,1295,2020-05-22 14:38:50,INACTIVE,True,True,0,True,True,True,True,0.0,0.0,0.0,0.0
00041A,126,2019-09-13 10:04:05,ACTIVE,2025-07-25,2025-07-25,0,1000.0000000000,990.7500000000,0E-10,0E-10,0.0,0.0,23.62,22.76
0004FY,833,2023-04-13 13:27:06,INACTIVE,True,True,0,True,True,True,True,0.0,0.0,0.0,0.0
0005LS,584,2024-04-12 16:28:05,INACTIVE,True,True,0,True,True,True,True,0.0,0.0,0.0,0.0
0001YT,1180,2022-09-15 12:38:52,INACTIVE,True,True,0,True,True,True,True,0.0,0.0,0.0,0.0
00040C,1211,2022-10-16 10:37:28,INACTIVE,True,True,0,True,True,True,True,0.0,0.0,0.0,0.0
0004BQ,1767,2020-06-24 15:18:04,INACTIVE,True,True,0,True,True,True,True,0.0,0.0,0.0,0.0
00059M,1924,2020-10-06 15:52:44,INACTIVE,True,True,0,True,True,True,True,0.0,0.0,0.0,0.0
00008A,163,2022-11-01 00:00:00,ACTIVE,2022-11-01,2025-07-21,0,11720.0000000000,11637.6300000000,250.0000000000,100.0000000000,0.0,0.0,9.24,11.16
0003N3,1358,2023-06-24 14:10:01,ACTIVE,2023-06-27,2023-07-03,0,4200.0000000000,4200.0000000000,0E-10,200.0000000000,0.0,0.0,134.11,142.59
000652,325,2024-06-21 08:01:14,INACTIVE,True,True,0,True,True,True,True,0.0,0.0,0.0,0.0
0001FR,2729,2019-02-28 21:48:18,INACTIVE,True,True,0,True,True,True,True,0.0,0.0,0.0,0.0
0004N8,262,2025-01-02 09:00:58,INACTIVE,True,True,0,True,True,True,True,0.0,0.0,0.0,0.0
00005B,1104,2022-08-03 15:36:00,INACTIVE,True,True,0,True,True,True,True,0.0,0.0,0.0,0.0
0005SD,792,2023-12-20 00:00:00,ACTIVE,2023-12-20,2023-12-20,3578,5000.0000000000,5000.0000000000,0E-10,0E-10,-3763.15,-3545.17,122.7,-4805.95
00067J,1076,2019-01-19 11:20:01,INACTIVE,2023-09-14,2023-09-14,7460,True,True,True,True,-9170.7,-7527.62,0.0,-7189.46
0003DE,152,2025-10-04 20:46:37,INACTIVE,True,True,0,True,True,True,True,0.0,0.0,0.0,0.0
00041M,1351,2022-04-26 04:40:39,INACTIVE,True,True,0,True,True,True,True,0.0,0.0,0.0,0.0
000206,771,2023-04-02 23:08:27,INACTIVE,True,True,0,True,True,True,True,0.0,0.0,0.0,0.0
00067O,134,2025-10-03 09:57:58,INACTIVE,True,True,0,True,True,True,True,0.0,0.0,0.0,0.0
0000CQ,641,2023-08-11 11:53:19,INACTIVE,True,True,0,True,True,True,True,0.0,0.0,0.0,0.0
000723,550,2024-07-18 08:39:35,INACTIVE,True,True,0,True,True,True,True,0.0,0.0,0.0,0.0
0004KT,154,2025-09-23 16:08:47,INACTIVE,True,True,0,True,True,True,True,0.0,0.0,0.0,0.0
0001IU,107,2025-09-19 14:25:34,INACTIVE,True,True,0,True,True,True,True,0.0,0.0,0.0,0.0
000301,2492,2018-08-09 11:04:17,INACTIVE,2018-08-10,2019-08-02,1500888,True,True,True,True,65382.51,269883.15,0.0,39469.6
0006L7,1669,2017-08-12 10:16:10,EXITED,2018-08-31,2018-08-31,99135,True,True,True,True,-183541.31,-89731.27,0.0,-70840.57
0000F6,1421,2019-01-16 11:33:16,INACTIVE,True,True,0,True,True,True,True,0.0,0.0,0.0,0.0
00070D,1095,2024-01-09 11:48:46,INACTIVE,True,True,0,True,True,True,True,0.0,0.0,0.0,0.0
0001Y4,30,2025-10-07 10:25:08,ACTIVE,2025-11-29,2025-12-02,0,30000.0000000000,29875.2600000000,0E-10,0E-10,0.0,0.0,604.47,805.56
00050G,1658,2020-08-10 16:47:18,INACTIVE,True,True,0,True,True,True,True,0.0,0.0,0.0,0.0
0003WV,2475,2019-04-19 09:43:44,INACTIVE,True,True,0,True,True,True,True,0.0,0.0,0.0,0.0
0006BA,222,2025-05-06 09:12:21,INACTIVE,True,True,0,True,True,True,True,0.0,0.0,0.0,0.0
00016D,1810,2017-09-29 11:24:52,INACTIVE,True,True,0,True,True,True,True,0.0,0.0,0.0,0.0
00070K,1945,2018-04-20 00:00:00,EXITED,2018-04-20,2018-05-26,15908,True,True,True,True,-11156.19,-28441.43,0.0,-12549.64
0004IH,516,2024-08-14 15:27:28,INACTIVE,True,True,0,True,True,True,True,0.0,0.0,0.0,0.0
0002BL,981,2023-03-07 21:01:32,INACTIVE,True,True,0,True,True,True,True,0.0,0.0,0.0,0.0
0000K6,3157,2019-05-06 18:08:01,EXITED,2019-05-20,2019-05-20,53658,True,True,True,True,46380.81,76298.83,0.0,31960.58
0006GH,2005,2019-04-12 15:37:57,INACTIVE,True,True,0,True,True,True,True,0.0,0.0,0.0,0.0
0000UF,1737,2022-09-27 06:34:27,INACTIVE,True,True,0,True,True,True,True,0.0,0.0,0.0,0.0
0007PC,1222,2021-10-07 11:58:50,INACTIVE,True,True,0,True,True,True,True,0.0,0.0,0.0,0.0
0000DA,269,2025-02-25 10:00:39,INACTIVE,True,True,0,True,True,True,True,0.0,0.0,0.0,0.0
0005ZF,458,2025-03-05 16:35:30,INACTIVE,True,True,0,True,True,True,True,0.0,0.0,0.0,0.0
0000FC,436,2025-02-24 11:07:01,INACTIVE,True,True,0,True,True,True,True,0.0,0.0,0.0,0.0
00012K,752,2022-06-06 11:40:57,ACTIVE,2022-06-15,2023-07-10,3297312,232058.7800000000,232354.8900000000,0E-10,0E-10,232644.23,2448626.1,267.24,173862.82
0005LK,518,2024-06-15 05:21:48,INACTIVE,True,True,0,True,True,True,True,0.0,0.0,0.0,0.0
0003Z2,613,2024-10-15 07:46:58,INACTIVE,True,True,0,True,True,True,True,0.0,0.0,0.0,0.0
0003EJ,1179,2020-07-14 19:57:45,INACTIVE,True,True,0,True,True,True,True,0.0,0.0,0.0,0.0
0002WH,68,2025-10-21 15:46:05,INACTIVE,True,True,0,True,True,True,True,0.0,0.0,0.0,0.0
0007LO,189,2025-07-16 07:33:45,INACTIVE,True,True,0,True,True,True,True,0.0,0.0,0.0,0.0
0001Q4,97,2025-11-03 11:20:05,INACTIVE,True,True,0,True,True,True,True,0.0,0.0,0.0,0.0
0001UM,1292,2022-09-19 08:24:20,INACTIVE,True,True,0,True,True,True,True,0.0,0.0,0.0,0.0
0004Z7,1032,2023-03-09 14:39:12,INACTIVE,True,True,0,True,True,True,True,0.0,0.0,0.0,0.0
0001AK,939,2024-04-13 01:35:35,INACTIVE,True,True,0,True,True,True,True,0.0,0.0,0.0,0.0
00076P,901,2022-01-14 22:19:25,INACTIVE,True,True,0,True,True,True,True,0.0,0.0,0.0,0.0
00002F,722,2024-06-30 06:49:05,INACTIVE,True,True,0,True,True,True,True,0.0,0.0,0.0,0.0
0006E0,361,2024-06-18 07:04:06,INACTIVE,True,True,0,True,True,True,True,0.0,0.0,0.0,0.0
000401,1530,2022-08-23 21:43:12,INACTIVE,True,True,0,True,True,True,True,0.0,0.0,0.0,0.0
0002HJ,771,2024-01-07 00:35:07,INACTIVE,True,True,0,True,True,True,True,0.0,0.0,0.0,0.0
0000KE,330,2024-11-10 15:51:33,INACTIVE,True,True,0,True,True,True,True,0.0,0.0,0.0,0.0
0007KH,47,2025-12-01 00:00:00,ACTIVE,2025-12-01,2025-12-01,0,1000.0000000000,0E-10,1000.0000000000,0E-10,0.0,0.0,180.58,83.81
0004RJ,3359,2019-05-17 15:22:19,INACTIVE,True,True,0,True,True,True,True,0.0,0.0,0.0,0.0
0007MD,1923,2020-08-16 13:04:24,INACTIVE,True,True,0,True,True,True,True,0.0,0.0,0.0,0.0
0004FZ,166,2025-02-21 17:55:52,INACTIVE,True,True,0,True,True,True,True,0.0,0.0,0.0,0.0
0007G9,276,2024-09-06 17:39:03,INACTIVE,True,True,0,True,True,True,True,0.0,0.0,0.0,0.0
00015J,511,2024-10-21 10:47:16,INACTIVE,True,True,0,True,True,True,True,0.0,0.0,0.0,0.0
0005RI,3000,2019-01-25 08:07:23,INACTIVE,True,True,0,True,True,True,True,0.0,0.0,0.0,0.0
0000WO,2326,2017-10-04 12:30:43,EXITED,2017-10-07,2018-12-24,287515,True,True,True,True,-174927.8,-3627.81,0.0,-124700.05
0005TV,1723,2019-09-09 10:54:55,INACTIVE,True,True,0,True,True,True,True,0.0,0.0,0.0,0.0
0001DL,3320,2018-07-16 11:31:04,INACTIVE,2018-07-26,2018-07-26,89050,True,True,True,True,885.68,55996.19,0.0,833.32
0005EG,238,2025-02-09 14:21:10,ACTIVE,2025-03-25,2025-03-25,0,1000.0000000000,1000.0000000000,0E-10,0E-10,0.0,0.0,17.55,31.15
0000DO,17,2023-11-07 18:10:39,ACTIVE,2025-05-02,2025-12-16,206168,686883.9800000000,659608.3400000000,0E-10,0E-10,-206318.15,-25308.62,2647.4,-413953.99
0001O8,1547,2021-05-20 19:47:41,INACTIVE,True,True,0,True,True,True,True,0.0,0.0,0.0,0.0
00060Q,826,2023-11-12 11:48:03,INACTIVE,True,True,0,True,True,True,True,0.0,0.0,0.0,0.0
000205,347,2025-05-23 12:29:16,INACTIVE,True,True,0,True,True,True,True,0.0,0.0,0.0,0.0
00076A,1846,2021-05-31 14:19:12,INACTIVE,True,True,0,True,True,True,True,0.0,0.0,0.0,0.0
0002OI,1932,2018-07-28 03:15:10,INACTIVE,True,True,0,True,True,True,True,0.0,0.0,0.0,0.0
0005TD,6167,2013-05-14 00:00:00,INACTIVE,2013-05-14,2013-05-14,0,0E-10,0E-10,0E-10,0E-10,0.0,0.0,0.0,0.0
00079W,2151,2018-08-07 15:39:20,INACTIVE,True,True,0,True,True,True,True,0.0,0.0,0.0,0.0
0005OY,1955,2022-05-16 13:50:39,INACTIVE,True,True,0,True,True,True,True,0.0,0.0,0.0,0.0
00053I,1420,2021-05-01 12:07:12,INACTIVE,True,True,0,True,True,True,True,0.0,0.0,0.0,0.0
0001LB,59,2025-03-25 23:15:03,ACTIVE,2025-04-11,2025-12-04,421282,730050.0000000000,729508.8200000000,200.0000000000,0E-10,-205141.02,43814.69,2681.58,-190608.07
0001JI,2744,2020-08-04 21:31:14,INACTIVE,True,True,0,True,True,True,True,0.0,0.0,0.0,0.0
000510,2702,2020-08-13 06:20:47,INACTIVE,True,True,0,True,True,True,True,0.0,0.0,0.0,0.0
0001G1,494,2023-07-14 19:18:21,INACTIVE,True,True,0,True,True,True,True,0.0,0.0,0.0,0.0
00071H,1126,2023-10-04 05:18:12,INACTIVE,True,True,0,True,True,True,True,0.0,0.0,0.0,0.0
0006TI,2444,2020-07-24 13:18:48,INACTIVE,True,True,0,True,True,True,True,0.0,0.0,0.0,0.0
00057M,1009,2019-06-11 15:11:30,ACTIVE,2022-09-24,2022-09-24,0,200.0000000000,0E-10,0E-10,0E-10,0.0,0.0,4.09,5.59
0005PK,994,2023-04-17 16:35:06,INACTIVE,True,True,0,True,True,True,True,0.0,0.0,0.0,0.0
0003HC,2948,2018-12-17 18:58:03,INACTIVE,True,True,0,True,True,True,True,0.0,0.0,0.0,0.0
00070I,4245,2017-12-27 18:02:21,INACTIVE,True,True,0,True,True,True,True,0.0,0.0,0.0,0.0
0004XI,1358,2023-02-19 10:20:21,INACTIVE,True,True,0,True,True,True,True,0.0,0.0,0.0,0.0
0005CZ,1079,2022-11-10 11:26:04,INACTIVE,True,True,0,True,True,True,True,0.0,0.0,0.0,0.0
000509,1019,2023-08-09 14:09:50,INACTIVE,True,True,0,True,True,True,True,0.0,0.0,0.0,0.0
0001UN,1663,2019-05-27 08:00:00,INACTIVE,True,True,0,True,True,True,True,0.0,0.0,0.0,0.0
0000ES,394,2024-11-15 00:00:00,ACTIVE,2024-11-15,2024-11-15,3788,5000.0000000000,5000.0000000000,0E-10,0E-10,-7533.11,-3810.37,120.4,-8179.62
00066Z,318,2025-05-12 08:33:56,ACTIVE,2025-05-14,2025-05-14,6865,5000.0000000000,4964.5000000000,0E-10,0E-10,-5565.18,-7323.84,99.3,-4754.93
000339,509,2024-10-12 20:49:05,INACTIVE,True,True,0,True,True,True,True,0.0,0.0,0.0,0.0
0001FD,2857,2019-12-12 10:38:07,INACTIVE,True,True,0,True,True,True,True,0.0,0.0,0.0,0.0
0007I3,1257,2022-08-19 09:28:20,INACTIVE,True,True,0,True,True,True,True,0.0,0.0,0.0,0.0
00025Q,476,2024-07-23 09:47:12,INACTIVE,True,True,0,True,True,True,True,0.0,0.0,0.0,0.0
00038Q,41,2025-12-13 09:55:11,INACTIVE,True,True,0,True,True,True,True,0.0,0.0,0.0,0.0
000375,1763,2017-11-29 19:54:18,INACTIVE,True,True,0,True,True,True,True,0.0,0.0,0.0,0.0
00068U,10,2026-01-08 14:22:38,INACTIVE,True,True,0,True,True,True,True,0.0,0.0,0.0,0.0
0002X2,481,2025-02-17 20:47:54,INACTIVE,True,True,0,True,True,True,True,0.0,0.0,0.0,0.0
0001ZL,1517,2023-01-12 22:12:35,INACTIVE,True,True,0,True,True,True,True,0.0,0.0,0.0,0.0
0005VS,94,2025-11-08 08:53:59,INACTIVE,True,True,0,True,True,True,True,0.0,0.0,0.0,0.0
0000LE,847,2018-05-18 22:37:11,ACTIVE,2023-05-09,2023-09-30,197552,252450.0000000000,252005.3300000000,0E-10,0E-10,-210051.5,-30415.57,1180.48,-231554.91
0004VX,304,2025-03-16 19:14:41,INACTIVE,True,True,0,True,True,True,True,0.0,0.0,0.0,0.0
0001GW,1694,2022-07-12 16:06:45,INACTIVE,True,True,0,True,True,True,True,0.0,0.0,0.0,0.0
0002N2,1302,2021-06-28 01:39:10,INACTIVE,True,True,0,True,True,True,True,0.0,0.0,0.0,0.0
0005EM,3109,2019-09-26 16:16:07,INACTIVE,True,True,0,True,True,True,True,0.0,0.0,0.0,0.0
0004J7,1308,2020-12-06 10:52:59,INACTIVE,True,True,0,True,True,True,True,0.0,0.0,0.0,0.0
0001CB,63,2025-11-30 11:15:48,INACTIVE,True,True,0,True,True,True,True,0.0,0.0,0.0,0.0
0000FI,2027,2020-09-16 10:26:10,INACTIVE,True,True,0,True,True,True,True,0.0,0.0,0.0,0.0
00027U,1394,2023-03-14 11:31:03,INACTIVE,True,True,0,True,True,True,True,0.0,0.0,0.0,0.0
0003K9,2492,2019-03-04 17:14:14,INACTIVE,True,True,0,True,True,True,True,0.0,0.0,0.0,0.0
0006HT,3128,2018-04-25 19:00:11,INACTIVE,True,True,0,True,True,True,True,0.0,0.0,0.0,0.0
0005HL,1490,2023-03-08 14:55:26,INACTIVE,True,True,0,True,True,True,True,0.0,0.0,0.0,0.0
0001VU,606,2024-03-26 08:03:15,INACTIVE,True,True,0,True,True,True,True,0.0,0.0,0.0,0.0
0006A7,264,2025-01-14 08:27:30,INACTIVE,True,True,0,True,True,True,True,0.0,0.0,0.0,0.0
00037I,570,2023-05-27 10:28:51,INACTIVE,True,True,0,True,True,True,True,0.0,0.0,0.0,0.0
0002N3,80,2025-11-03 04:54:56,INACTIVE,True,True,0,True,True,True,True,0.0,0.0,0.0,0.0
00044R,983,2023-08-14 08:37:49,INACTIVE,True,True,0,True,True,True,True,0.0,0.0,0.0,0.0
0006M6,2192,2020-09-07 06:46:04,INACTIVE,True,True,0,True,True,True,True,0.0,0.0,0.0,0.0
0006AC,228,2024-11-16 09:55:25,INACTIVE,True,True,0,True,True,True,True,0.0,0.0,0.0,0.0
00055D,583,2022-12-24 08:48:22,ACTIVE,2023-01-04,2023-01-06,0,4000.0000000000,3500.0000000000,500.0000000000,0E-10,0.0,0.0,142.89,186.2
0000OP,1168,2019-11-12 19:10:57,INACTIVE,2023-10-01,2023-10-01,4320,True,True,True,True,-7265.29,-7708.19,0.0,-5234.65
0007BW,1484,2022-08-23 19:04:11,INACTIVE,True,True,0,True,True,True,True,0.0,0.0,0.0,0.0
0007KP,138,2025-06-04 10:15:16,INACTIVE,True,True,0,True,True,True,True,0.0,0.0,0.0,0.0
0006M2,433,2023-12-24 12:48:38,INACTIVE,True,True,0,True,True,True,True,0.0,0.0,0.0,0.0
00007H,570,2023-09-07 14:31:09,INACTIVE,True,True,0,True,True,True,True,0.0,0.0,0.0,0.0
0001VT,244,2025-07-12 08:31:36,INACTIVE,True,True,0,True,True,True,True,0.0,0.0,0.0,0.0
0006XW,917,2023-12-27 17:28:46,INACTIVE,True,True,0,True,True,True,True,0.0,0.0,0.0,0.0
0001QT,1130,2023-04-29 11:19:44,INACTIVE,True,True,0,True,True,True,True,0.0,0.0,0.0,0.0
0001H5,1354,2022-10-16 14:28:31,INACTIVE,True,True,0,True,True,True,True,0.0,0.0,0.0,0.0
0003KF,631,2024-10-08 06:27:11,INACTIVE,True,True,0,True,True,True,True,0.0,0.0,0.0,0.0
000084,1981,2019-07-14 11:26:36,INACTIVE,True,True,0,True,True,True,True,0.0,0.0,0.0,0.0
00051O,149,2025-05-22 00:00:00,ACTIVE,2025-05-22,2025-07-18,68685,216000.0000000000,215884.6300000000,0E-10,0E-10,-59227.69,37331.49,1235.51,-55502.22
0003WH,2685,2018-02-05 00:00:00,EXITED,2018-02-05,2018-02-05,9431,True,True,True,True,-17145.14,-5796.34,0.0,-7102.54
0000MG,1278,2018-08-28 05:48:44,ACTIVE,2018-08-29,2023-09-10,27252,5900.0000000000,5874.1800000000,0E-10,0E-10,-50044.05,-38820.29,1.79,-53460.68
0001QC,1987,2020-11-18 14:43:58,INACTIVE,True,True,0,True,True,True,True,0.0,0.0,0.0,0.0
000564,1922,2021-01-05 15:41:01,INACTIVE,True,True,0,True,True,True,True,0.0,0.0,0.0,0.0
0001P1,951,2024-01-20 18:42:35,INACTIVE,True,True,0,True,True,True,True,0.0,0.0,0.0,0.0
0000RU,1470,2020-02-08 22:29:05,INACTIVE,True,True,0,True,True,True,True,0.0,0.0,0.0,0.0
00011S,187,2025-06-23 15:39:35,INACTIVE,True,True,0,True,True,True,True,0.0,0.0,0.0,0.0
0003T9,2164,2020-11-06 11:29:27,INACTIVE,True,True,0,True,True,True,True,0.0,0.0,0.0,0.0
00015C,2415,2021-08-06 04:23:48,INACTIVE,True,True,0,True,True,True,True,0.0,0.0,0.0,0.0
0004XL,1575,2019-06-14 14:21:58,INACTIVE,True,True,0,True,True,True,True,0.0,0.0,0.0,0.0
00070A,1559,2017-08-28 17:59:37,INACTIVE,2020-12-31,2021-07-22,1215347,True,True,True,True,-38656.6,324561.78,0.0,-55574.58
0003OM,926,2024-03-27 08:23:18,INACTIVE,True,True,0,True,True,True,True,0.0,0.0,0.0,0.0
0001GA,570,2024-10-07 11:58:05,INACTIVE,True,True,0,True,True,True,True,0.0,0.0,0.0,0.0
0003P1,1754,2021-09-23 13:36:05,INACTIVE,True,True,0,True,True,True,True,0.0,0.0,0.0,0.0
0004B1,1534,2020-06-29 11:35:21,INACTIVE,True,True,0,True,True,True,True,0.0,0.0,0.0,0.0
0005VL,561,2023-10-21 09:37:11,INACTIVE,True,True,0,True,True,True,True,0.0,0.0,0.0,0.0
0003RD,986,2022-12-14 08:00:56,INACTIVE,True,True,0,True,True,True,True,0.0,0.0,0.0,0.0
0000CJ,1487,2020-08-25 06:07:29,INACTIVE,True,True,0,True,True,True,True,0.0,0.0,0.0,0.0
000060,639,2024-09-14 00:40:04,INACTIVE,True,True,0,True,True,True,True,0.0,0.0,0.0,0.0
0002MR,1382,2022-12-10 11:26:26,INACTIVE,True,True,0,True,True,True,True,0.0,0.0,0.0,0.0
0002FT,3262,2019-05-09 13:15:49,INACTIVE,True,True,0,True,True,True,True,0.0,0.0,0.0,0.0
0001VI,89,2025-09-05 21:03:23,INACTIVE,True,True,0,True,True,True,True,0.0,0.0,0.0,0.0
0001JA,121,2025-08-19 14:24:06,INACTIVE,True,True,0,True,True,True,True,0.0,0.0,0.0,0.0
00027P,982,2023-12-03 17:58:22,INACTIVE,True,True,0,True,True,True,True,0.0,0.0,0.0,0.0
0003UM,181,2025-04-17 17:20:05,INACTIVE,True,True,0,True,True,True,True,0.0,0.0,0.0,0.0
0001BI,1561,2018-11-28 11:20:06,EXITED,2018-11-29,2019-06-03,1813129,True,True,True,True,437961.25,897211.34,0.0,366582.71
00035Y,1136,2022-07-08 16:04:34,INACTIVE,True,True,0,True,True,True,True,0.0,0.0,0.0,0.0
0005U0,782,2022-12-03 12:22:08,INACTIVE,True,True,0,True,True,True,True,0.0,0.0,0.0,0.0
00056R,745,2016-05-10 08:57:07,ACTIVE,2021-09-23,2022-07-08,142101,67877.0000000000,67872.3000000000,100.0000000000,0E-10,13993.28,43739.44,194.47,25512.7
0003ET,1027,2022-08-01 12:31:14,INACTIVE,True,True,0,True,True,True,True,0.0,0.0,0.0,0.0
0003JQ,1279,2023-06-30 07:14:34,INACTIVE,True,True,0,True,True,True,True,0.0,0.0,0.0,0.0
000403,1,2026-01-14 23:35:27,ACTIVE,True,True,0,2500.0000000000,2000.0000000000,0E-10,2000.0000000000,0.0,0.0,142.6,85.87
0006D4,1278,2022-10-04 16:56:22,INACTIVE,True,True,0,True,True,True,True,0.0,0.0,0.0,0.0
00031P,1134,2023-02-13 16:30:24,INACTIVE,True,True,0,True,True,True,True,0.0,0.0,0.0,0.0
000418,240,2025-05-27 14:51:34,INACTIVE,True,True,0,True,True,True,True,0.0,0.0,0.0,0.0
00028P,992,2023-05-04 08:58:53,INACTIVE,True,True,0,True,True,True,True,0.0,0.0,0.0,0.0
0006HV,265,2023-09-28 08:08:36,ACTIVE,2023-10-03,2024-08-21,243990,321625.0000000000,310038.2100000000,100.0000000000,0E-10,-29874.15,11579.93,543.54,-18128.36
0006KI,27,2025-11-27 00:00:00,ACTIVE,2025-11-27,2025-11-27,0,2000.0000000000,999.7500000000,1000.0000000000,0E-10,0.0,0.0,172.26,110.26
0007AG,7,2022-12-16 06:28:47,ACTIVE,2025-09-04,2026-01-08,7881562,28386692.0000000000,27939696.9600000000,2000.0000000000,0E-10,-1550436.43,-931925.38,168436.33,-2559850.13
0003ZN,2210,2021-07-09 04:36:11,ACTIVE,2021-12-02,2021-12-02,0,200.0000000000,200.0000000000,0E-10,0E-10,0.0,0.0,2.17,4.59
0000Q6,813,2021-11-12 04:57:45,ACTIVE,2021-11-18,2023-08-04,545039,27.2400000000,0E-10,0E-10,0E-10,136615.65,281531.87,0.02,159518.1
0005QF,2439,2019-03-05 23:22:45,INACTIVE,True,True,0,True,True,True,True,0.0,0.0,0.0,0.0
0007HD,954,2024-04-11 10:33:02,INACTIVE,True,True,0,True,True,True,True,0.0,0.0,0.0,0.0
0007NT,460,2024-09-19 14:21:18,ACTIVE,2024-09-20,2025-01-20,11728,39040.0000000000,27980.6300000000,0E-10,0E-10,-4018.96,3302.0,207.81,-6837.81
0000FS,798,2024-04-27 16:35:47,INACTIVE,True,True,0,True,True,True,True,0.0,0.0,0.0,0.0
00073F,3391,2016-10-18 10:32:31,EXITED,2016-10-19,2016-10-19,128876,True,True,True,True,360096.05,562023.4,0.0,476878.26
0007NV,2690,2020-10-09 10:44:09,INACTIVE,True,True,0,True,True,True,True,0.0,0.0,0.0,0.0
0002MF,1591,2022-01-04 13:25:41,INACTIVE,True,True,0,True,True,True,True,0.0,0.0,0.0,0.0
00034A,763,2024-03-26 16:31:12,INACTIVE,True,True,0,True,True,True,True,0.0,0.0,0.0,0.0
0007JS,93,2025-11-04 13:35:49,INACTIVE,True,True,0,True,True,True,True,0.0,0.0,0.0,0.0
0007P5,697,2023-02-09 06:05:27,ACTIVE,2023-12-08,2023-12-08,0,200.0000000000,0E-10,200.0000000000,0E-10,0.0,0.0,36.58,32.91
0002CD,442,2025-03-17 13:46:40,INACTIVE,True,True,0,True,True,True,True,0.0,0.0,0.0,0.0
00006Y,70,2025-11-28 00:00:00,ACTIVE,2025-11-28,2025-11-29,0,2000.0000000000,999.7500000000,1000.0000000000,0E-10,0.0,0.0,175.53,120.79
0005I6,2160,2020-08-07 13:15:03,INACTIVE,True,True,0,True,True,True,True,0.0,0.0,0.0,0.0
0001U5,39,2025-11-22 09:33:03,INACTIVE,True,True,0,True,True,True,True,0.0,0.0,0.0,0.0
00024Y,3108,2019-05-14 15:48:28,INACTIVE,True,True,0,True,True,True,True,0.0,0.0,0.0,0.0
0004U7,518,2024-04-25 21:38:09,INACTIVE,True,True,0,True,True,True,True,0.0,0.0,0.0,0.0
00000O,1076,2023-04-22 07:21:08,INACTIVE,True,True,0,True,True,True,True,0.0,0.0,0.0,0.0
0001SR,604,2023-03-23 01:35:58,INACTIVE,True,True,0,True,True,True,True,0.0,0.0,0.0,0.0
00005U,2606,2020-08-01 16:55:10,INACTIVE,True,True,0,True,True,True,True,0.0,0.0,0.0,0.0
0005VI,744,2024-08-23 06:18:17,INACTIVE,True,True,0,True,True,True,True,0.0,0.0,0.0,0.0
0006N4,1563,2018-11-02 11:17:46,INACTIVE,True,True,0,True,True,True,True,0.0,0.0,0.0,0.0
000441,1113,2023-07-26 19:33:49,INACTIVE,True,True,0,True,True,True,True,0.0,0.0,0.0,0.0
0006SI,1852,2022-04-25 10:59:54,INACTIVE,True,True,0,True,True,True,True,0.0,0.0,0.0,0.0
0006NX,1626,2018-05-17 11:14:11,INACTIVE,2018-05-21,2018-09-27,542659,True,True,True,True,252084.96,186503.39,0.0,249842.11
0005Q1,185,2025-05-12 14:09:51,INACTIVE,True,True,0,True,True,True,True,0.0,0.0,0.0,0.0
00050R,2037,2019-10-15 15:56:39,INACTIVE,True,True,0,True,True,True,True,0.0,0.0,0.0,0.0
0006ZX,2470,2020-12-24 20:11:31,INACTIVE,True,True,0,True,True,True,True,0.0,0.0,0.0,0.0
0007E4,567,2024-06-23 17:07:44,INACTIVE,True,True,0,True,True,True,True,0.0,0.0,0.0,0.0
0005P7,533,2023-09-29 10:54:19,ACTIVE,2023-09-30,2023-10-01,0,4000.0000000000,4000.0000000000,0E-10,2000.0000000000,0.0,0.0,147.72,168.46
00019D,118,2025-07-02 12:44:32,ACTIVE,2025-07-19,2025-08-12,14984,12000.0000000000,11886.6300000000,0E-10,0E-10,-6739.01,-9299.8,148.99,-5667.42
0007JJ,2090,2020-02-16 14:17:28,INACTIVE,True,True,0,True,True,True,True,0.0,0.0,0.0,0.0
0000L6,1532,2018-03-06 00:00:00,INACTIVE,2018-03-06,2018-04-06,20753,True,True,True,True,-6495.58,-7329.86,0.0,-6092.61
00043L,2687,2019-07-15 14:32:33,INACTIVE,True,True,0,True,True,True,True,0.0,0.0,0.0,0.0
00038S,300,2024-06-22 15:20:38,INACTIVE,True,True,0,True,True,True,True,0.0,0.0,0.0,0.0
0003QI,813,2024-04-20 01:22:15,INACTIVE,True,True,0,True,True,True,True,0.0,0.0,0.0,0.0
0004VW,2655,2020-02-24 10:48:56,INACTIVE,True,True,0,True,True,True,True,0.0,0.0,0.0,0.0
000143,1446,2023-02-21 22:28:25,INACTIVE,True,True,0,True,True,True,True,0.0,0.0,0.0,0.0
0005SP,1823,2018-06-14 00:00:00,EXITED,2018-06-14,2018-06-14,11267,True,True,True,True,-10050.87,-8033.96,0.0,-15205.68
0003F8,365,2021-04-23 13:38:13,ACTIVE,2023-08-02,2025-02-18,69573,623760.0000000000,576791.8800000000,9450.0000000000,0E-10,31321.31,51664.95,608.72,26134.73
000742,1765,2022-04-08 10:56:06,INACTIVE,True,True,0,True,True,True,True,0.0,0.0,0.0,0.0
0006FZ,2416,2019-07-12 10:26:03,INACTIVE,True,True,0,True,True,True,True,0.0,0.0,0.0,0.0
0002QD,351,2024-07-08 17:25:14,INACTIVE,True,True,0,True,True,True,True,0.0,0.0,0.0,0.0
0000V7,510,2023-09-16 00:17:43,INACTIVE,True,True,0,True,True,True,True,0.0,0.0,0.0,0.0
0000IP,168,2025-08-16 07:04:19,INACTIVE,True,True,0,True,True,True,True,0.0,0.0,0.0,0.0
0002QV,1416,2022-02-26 23:48:33,INACTIVE,True,True,0,True,True,True,True,0.0,0.0,0.0,0.0
0002FY,4665,2017-02-08 10:48:32,INACTIVE,True,True,0,True,True,True,True,0.0,0.0,0.0,0.0
0005P5,2704,2020-06-28 15:37:26,INACTIVE,True,True,0,True,True,True,True,0.0,0.0,0.0,0.0
00036G,2507,2020-06-06 13:34:57,INACTIVE,True,True,0,True,True,True,True,0.0,0.0,0.0,0.0
00038T,882,2024-05-30 19:39:54,INACTIVE,True,True,0,True,True,True,True,0.0,0.0,0.0,0.0
0000B4,369,2025-03-12 08:39:55,INACTIVE,True,True,0,True,True,True,True,0.0,0.0,0.0,0.0
0001Y5,746,2022-08-05 19:51:59,INACTIVE,True,True,0,True,True,True,True,0.0,0.0,0.0,0.0
00057C,639,2023-01-04 20:22:13,INACTIVE,True,True,0,True,True,True,True,0.0,0.0,0.0,0.0
00064A,186,2025-08-27 12:21:30,INACTIVE,True,True,0,True,True,True,True,0.0,0.0,0.0,0.0
0005NX,793,2023-07-09 16:14:24,INACTIVE,True,True,0,True,True,True,True,0.0,0.0,0.0,0.0
00046E,1671,2018-07-22 21:29:55,ACTIVE,2019-02-25,2022-10-30,2138474,7000.0000000000,7000.0000000000,0E-10,0E-10,-174118.43,939109.3,4.09,-158907.37
0002AP,1032,2021-06-21 10:35:39,INACTIVE,True,True,0,True,True,True,True,0.0,0.0,0.0,0.0
00017B,14,2025-12-26 09:40:47,INACTIVE,True,True,0,True,True,True,True,0.0,0.0,0.0,0.0
0006B2,64,2025-11-26 06:26:05,INACTIVE,True,True,0,True,True,True,True,0.0,0.0,0.0,0.0
00062T,1137,2023-09-24 00:55:06,INACTIVE,True,True,0,True,True,True,True,0.0,0.0,0.0,0.0
00001I,249,2025-07-17 00:00:00,ACTIVE,2025-07-17,2025-07-17,0,2000.0000000000,0E-10,0E-10,0E-10,0.0,0.0,49.52,30.95
000798,300,2024-09-01 13:23:29,INACTIVE,True,True,0,True,True,True,True,0.0,0.0,0.0,0.0
0005AJ,1340,2021-11-17 03:16:24,INACTIVE,True,True,0,True,True,True,True,0.0,0.0,0.0,0.0
000584,75,2024-11-06 00:00:00,ACTIVE,2024-11-06,2025-11-11,20299699,11681014.7100000000,11927332.9900000000,0E-10,223.5400000000,-6901247.87,-5746353.81,14935.27,-8825075.93
0002II,796,2024-07-02 15:53:41,ACTIVE,2024-07-03,2024-07-03,0,200.0000000000,0E-10,200.0000000000,0E-10,0.0,0.0,26.12,22.35
00052C,1741,2019-08-04 18:00:58,INACTIVE,True,True,0,True,True,True,True,0.0,0.0,0.0,0.0
0000GZ,540,2024-09-11 10:43:42,INACTIVE,True,True,0,True,True,True,True,0.0,0.0,0.0,0.0
0004S0,1668,2018-12-11 11:56:51,INACTIVE,True,True,0,True,True,True,True,0.0,0.0,0.0,0.0
0007AE,1139,2023-07-17 14:44:28,INACTIVE,True,True,0,True,True,True,True,0.0,0.0,0.0,0.0
00028G,269,2024-11-13 15:44:21,INACTIVE,True,True,0,True,True,True,True,0.0,0.0,0.0,0.0
0006W5,1219,2023-07-31 10:08:49,ACTIVE,2023-08-10,2023-10-25,195919,25100.0000000000,0E-10,0E-10,0E-10,-873766.88,5101.85,162.12,-850028.62
00058L,904,2017-12-09 19:08:02,ACTIVE,2021-11-10,2021-11-10,0,100.0000000000,100.0000000000,0E-10,0E-10,0.0,0.0,2.42,1.65
00003T,2404,2020-06-27 16:39:17,INACTIVE,True,True,0,True,True,True,True,0.0,0.0,0.0,0.0
0000VD,3871,2017-09-21 14:07:35,EXITED,2017-09-28,2017-09-28,78977,True,True,True,True,63685.87,78887.64,0.0,167845.34
0003AU,940,2022-07-15 00:48:38,ACTIVE,2022-08-24,2022-08-24,0,100.0000000000,100.0000000000,0E-10,0E-10,0.0,0.0,2.46,2.13
0003PD,1378,2021-01-15 18:20:54,INACTIVE,True,True,0,True,True,True,True,0.0,0.0,0.0,0.0
00033P,286,2025-04-29 20:54:44,INACTIVE,True,True,0,True,True,True,True,0.0,0.0,0.0,0.0
000294,641,2024-06-27 15:10:29,INACTIVE,True,True,0,True,True,True,True,0.0,0.0,0.0,0.0
0003KQ,2420,2020-08-11 22:21:29,INACTIVE,True,True,0,True,True,True,True,0.0,0.0,0.0,0.0
0006MI,1276,2022-10-22 16:29:22,INACTIVE,True,True,0,True,True,True,True,0.0,0.0,0.0,0.0
0004MI,790,2022-11-01 22:07:25,INACTIVE,True,True,0,True,True,True,True,0.0,0.0,0.0,0.0
0006FE,64,2025-12-01 18:29:29,INACTIVE,True,True,0,True,True,True,True,0.0,0.0,0.0,0.0
0002KO,741,2022-12-31 00:56:01,INACTIVE,True,True,0,True,True,True,True,0.0,0.0,0.0,0.0
0003ZW,1288,2022-09-24 03:31:01,INACTIVE,True,True,0,True,True,True,True,0.0,0.0,0.0,0.0
0000XR,2261,2021-09-06 12:02:50,INACTIVE,True,True,0,True,True,True,True,0.0,0.0,0.0,0.0
0007I0,1241,2023-08-21 15:23:46,INACTIVE,True,True,0,True,True,True,True,0.0,0.0,0.0,0.0
0002T1,1285,2020-10-09 21:41:40,INACTIVE,True,True,0,True,True,True,True,0.0,0.0,0.0,0.0
0003Z8,1000,2022-05-02 09:45:46,INACTIVE,True,True,0,True,True,True,True,0.0,0.0,0.0,0.0
0005Q0,2427,2020-01-04 05:50:14,INACTIVE,True,True,0,True,True,True,True,0.0,0.0,0.0,0.0
0003BD,226,2025-04-20 13:39:14,INACTIVE,True,True,0,True,True,True,True,0.0,0.0,0.0,0.0
0000LK,891,2024-01-22 07:26:16,INACTIVE,True,True,0,True,True,True,True,0.0,0.0,0.0,0.0
0005BQ,1313,2022-07-11 17:10:48,INACTIVE,True,True,0,True,True,True,True,0.0,0.0,0.0,0.0
000035,2468,2017-03-21 09:12:46,INACTIVE,True,True,0,True,True,True,True,0.0,0.0,0.0,0.0
0005YZ,1288,2022-03-03 01:28:35,INACTIVE,True,True,0,True,True,True,True,0.0,0.0,0.0,0.0
0005CB,56,2025-11-29 07:49:15,INACTIVE,True,True,0,True,True,True,True,0.0,0.0,0.0,0.0
0006DH,1212,2023-06-17 21:45:04,INACTIVE,True,True,0,True,True,True,True,0.0,0.0,0.0,0.0
0002NX,1407,2021-08-11 11:51:01,INACTIVE,True,True,0,True,True,True,True,0.0,0.0,0.0,0.0
0003YD,683,2022-12-13 16:15:56,INACTIVE,True,True,0,True,True,True,True,0.0,0.0,0.0,0.0
0004TK,1370,2021-08-23 11:00:24,INACTIVE,True,True,0,True,True,True,True,0.0,0.0,0.0,0.0
0003I9,1736,2021-11-01 06:05:19,INACTIVE,True,True,0,True,True,True,True,0.0,0.0,0.0,0.0
00070V,2843,2019-11-11 13:31:45,INACTIVE,True,True,0,True,True,True,True,0.0,0.0,0.0,0.0
0006U8,3197,2019-09-12 11:50:14,INACTIVE,True,True,0,True,True,True,True,0.0,0.0,0.0,0.0
0004II,1437,2023-05-08 17:50:15,INACTIVE,True,True,0,True,True,True,True,0.0,0.0,0.0,0.0
0003AG,8,2019-10-30 22:32:01,ACTIVE,2025-12-04,2026-01-07,22962,73000.0000000000,72759.5200000000,0E-10,0E-10,-15654.9,-4181.73,1848.08,-11922.49
0002WF,431,2025-03-09 10:09:20,INACTIVE,True,True,0,True,True,True,True,0.0,0.0,0.0,0.0
0003Z9,583,2023-10-13 00:00:00,ACTIVE,2023-10-13,2023-12-12,87032,223100.0000000000,222600.0000000000,0E-10,0E-10,-111633.32,-29928.84,3142.03,-79747.98
0007NP,2617,2019-04-12 20:12:52,INACTIVE,True,True,0,True,True,True,True,0.0,0.0,0.0,0.0
0003XI,549,2024-08-05 17:44:39,INACTIVE,True,True,0,True,True,True,True,0.0,0.0,0.0,0.0
0007KA,2842,2019-11-28 22:09:46,INACTIVE,True,True,0,True,True,True,True,0.0,0.0,0.0,0.0
0006V4,334,2025-04-28 18:53:50,INACTIVE,True,True,0,True,True,True,True,0.0,0.0,0.0,0.0
00079S,809,2023-03-22 20:49:28,INACTIVE,True,True,0,True,True,True,True,0.0,0.0,0.0,0.0
0006X7,604,2024-11-05 13:20:04,INACTIVE,True,True,0,True,True,True,True,0.0,0.0,0.0,0.0
0007KI,3223,2019-09-13 07:41:02,INACTIVE,True,True,0,True,True,True,True,0.0,0.0,0.0,0.0
0003TY,988,2023-07-19 17:56:48,ACTIVE,2024-02-16,2024-03-04,0,4500.0000000000,4489.0400000000,0E-10,2189.0400000000,0.0,0.0,181.47,108.01
0007HN,616,2024-04-12 06:58:26,INACTIVE,True,True,0,True,True,True,True,0.0,0.0,0.0,0.0
0006HF,3061,2020-05-28 07:39:32,INACTIVE,True,True,0,True,True,True,True,0.0,0.0,0.0,0.0
0002UN,140,2024-05-03 00:00:00,ACTIVE,2024-05-03,2025-09-28,720622,1183371.0000000000,1059913.2100000000,10000.0000000000,0E-10,-73354.09,61107.96,2193.63,-165644.13
0001AA,443,2024-12-27 13:47:14,INACTIVE,True,True,0,True,True,True,True,0.0,0.0,0.0,0.0
0004DD,1281,2022-04-12 11:13:19,INACTIVE,True,True,0,True,True,True,True,0.0,0.0,0.0,0.0
00019W,4238,2017-05-25 00:00:00,INACTIVE,2017-05-25,2017-05-25,29730,True,True,True,True,13285.67,19946.84,0.0,20693.52
0004PH,3390,2018-09-10 09:33:47,INACTIVE,2018-09-12,2018-09-12,338480,True,True,True,True,928834.85,778277.0,0.0,698910.72
0003B3,1446,2022-05-24 11:04:07,INACTIVE,True,True,0,True,True,True,True,0.0,0.0,0.0,0.0
0000J3,933,2024-05-02 19:51:48,INACTIVE,True,True,0,True,True,True,True,0.0,0.0,0.0,0.0
000328,1999,2018-09-27 01:07:06,INACTIVE,True,True,0,True,True,True,True,0.0,0.0,0.0,0.0
0003FI,8,2026-01-08 15:06:08,INACTIVE,True,True,0,True,True,True,True,0.0,0.0,0.0,0.0
0002OS,1647,2020-07-19 02:07:03,INACTIVE,True,True,0,True,True,True,True,0.0,0.0,0.0,0.0
0000GC,3,2020-06-20 15:50:57,ACTIVE,2025-11-21,2026-01-12,15566,45600.0000000000,45436.9500000000,0E-10,0E-10,-31307.65,-16542.24,429.72,-15278.47
0001TB,987,2022-09-20 11:26:50,EXITED,2022-09-21,2022-10-27,30455,True,True,True,True,-10611.18,-24158.14,0.0,-19512.77
00062S,133,2025-08-09 16:59:55,INACTIVE,True,True,0,True,True,True,True,0.0,0.0,0.0,0.0
0005S0,2130,2019-05-23 21:24:20,INACTIVE,True,True,0,True,True,True,True,0.0,0.0,0.0,0.0
0002EA,547,2023-05-08 10:52:29,INACTIVE,True,True,0,True,True,True,True,0.0,0.0,0.0,0.0
0005KR,1376,2019-01-24 04:07:18,INACTIVE,True,True,0,True,True,True,True,0.0,0.0,0.0,0.0
000622,997,2023-10-24 09:21:23,INACTIVE,True,True,0,True,True,True,True,0.0,0.0,0.0,0.0
00028S,1063,2022-06-14 20:40:08,INACTIVE,True,True,0,True,True,True,True,0.0,0.0,0.0,0.0
0000I8,1121,2017-02-10 00:00:00,INACTIVE,2017-02-10,2020-02-26,831194,True,True,True,True,-670339.56,-242294.04,0.0,-762546.52
00048O,298,2024-08-21 12:56:53,INACTIVE,True,True,0,True,True,True,True,0.0,0.0,0.0,0.0
00054J,1616,2019-09-06 07:15:15,INACTIVE,True,True,0,True,True,True,True,0.0,0.0,0.0,0.0
00026C,25,2025-11-30 00:00:00,ACTIVE,2025-11-30,2025-11-30,0,2000.0000000000,1000.0000000000,1000.0000000000,0E-10,0.0,0.0,161.3,103.1
0005NP,2960,2020-06-08 14:19:13,INACTIVE,True,True,0,True,True,True,True,0.0,0.0,0.0,0.0
0000U0,257,2024-12-17 12:14:17,ACTIVE,2025-04-25,2025-05-19,20767,40400.0000000000,39885.0100000000,500.0000000000,500.0000000000,-17725.13,-15263.41,817.6,-13774.5
0006JH,2080,2019-09-03 15:25:52,INACTIVE,True,True,0,True,True,True,True,0.0,0.0,0.0,0.0
0006S2,1844,2021-02-24 11:07:36,INACTIVE,True,True,0,True,True,True,True,0.0,0.0,0.0,0.0
0000GD,1077,2021-03-25 15:39:13,INACTIVE,True,True,0,True,True,True,True,0.0,0.0,0.0,0.0
0007ME,212,2023-04-18 11:28:48,ACTIVE,2025-04-26,2025-07-23,19910,34000.0000000000,32872.4200000000,400.0000000000,0E-10,-59024.73,10596.46,278.62,-28652.85
0001U8,541,2025-01-12 18:19:12,INACTIVE,True,True,0,True,True,True,True,0.0,0.0,0.0,0.0
0007FY,523,2023-10-08 22:07:45,INACTIVE,True,True,0,True,True,True,True,0.0,0.0,0.0,0.0
0005K7,574,2023-08-19 14:03:34,INACTIVE,True,True,0,True,True,True,True,0.0,0.0,0.0,0.0
000606,752,2024-03-20 17:21:08,INACTIVE,True,True,0,True,True,True,True,0.0,0.0,0.0,0.0
0004SZ,258,2024-12-15 14:24:23,INACTIVE,True,True,0,True,True,True,True,0.0,0.0,0.0,0.0
0002ZB,1432,2019-10-11 12:21:08,INACTIVE,True,True,0,True,True,True,True,0.0,0.0,0.0,0.0
0000T7,1851,2021-09-17 16:29:45,INACTIVE,True,True,0,True,True,True,True,0.0,0.0,0.0,0.0
0000SD,2665,2019-07-09 07:25:38,INACTIVE,True,True,0,True,True,True,True,0.0,0.0,0.0,0.0
0001F6,999,2022-03-25 16:44:22,INACTIVE,True,True,0,True,True,True,True,0.0,0.0,0.0,0.0
0006QF,29,2022-11-20 17:18:55,ACTIVE,2025-03-18,2025-12-24,23541,39904.2500000000,47452.6600000000,0E-10,0E-10,-7354.0,5929.86,119.46,-13164.28
0006KQ,1143,2020-11-13 08:10:04,INACTIVE,True,True,0,True,True,True,True,0.0,0.0,0.0,0.0
0000AZ,1223,2022-01-07 09:30:03,INACTIVE,True,True,0,True,True,True,True,0.0,0.0,0.0,0.0
0007IU,3222,2018-12-02 14:40:38,INACTIVE,True,True,0,True,True,True,True,0.0,0.0,0.0,0.0
0005CE,1561,2022-03-16 22:40:12,INACTIVE,True,True,0,True,True,True,True,0.0,0.0,0.0,0.0
00040P,1142,2023-03-14 20:14:52,INACTIVE,True,True,0,True,True,True,True,0.0,0.0,0.0,0.0
0001A3,1399,2022-10-24 13:16:49,INACTIVE,True,True,0,True,True,True,True,0.0,0.0,0.0,0.0
00074Q,711,2024-05-05 20:16:03,INACTIVE,True,True,0,True,True,True,True,0.0,0.0,0.0,0.0
0001NI,3092,2019-11-18 14:09:19,INACTIVE,True,True,0,True,True,True,True,0.0,0.0,0.0,0.0
0002J8,957,2023-08-04 11:00:13,INACTIVE,True,True,0,True,True,True,True,0.0,0.0,0.0,0.0
0007D2,1971,2020-01-20 16:29:52,INACTIVE,True,True,0,True,True,True,True,0.0,0.0,0.0,0.0
0005D8,780,2023-10-02 11:30:49,ACTIVE,2023-10-06,2024-05-09,18073,18370.0000000000,18362.5000000000,0E-10,0E-10,-10850.31,-5513.44,59.79,-9574.89
00079F,445,2024-05-07 00:00:00,ACTIVE,2024-05-07,2024-06-08,10968,16863.0000000000,16859.6300000000,0E-10,0E-10,-1972.63,585.03,419.84,-721.81
00039J,4192,2016-12-05 09:08:47,INACTIVE,True,True,0,True,True,True,True,0.0,0.0,0.0,0.0
0001TA,1826,2019-08-19 14:03:11,INACTIVE,True,True,0,True,True,True,True,0.0,0.0,0.0,0.0
0003Q1,106,2025-09-29 15:11:30,INACTIVE,True,True,0,True,True,True,True,0.0,0.0,0.0,0.0
00074T,1221,2023-05-06 07:41:11,INACTIVE,True,True,0,True,True,True,True,0.0,0.0,0.0,0.0
0000QB,542,2024-09-21 02:32:33,INACTIVE,True,True,0,True,True,True,True,0.0,0.0,0.0,0.0
0001PT,2622,2013-10-11 00:00:00,INACTIVE,2013-10-14,2013-10-14,172481,True,True,True,True,0.0,0.0,0.0,0.0
0004AM,42,2025-12-01 15:40:14,ACTIVE,2025-12-02,2025-12-02,0,1000.0000000000,0E-10,1000.0000000000,0E-10,0.0,0.0,130.33,141.49
00020C,9,2018-11-08 10:17:32,ACTIVE,2025-11-14,2026-01-08,27329,44600.0000000000,44444.5500000000,0E-10,0E-10,-27423.01,-13206.4,510.01,-19109.55
0005Z8,99,2025-11-10 11:35:59,INACTIVE,True,True,0,True,True,True,True,0.0,0.0,0.0,0.0
00021X,964,2023-04-24 17:42:41,INACTIVE,True,True,0,True,True,True,True,0.0,0.0,0.0,0.0
0006TE,32,2025-11-22 09:21:36,INACTIVE,True,True,0,True,True,True,True,0.0,0.0,0.0,0.0
0004CX,60,2016-12-09 10:31:49,ACTIVE,2022-10-01,2025-11-07,650919,803320.0000000000,795893.1000000000,6400.0000000000,400430.7100000000,-9308.92,290976.72,1109.53,-4992.65
00009I,178,2025-07-19 08:20:42,INACTIVE,True,True,0,True,True,True,True,0.0,0.0,0.0,0.0
0007FG,1177,2020-06-03 11:42:06,INACTIVE,True,True,0,True,True,True,True,0.0,0.0,0.0,0.0
00076M,150,2025-09-27 09:06:00,INACTIVE,True,True,0,True,True,True,True,0.0,0.0,0.0,0.0
0002ZJ,206,2025-07-01 12:54:45,INACTIVE,True,True,0,True,True,True,True,0.0,0.0,0.0,0.0
0006PC,497,2024-07-21 10:03:14,INACTIVE,True,True,0,True,True,True,True,0.0,0.0,0.0,0.0
0007B0,2529,2018-04-28 12:28:15,INACTIVE,True,True,0,True,True,True,True,0.0,0.0,0.0,0.0
0002Y5,468,2023-08-13 14:37:37,INACTIVE,True,True,0,True,True,True,True,0.0,0.0,0.0,0.0
0002GB,4009,2013-05-31 00:00:00,INACTIVE,2013-05-31,2015-04-08,332510,True,True,True,True,-45972.4,-45797.98,0.0,-47762.49
0001CX,2308,2019-07-25 08:45:49,INACTIVE,True,True,0,True,True,True,True,0.0,0.0,0.0,0.0
000487,147,2025-07-25 09:33:00,INACTIVE,True,True,0,True,True,True,True,0.0,0.0,0.0,0.0
0003FL,482,2024-11-25 09:10:48,INACTIVE,True,True,0,True,True,True,True,0.0,0.0,0.0,0.0
0001JE,1009,2023-01-03 08:45:54,INACTIVE,True,True,0,True,True,True,True,0.0,0.0,0.0,0.0
0000ZG,2864,2018-09-22 09:18:35,INACTIVE,True,True,0,True,True,True,True,0.0,0.0,0.0,0.0
00040G,924,2024-03-19 02:57:41,INACTIVE,True,True,0,True,True,True,True,0.0,0.0,0.0,0.0
0005IF,28,2025-12-14 07:10:26,INACTIVE,True,True,0,True,True,True,True,0.0,0.0,0.0,0.0
0002DU,1039,2022-11-15 08:50:24,INACTIVE,True,True,0,True,True,True,True,0.0,0.0,0.0,0.0
0002M3,3323,2019-05-19 17:25:13,INACTIVE,True,True,0,True,True,True,True,0.0,0.0,0.0,0.0
0001DQ,1343,2021-10-03 08:17:46,INACTIVE,True,True,0,True,True,True,True,0.0,0.0,0.0,0.0
0005GB,1116,2022-10-15 00:00:00,ACTIVE,2022-10-15,2022-10-15,0,200.0000000000,0E-10,0E-10,0E-10,0.0,0.0,4.66,6.38
0004IG,1822,2022-03-16 12:28:51,INACTIVE,True,True,0,True,True,True,True,0.0,0.0,0.0,0.0
0001DY,306,2025-04-10 07:00:54,INACTIVE,True,True,0,True,True,True,True,0.0,0.0,0.0,0.0
00071R,125,2025-10-20 21:46:44,INACTIVE,True,True,0,True,True,True,True,0.0,0.0,0.0,0.0
000031,480,2024-09-07 13:02:52,INACTIVE,True,True,0,True,True,True,True,0.0,0.0,0.0,0.0
00000K,2185,2019-12-06 17:38:19,INACTIVE,True,True,0,True,True,True,True,0.0,0.0,0.0,0.0
00037D,616,2022-12-08 11:42:17,INACTIVE,True,True,0,True,True,True,True,0.0,0.0,0.0,0.0
00068H,264,2025-01-01 14:04:12,INACTIVE,True,True,0,True,True,True,True,0.0,0.0,0.0,0.0
0002Q6,86,2025-08-06 00:00:00,ACTIVE,2025-08-06,2025-10-24,143303,508500.0000000000,505022.9800000000,2700.0000000000,0E-10,-163855.22,-14867.84,2399.8,-83079.33
0001NF,2012,2018-01-09 11:01:34,INACTIVE,True,True,0,True,True,True,True,0.0,0.0,0.0,0.0
0002E7,22,2025-03-08 19:37:41,ACTIVE,2025-03-11,2025-12-23,5870098,5299593.9900000000,5295985.4600000000,0E-10,0E-10,-5329441.79,-2925388.68,13189.09,-3615697.98
0007GT,1846,2019-08-03 12:43:57,INACTIVE,True,True,0,True,True,True,True,0.0,0.0,0.0,0.0
00075I,79,2019-07-15 15:42:12,ACTIVE,2025-04-30,2025-08-17,41217,134800.0000000000,133993.0400000000,500.0000000000,0E-10,-60655.61,-20849.22,708.6,-34497.71
0007HX,1437,2021-11-29 09:57:53,ACTIVE,2022-01-02,2022-01-02,0,100.0000000000,100.0000000000,0E-10,0E-10,0.0,0.0,2.96,1.96
0002RG,2165,2020-11-13 09:23:00,INACTIVE,True,True,0,True,True,True,True,0.0,0.0,0.0,0.0
0004TC,1633,2020-09-15 15:26:45,INACTIVE,True,True,0,True,True,True,True,0.0,0.0,0.0,0.0
0004YS,2259,2021-03-12 12:02:25,INACTIVE,True,True,0,True,True,True,True,0.0,0.0,0.0,0.0
0006S8,1242,2020-10-10 14:41:44,INACTIVE,True,True,0,True,True,True,True,0.0,0.0,0.0,0.0
00072R,167,2025-04-07 15:09:22,INACTIVE,True,True,0,True,True,True,True,0.0,0.0,0.0,0.0
0002U5,2885,2020-07-14 12:36:21,INACTIVE,True,True,0,True,True,True,True,0.0,0.0,0.0,0.0
0004QK,141,2025-10-08 15:07:29,INACTIVE,True,True,0,True,True,True,True,0.0,0.0,0.0,0.0
0000TO,1761,2020-09-21 06:55:26,INACTIVE,True,True,0,True,True,True,True,0.0,0.0,0.0,0.0
00078D,2287,2019-03-27 10:44:42,INACTIVE,True,True,0,True,True,True,True,0.0,0.0,0.0,0.0
00003J,2939,2020-02-01 12:19:35,INACTIVE,True,True,0,True,True,True,True,0.0,0.0,0.0,0.0
0007FQ,394,2024-12-29 22:30:53,INACTIVE,True,True,0,True,True,True,True,0.0,0.0,0.0,0.0
00035K,149,2025-05-18 19:16:50,INACTIVE,True,True,0,True,True,True,True,0.0,0.0,0.0,0.0
0005RH,1221,2020-08-09 00:00:00,ACTIVE,2020-08-09,2020-08-09,0,0E-10,0E-10,0E-10,1000.0000000000,0.0,0.0,25.87,29.91
000319,672,2023-02-15 15:09:09,INACTIVE,True,True,0,True,True,True,True,0.0,0.0,0.0,0.0
0003S2,462,2025-01-19 12:58:40,INACTIVE,True,True,0,True,True,True,True,0.0,0.0,0.0,0.0
0004S6,363,2025-02-20 14:08:43,INACTIVE,True,True,0,True,True,True,True,0.0,0.0,0.0,0.0
0000BV,672,2023-09-28 12:30:24,INACTIVE,True,True,0,True,True,True,True,0.0,0.0,0.0,0.0
0000TL,386,2024-06-11 19:55:21,INACTIVE,True,True,0,True,True,True,True,0.0,0.0,0.0,0.0
0001WH,93,2025-08-19 00:00:00,ACTIVE,2025-08-19,2025-08-19,13952,19400.0000000000,19329.4300000000,0E-10,0E-10,-19566.19,-19922.67,423.41,-42042.69
0001CN,2678,2018-08-03 00:00:00,INACTIVE,2018-08-03,2020-02-19,5311994,True,True,True,True,190214.03,1694831.98,0.0,225792.28
0005HG,1441,2018-02-28 08:26:10,INACTIVE,2023-03-12,2023-03-12,102865,True,True,True,True,2266.72,23904.87,0.0,961.76
0001HI,2576,2019-03-15 09:59:12,INACTIVE,True,True,0,True,True,True,True,0.0,0.0,0.0,0.0
000490,182,2025-03-04 04:47:06,ACTIVE,2025-03-18,2025-08-25,625784,2161597.3600000000,2161361.9900000000,0E-10,0E-10,-996528.55,329193.86,5378.89,-1244817.95
0002OF,418,2024-07-30 11:16:24,INACTIVE,True,True,0,True,True,True,True,0.0,0.0,0.0,0.0
0005BP,865,2023-11-10 07:57:32,INACTIVE,True,True,0,True,True,True,True,0.0,0.0,0.0,0.0
0006SV,3225,2016-03-17 11:26:34,BLACKLISTED,2016-03-24,2016-08-17,601439,True,True,True,True,-722673.34,-747940.65,0.0,-628939.21
0001UO,1631,2018-05-10 00:00:00,EXITED,2018-05-10,2018-06-11,20800,True,True,True,True,-11039.11,-7788.17,0.0,-5394.43
0007MW,790,2023-11-07 22:10:33,INACTIVE,True,True,0,True,True,True,True,0.0,0.0,0.0,0.0
00027O,1185,2023-08-19 09:46:28,INACTIVE,True,True,0,True,True,True,True,0.0,0.0,0.0,0.0
0001ZG,26,2022-02-18 02:53:28,ACTIVE,2025-02-23,2025-11-28,131600,125750.0000000000,125617.8300000000,0E-10,0E-10,-48129.22,53588.11,221.85,-69977.03
0006D6,218,2025-06-06 08:31:33,INACTIVE,True,True,0,True,True,True,True,0.0,0.0,0.0,0.0
0004OA,3478,2019-02-08 10:49:13,INACTIVE,True,True,0,True,True,True,True,0.0,0.0,0.0,0.0
0005X2,6,2026-01-10 09:21:27,INACTIVE,True,True,0,True,True,True,True,0.0,0.0,0.0,0.0
0001YA,2421,2019-05-15 08:39:38,INACTIVE,True,True,0,True,True,True,True,0.0,0.0,0.0,0.0
00044Q,154,2025-05-30 07:59:29,INACTIVE,True,True,0,True,True,True,True,0.0,0.0,0.0,0.0
0007K3,220,2025-08-05 17:13:09,INACTIVE,True,True,0,True,True,True,True,0.0,0.0,0.0,0.0
000539,1251,2020-10-17 14:44:04,INACTIVE,True,True,0,True,True,True,True,0.0,0.0,0.0,0.0
00052M,1806,2019-09-04 06:26:09,INACTIVE,True,True,0,True,True,True,True,0.0,0.0,0.0,0.0
0004K0,549,2023-06-05 02:31:58,ACTIVE,2023-08-19,2023-08-19,2168,4101.0000000000,4041.0100000000,0E-10,0E-10,-6604.33,-8082.66,55.83,-6192.22
0000QF,2281,2019-07-12 18:53:57,INACTIVE,True,True,0,True,True,True,True,0.0,0.0,0.0,0.0
00022G,119,2024-11-27 00:00:00,ACTIVE,2024-11-27,2025-10-02,0,810425.5000000000,802920.1500000000,6900.0000000000,297500.0000000000,0.0,0.0,2244.68,3071.82
0002MD,624,2018-05-24 19:44:22,ACTIVE,2024-08-20,2024-10-02,13769,44130.7700000000,44015.5300000000,0E-10,0E-10,-5904.37,-10957.53,754.47,-12669.07
0005T4,970,2022-03-07 19:59:15,ACTIVE,2023-02-17,2023-04-12,3545,1400.0000000000,1323.4900000000,0E-10,0E-10,-6854.68,-7150.57,13.49,-5207.56
000479,856,2024-06-12 09:36:51,INACTIVE,True,True,0,True,True,True,True,0.0,0.0,0.0,0.0
0007GV,240,2025-06-10 14:49:17,INACTIVE,True,True,0,True,True,True,True,0.0,0.0,0.0,0.0
0006ZY,2768,2019-03-07 16:21:43,INACTIVE,True,True,0,True,True,True,True,0.0,0.0,0.0,0.0
0003F7,793,2022-10-28 11:44:58,INACTIVE,True,True,0,True,True,True,True,0.0,0.0,0.0,0.0
0003XF,293,2024-10-19 12:58:34,ACTIVE,2024-11-16,2024-11-16,0,100.0000000000,0E-10,0E-10,0E-10,0.0,0.0,2.48,2.63
0000SG,2767,2019-01-02 18:03:13,INACTIVE,True,True,0,True,True,True,True,0.0,0.0,0.0,0.0
00056M,2652,2020-02-04 01:39:19,INACTIVE,True,True,0,True,True,True,True,0.0,0.0,0.0,0.0
0005A5,94,2022-05-11 20:16:22,ACTIVE,2025-09-03,2025-09-03,0,250.0000000000,240.7500000000,0E-10,0E-10,0.0,0.0,4.14,3.02
000186,321,2025-02-23 14:55:25,INACTIVE,True,True,0,True,True,True,True,0.0,0.0,0.0,0.0
0006AH,1746,2020-06-16 19:11:14,INACTIVE,True,True,0,True,True,True,True,0.0,0.0,0.0,0.0
0000FO,639,2024-03-05 00:00:00,ACTIVE,2024-03-05,2024-03-05,0,100.0000000000,100.0000000000,0E-10,100.0000000000,0.0,0.0,6.98,7.21
00052Q,1559,2020-02-17 11:41:52,INACTIVE,True,True,0,True,True,True,True,0.0,0.0,0.0,0.0
0000I1,1190,2020-12-15 12:55:41,INACTIVE,True,True,0,True,True,True,True,0.0,0.0,0.0,0.0
00017V,464,2024-05-24 20:29:45,ACTIVE,2024-06-29,2024-06-29,4283,5000.0000000000,4950.0000000000,0E-10,0E-10,-7759.09,-6885.54,106.89,-4615.57
0006HD,1357,2023-04-30 18:36:32,INACTIVE,True,True,0,True,True,True,True,0.0,0.0,0.0,0.0
0002O7,3484,2018-09-17 23:26:04,EXITED,2018-09-25,2018-09-25,26947,True,True,True,True,-76893.34,-55950.73,0.0,-39958.22
0004MO,41,2025-11-08 17:05:07,INACTIVE,True,True,0,True,True,True,True,0.0,0.0,0.0,0.0
0006NB,491,2023-04-20 00:00:00,ACTIVE,2023-04-20,2023-10-02,199890,276600.0000000000,275614.6300000000,0E-10,0E-10,-123134.33,-66022.3,1190.78,-136322.99
00056K,2229,2019-11-23 08:24:13,INACTIVE,True,True,0,True,True,True,True,0.0,0.0,0.0,0.0
0003LZ,785,2023-04-11 04:43:57,INACTIVE,True,True,0,True,True,True,True,0.0,0.0,0.0,0.0
0006PS,625,2024-09-30 21:34:14,INACTIVE,True,True,0,True,True,True,True,0.0,0.0,0.0,0.0
0001KG,1310,2022-05-28 14:19:33,INACTIVE,True,True,0,True,True,True,True,0.0,0.0,0.0,0.0
0004V3,770,2024-06-25 16:52:59,INACTIVE,True,True,0,True,True,True,True,0.0,0.0,0.0,0.0
00064P,1506,2019-04-06 20:07:37,INACTIVE,True,True,0,True,True,True,True,0.0,0.0,0.0,0.0
00000E,3996,2018-08-07 15:17:28,INACTIVE,True,True,0,True,True,True,True,0.0,0.0,0.0,0.0
0000IJ,151,2024-10-16 07:10:31,ACTIVE,2025-09-18,2025-09-18,0,100.0000000000,0E-10,0E-10,0E-10,0.0,0.0,2.18,1.65
000765,3037,2019-04-17 04:48:25,INACTIVE,True,True,0,True,True,True,True,0.0,0.0,0.0,0.0
000000,1456,2023-04-10 23:44:36,INACTIVE,True,True,0,True,True,True,True,0.0,0.0,0.0,0.0
0006LA,2339,2019-05-16 09:28:17,INACTIVE,2019-06-10,2019-06-10,976424,True,True,True,True,-17677.46,244670.78,0.0,-36712.6
0006H5,1610,2019-04-01 16:59:31,INACTIVE,True,True,0,True,True,True,True,0.0,0.0,0.0,0.0
0002YH,2404,2019-06-10 09:54:20,INACTIVE,True,True,0,True,True,True,True,0.0,0.0,0.0,0.0
000796,3200,2019-05-19 05:47:49,INACTIVE,True,True,0,True,True,True,True,0.0,0.0,0.0,0.0
0003AC,2693,2018-11-15 10:33:18,INACTIVE,2019-01-29,2020-08-13,1325041,True,True,True,True,335179.97,460269.18,0.0,336654.04
0000BN,1286,2022-06-24 14:25:44,INACTIVE,True,True,0,True,True,True,True,0.0,0.0,0.0,0.0
0001QH,992,2023-11-02 20:36:11,INACTIVE,True,True,0,True,True,True,True,0.0,0.0,0.0,0.0
0002BE,570,2023-12-14 07:48:11,INACTIVE,True,True,0,True,True,True,True,0.0,0.0,0.0,0.0
00009F,1888,2018-12-18 13:34:38,INACTIVE,True,True,0,True,True,True,True,0.0,0.0,0.0,0.0
0004ZL,1331,2022-09-08 22:46:59,INACTIVE,True,True,0,True,True,True,True,0.0,0.0,0.0,0.0
0000CN,236,2025-05-04 12:01:30,INACTIVE,True,True,0,True,True,True,True,0.0,0.0,0.0,0.0
0003YY,1031,2021-10-09 06:13:22,INACTIVE,True,True,0,True,True,True,True,0.0,0.0,0.0,0.0
0001UH,101,2023-05-28 11:46:57,ACTIVE,2025-10-26,2025-10-27,20164,18800.0000000000,18675.6600000000,100.0000000000,0E-10,-42589.58,-21921.4,434.14,-33625.65
0001VD,461,2024-10-25 09:31:52,INACTIVE,True,True,0,True,True,True,True,0.0,0.0,0.0,0.0
0003WM,2564,2019-02-28 21:23:40,INACTIVE,True,True,0,True,True,True,True,0.0,0.0,0.0,0.0
0005I5,1585,2019-09-30 16:31:22,INACTIVE,True,True,0,True,True,True,True,0.0,0.0,0.0,0.0
00071O,1433,2020-09-30 09:48:43,INACTIVE,True,True,0,True,True,True,True,0.0,0.0,0.0,0.0
0001E9,553,2024-10-08 12:48:23,INACTIVE,True,True,0,True,True,True,True,0.0,0.0,0.0,0.0
0001T7,1302,2023-05-28 08:18:03,INACTIVE,True,True,0,True,True,True,True,0.0,0.0,0.0,0.0
0007A0,563,2023-10-06 06:56:01,INACTIVE,True,True,0,True,True,True,True,0.0,0.0,0.0,0.0
0006IW,2622,2020-07-27 15:18:02,INACTIVE,True,True,0,True,True,True,True,0.0,0.0,0.0,0.0
0003X5,380,2025-03-26 19:32:36,INACTIVE,True,True,0,True,True,True,True,0.0,0.0,0.0,0.0
000439,991,2023-12-23 08:39:46,INACTIVE,True,True,0,True,True,True,True,0.0,0.0,0.0,0.0
00037B,2114,2020-09-09 14:28:18,INACTIVE,True,True,0,True,True,True,True,0.0,0.0,0.0,0.0
00049Y,198,2025-05-28 23:32:46,INACTIVE,True,True,0,True,True,True,True,0.0,0.0,0.0,0.0
0007FC,1347,2023-02-20 11:07:13,INACTIVE,True,True,0,True,True,True,True,0.0,0.0,0.0,0.0
0007D7,2629,2018-09-11 18:03:10,INACTIVE,True,True,0,True,True,True,True,0.0,0.0,0.0,0.0
0001W0,441,2024-05-14 16:43:42,INACTIVE,True,True,0,True,True,True,True,0.0,0.0,0.0,0.0
0001HG,500,2024-07-10 17:39:02,INACTIVE,True,True,0,True,True,True,True,0.0,0.0,0.0,0.0
00053K,403,2024-11-20 21:01:28,INACTIVE,True,True,0,True,True,True,True,0.0,0.0,0.0,0.0
0006F9,1127,2022-12-21 09:50:28,INACTIVE,True,True,0,True,True,True,True,0.0,0.0,0.0,0.0
0001A5,1902,2022-04-25 15:45:30,INACTIVE,True,True,0,True,True,True,True,0.0,0.0,0.0,0.0
0003SX,1852,2020-06-22 22:48:53,INACTIVE,True,True,0,True,True,True,True,0.0,0.0,0.0,0.0
0007GY,1839,2019-08-17 05:28:00,INACTIVE,True,True,0,True,True,True,True,0.0,0.0,0.0,0.0
0004GK,4138,2018-04-17 00:00:00,EXITED,2018-04-17,2018-04-17,7751,True,True,True,True,-16389.75,-9071.91,0.0,-17631.72
0003NJ,1129,2021-11-15 13:35:27,INACTIVE,True,True,0,True,True,True,True,0.0,0.0,0.0,0.0
0006JF,692,2022-05-03 16:23:43,INACTIVE,True,True,0,True,True,True,True,0.0,0.0,0.0,0.0
0006M0,4198,2017-07-11 10:13:44,INACTIVE,True,True,0,True,True,True,True,0.0,0.0,0.0,0.0
000059,1037,2023-11-08 06:40:23,ACTIVE,2023-12-31,2024-02-02,6396,11500.0000000000,11500.0000000000,0E-10,0E-10,-1150.78,-140.1,326.39,-685.97
00020G,2276,2020-10-08 17:23:23,INACTIVE,True,True,0,True,True,True,True,0.0,0.0,0.0,0.0
0000TD,2015,2019-12-18 20:04:39,INACTIVE,True,True,0,True,True,True,True,0.0,0.0,0.0,0.0
0002BQ,610,2024-05-09 00:00:00,ACTIVE,2024-05-09,2024-06-10,90045,82419.0000000000,82324.1900000000,0E-10,0E-10,14774.64,22604.85,1079.7,28020.71
0000SL,874,2023-11-10 09:50:53,ACTIVE,2023-11-13,2024-03-30,708647,388738.0000000000,388628.1100000000,0E-10,0E-10,-683373.35,76233.08,988.11,-341755.23
0006YW,5324,2015-07-04 00:00:00,INACTIVE,2015-07-09,2015-07-09,42658,True,True,True,True,-86567.23,-118029.66,0.0,-112712.68
0004OD,54,2025-10-18 08:55:26,INACTIVE,True,True,0,True,True,True,True,0.0,0.0,0.0,0.0
0006E9,1301,2023-06-09 12:24:39,INACTIVE,True,True,0,True,True,True,True,0.0,0.0,0.0,0.0
0002AM,1665,2021-12-17 23:46:23,INACTIVE,True,True,0,True,True,True,True,0.0,0.0,0.0,0.0
0007BO,45,2025-10-23 15:39:08,INACTIVE,True,True,0,True,True,True,True,0.0,0.0,0.0,0.0
000258,309,2024-08-26 15:36:59,INACTIVE,True,True,0,True,True,True,True,0.0,0.0,0.0,0.0
0003V4,179,2025-01-17 08:43:00,ACTIVE,2025-02-21,2025-02-21,7044,4800.0000000000,4781.6000000000,0E-10,0E-10,-12794.45,-4657.41,121.24,-4575.33
0004WO,51,2025-12-11 22:59:17,INACTIVE,True,True,0,True,True,True,True,0.0,0.0,0.0,0.0
0005FN,1145,2022-08-28 23:19:02,INACTIVE,True,True,0,True,True,True,True,0.0,0.0,0.0,0.0
0003TP,398,2024-08-07 12:57:39,ACTIVE,2024-08-29,2025-02-22,44920,68100.0000000000,67364.0000000000,600.0000000000,0E-10,-3026.56,1028.65,184.62,-3736.98
0006KV,127,2019-08-04 23:09:22,ACTIVE,2025-05-07,2025-05-07,0,100.0000000000,0E-10,100.0000000000,0E-10,0.0,0.0,17.12,8.86
000245,1424,2023-01-10 11:15:57,INACTIVE,True,True,0,True,True,True,True,0.0,0.0,0.0,0.0
0005VK,899,2023-07-15 05:52:21,INACTIVE,True,True,0,True,True,True,True,0.0,0.0,0.0,0.0
00022X,1965,2022-04-06 21:59:56,INACTIVE,True,True,0,True,True,True,True,0.0,0.0,0.0,0.0
0003IK,2026,2020-08-09 19:42:37,INACTIVE,True,True,0,True,True,True,True,0.0,0.0,0.0,0.0
00065F,460,2025-01-23 09:03:40,INACTIVE,True,True,0,True,True,True,True,0.0,0.0,0.0,0.0
0005WH,3106,2018-07-06 00:00:00,EXITED,2018-07-06,2018-07-06,11259,True,True,True,True,-15699.69,-12140.04,0.0,-13132.85
00036K,161,2025-08-08 00:00:00,ACTIVE,2025-08-08,2025-08-10,0,1000.0000000000,910.7500000000,0E-10,0E-10,0.0,0.0,29.04,24.95
0002WU,788,2024-07-20 21:12:59,INACTIVE,True,True,0,True,True,True,True,0.0,0.0,0.0,0.0
0001IG,48,2025-11-27 18:53:31,ACTIVE,2025-11-28,2025-11-28,0,2000.0000000000,1000.0000000000,1000.0000000000,0E-10,0.0,0.0,215.91,102.38
00004I,2112,2021-11-20 18:45:09,INACTIVE,True,True,0,True,True,True,True,0.0,0.0,0.0,0.0
0001VR,3,2026-01-10 20:38:39,INACTIVE,True,True,0,True,True,True,True,0.0,0.0,0.0,0.0
0003DC,2753,2019-07-12 15:30:22,INACTIVE,True,True,0,True,True,True,True,0.0,0.0,0.0,0.0
000100,844,2024-05-05 21:13:42,ACTIVE,2024-05-06,2024-05-27,0,52165.0000000000,51200.0000000000,1250.0000000000,20000.0000000000,0.0,0.0,1217.36,1352.81
0004M2,1475,2023-02-26 18:21:07,INACTIVE,True,True,0,True,True,True,True,0.0,0.0,0.0,0.0
0002U8,59,2025-11-16 23:11:29,INACTIVE,True,True,0,True,True,True,True,0.0,0.0,0.0,0.0
0005G8,302,2025-03-10 20:38:44,INACTIVE,True,True,0,True,True,True,True,0.0,0.0,0.0,0.0
000039,1489,2022-12-06 19:16:56,INACTIVE,True,True,0,True,True,True,True,0.0,0.0,0.0,0.0
0002RT,2006,2019-06-19 08:59:59,INACTIVE,True,True,0,True,True,True,True,0.0,0.0,0.0,0.0
0000FK,1824,2018-10-17 13:10:00,ACTIVE,2022-07-26,2022-07-26,0,1000.0000000000,1000.0000000000,3000.0000000000,0E-10,0.0,0.0,180.3,311.91
0001K6,1924,2019-01-09 09:10:12,INACTIVE,True,True,0,True,True,True,True,0.0,0.0,0.0,0.0
00076D,761,2022-05-31 09:06:32,INACTIVE,True,True,0,True,True,True,True,0.0,0.0,0.0,0.0
00044F,483,2024-12-31 16:12:24,INACTIVE,True,True,0,True,True,True,True,0.0,0.0,0.0,0.0
0003LQ,62,2025-11-07 21:18:56,INACTIVE,True,True,0,True,True,True,True,0.0,0.0,0.0,0.0
0000TR,2044,2019-07-03 10:08:33,INACTIVE,True,True,0,True,True,True,True,0.0,0.0,0.0,0.0
000562,2075,2019-02-13 08:37:48,INACTIVE,True,True,0,True,True,True,True,0.0,0.0,0.0,0.0
0004Y3,657,2020-06-30 10:12:55,ACTIVE,2024-10-28,2024-10-28,5966,6100.0000000000,6100.0000000000,0E-10,0E-10,-8284.22,-5131.93,106.04,-5318.31
0001ZD,2053,2020-10-17 00:36:20,INACTIVE,True,True,0,True,True,True,True,0.0,0.0,0.0,0.0
00066B,51,2025-12-11 20:08:35,ACTIVE,2025-12-12,2025-12-12,0,2000.0000000000,999.7500000000,1000.0000000000,0E-10,0.0,0.0,173.54,200.55
00075X,2610,2017-07-24 09:25:55,INACTIVE,2017-07-27,2017-07-27,83496,True,True,True,True,1841.06,46594.23,0.0,3508.71
0002GF,62,2025-11-08 08:17:23,INACTIVE,True,True,0,True,True,True,True,0.0,0.0,0.0,0.0
0001TL,1690,2019-07-17 09:13:58,INACTIVE,True,True,0,True,True,True,True,0.0,0.0,0.0,0.0
0000FG,759,2023-10-22 00:46:08,INACTIVE,True,True,0,True,True,True,True,0.0,0.0,0.0,0.0
00057P,715,2022-07-22 13:08:11,INACTIVE,True,True,0,True,True,True,True,0.0,0.0,0.0,0.0
0005D2,1317,2018-11-01 08:12:34,INACTIVE,True,True,0,True,True,True,True,0.0,0.0,0.0,0.0
0001FS,1183,2022-08-23 12:35:30,INACTIVE,True,True,0,True,True,True,True,0.0,0.0,0.0,0.0
0000HC,95,2021-02-17 11:18:20,ACTIVE,2023-06-13,2025-10-31,206595,233750.0000000000,205584.9100000000,17000.0000000000,0E-10,133629.25,232144.26,337.4,164045.99
000731,224,2025-05-21 21:06:17,INACTIVE,True,True,0,True,True,True,True,0.0,0.0,0.0,0.0
00026A,708,2024-02-20 10:10:14,INACTIVE,True,True,0,True,True,True,True,0.0,0.0,0.0,0.0
0003BW,2492,2018-08-23 14:20:37,EXITED,2018-10-29,2018-10-29,905927,True,True,True,True,138482.23,437660.77,0.0,100625.28
0003CL,2403,2019-08-20 15:26:03,INACTIVE,True,True,0,True,True,True,True,0.0,0.0,0.0,0.0
0002RN,2592,2020-06-23 15:15:33,INACTIVE,True,True,0,True,True,True,True,0.0,0.0,0.0,0.0
0001WA,1093,2023-09-30 13:57:42,INACTIVE,True,True,0,True,True,True,True,0.0,0.0,0.0,0.0
0003R3,3464,2018-12-14 00:42:27,INACTIVE,True,True,0,True,True,True,True,0.0,0.0,0.0,0.0
0006QA,776,2023-01-22 02:17:29,INACTIVE,True,True,0,True,True,True,True,0.0,0.0,0.0,0.0
0004PE,355,2025-01-09 14:59:54,INACTIVE,True,True,0,True,True,True,True,0.0,0.0,0.0,0.0
0002I9,1408,2023-02-22 14:22:01,INACTIVE,True,True,0,True,True,True,True,0.0,0.0,0.0,0.0
0000GO,911,2023-04-12 14:11:24,ACTIVE,2024-04-23,2024-04-23,0,100.0000000000,0E-10,100.0000000000,0E-10,0.0,0.0,10.21,13.5
0003JI,527,2024-08-28 13:12:35,INACTIVE,True,True,0,True,True,True,True,0.0,0.0,0.0,0.0
0001RG,2251,2019-05-21 11:08:40,EXITED,2019-05-27,2019-11-01,3682690,True,True,True,True,-1885711.16,-600946.56,0.0,-1412268.15
0003WD,2441,2020-10-03 10:13:04,INACTIVE,True,True,0,True,True,True,True,0.0,0.0,0.0,0.0
0003UI,3710,2019-03-26 03:04:04,INACTIVE,True,True,0,True,True,True,True,0.0,0.0,0.0,0.0
00032N,751,2023-10-27 12:50:05,INACTIVE,True,True,0,True,True,True,True,0.0,0.0,0.0,0.0
00020T,828,2022-08-19 14:07:23,INACTIVE,True,True,0,True,True,True,True,0.0,0.0,0.0,0.0
0004YB,354,2025-04-25 09:28:21,INACTIVE,True,True,0,True,True,True,True,0.0,0.0,0.0,0.0
0001EU,1170,2023-05-24 11:43:56,INACTIVE,True,True,0,True,True,True,True,0.0,0.0,0.0,0.0
0007K5,286,2024-06-09 22:25:21,ACTIVE,2024-06-16,2024-10-29,1205733,205500.0000000000,150000.0000000000,0E-10,0E-10,-72009.39,662911.23,1198.93,-113488.78
0000IZ,119,2025-08-24 01:20:06,INACTIVE,True,True,0,True,True,True,True,0.0,0.0,0.0,0.0
0005DT,57,2023-07-28 12:10:13,ACTIVE,2023-07-29,2025-11-22,0,366450.0000000000,366580.7500000000,1100.0000000000,0E-10,0.0,0.0,326.26,364.55
00056N,329,2025-04-23 07:59:02,INACTIVE,True,True,0,True,True,True,True,0.0,0.0,0.0,0.0
0000AE,124,2025-10-10 22:29:56,INACTIVE,True,True,0,True,True,True,True,0.0,0.0,0.0,0.0
00061G,1129,2021-04-30 11:00:19,INACTIVE,True,True,0,True,True,True,True,0.0,0.0,0.0,0.0
00068L,445,2024-05-04 10:11:03,INACTIVE,True,True,0,True,True,True,True,0.0,0.0,0.0,0.0
0000SZ,221,2025-07-21 12:53:21,INACTIVE,True,True,0,True,True,True,True,0.0,0.0,0.0,0.0
0004QG,674,2022-02-07 09:59:18,ACTIVE,2023-01-17,2023-01-17,0,2200.0000000000,2200.0000000000,0E-10,0E-10,0.0,0.0,59.45,62.23
0004PS,567,2024-06-26 21:34:59,INACTIVE,True,True,0,True,True,True,True,0.0,0.0,0.0,0.0
0001TR,237,2025-06-02 04:44:23,INACTIVE,True,True,0,True,True,True,True,0.0,0.0,0.0,0.0
00014R,1926,2019-10-04 11:38:23,INACTIVE,True,True,0,True,True,True,True,0.0,0.0,0.0,0.0
0004NB,551,2024-11-16 08:17:05,INACTIVE,True,True,0,True,True,True,True,0.0,0.0,0.0,0.0
00025P,129,2025-05-28 09:05:04,INACTIVE,True,True,0,True,True,True,True,0.0,0.0,0.0,0.0
00052N,45,2025-10-03 19:11:20,ACTIVE,2025-10-07,2025-12-11,813754,992500.0000000000,1591354.9200000000,0E-10,0E-10,-621759.2,-371579.94,8818.14,-719231.81
0006MK,277,2025-05-18 08:40:26,INACTIVE,True,True,0,True,True,True,True,0.0,0.0,0.0,0.0
0006OZ,1721,2021-05-12 11:45:34,INACTIVE,True,True,0,True,True,True,True,0.0,0.0,0.0,0.0
0003A4,793,2020-11-23 15:33:38,ACTIVE,2024-06-11,2024-06-16,0,10000.0000000000,8900.0000000000,1050.0000000000,0E-10,0.0,0.0,458.75,460.83
0006SF,1557,2019-12-21 18:34:05,INACTIVE,True,True,0,True,True,True,True,0.0,0.0,0.0,0.0
0005HK,3105,2019-07-04 23:42:31,INACTIVE,True,True,0,True,True,True,True,0.0,0.0,0.0,0.0
0000JT,285,2023-10-19 09:38:20,ACTIVE,2023-10-20,2024-11-27,59223,4427800.0000000000,4425996.5400000000,6200.0000000000,1507500.0000000000,-24418.77,-18452.44,9142.55,-5862.62
0004BU,672,2024-10-21 06:23:28,INACTIVE,True,True,0,True,True,True,True,0.0,0.0,0.0,0.0
0002PM,684,2022-07-11 08:00:38,INACTIVE,True,True,0,True,True,True,True,0.0,0.0,0.0,0.0
0001MX,1139,2023-01-30 12:47:11,INACTIVE,True,True,0,True,True,True,True,0.0,0.0,0.0,0.0
0003RM,2113,2017-05-19 11:33:40,INACTIVE,True,True,0,True,True,True,True,0.0,0.0,0.0,0.0
0005LC,1680,2020-12-22 15:01:33,INACTIVE,True,True,0,True,True,True,True,0.0,0.0,0.0,0.0
0006S5,520,2023-11-05 06:25:17,INACTIVE,True,True,0,True,True,True,True,0.0,0.0,0.0,0.0
0006W3,1087,2020-01-03 00:00:00,ACTIVE,2020-01-03,2021-10-01,0,1082.1900000000,0E-10,0E-10,0E-10,0.0,0.0,0.95,0.84
0003G8,121,2025-06-14 14:59:37,INACTIVE,True,True,0,True,True,True,True,0.0,0.0,0.0,0.0
0000XE,1099,2020-02-12 06:15:14,INACTIVE,True,True,0,True,True,True,True,0.0,0.0,0.0,0.0
000480,302,2025-05-12 12:02:51,INACTIVE,True,True,0,True,True,True,True,0.0,0.0,0.0,0.0
0004WG,165,2025-07-26 19:16:53,INACTIVE,True,True,0,True,True,True,True,0.0,0.0,0.0,0.0
00048Q,749,2022-04-13 07:38:06,INACTIVE,True,True,0,True,True,True,True,0.0,0.0,0.0,0.0
0007BY,3439,2019-07-01 07:47:45,INACTIVE,True,True,0,True,True,True,True,0.0,0.0,0.0,0.0
0004JL,594,2024-08-23 17:36:29,INACTIVE,True,True,0,True,True,True,True,0.0,0.0,0.0,0.0
0007F9,2533,2016-12-19 16:48:41,INACTIVE,True,True,0,True,True,True,True,0.0,0.0,0.0,0.0
0000RN,1258,2022-05-16 12:20:40,INACTIVE,True,True,0,True,True,True,True,0.0,0.0,0.0,0.0
00028X,2610,2018-10-26 12:08:24,INACTIVE,True,True,0,True,True,True,True,0.0,0.0,0.0,0.0
00014A,2428,2019-10-30 11:57:27,INACTIVE,True,True,0,True,True,True,True,0.0,0.0,0.0,0.0
000483,4128,2017-09-18 23:09:23,INACTIVE,True,True,0,True,True,True,True,0.0,0.0,0.0,0.0
0003WP,2533,2019-09-05 16:55:20,INACTIVE,True,True,0,True,True,True,True,0.0,0.0,0.0,0.0
0000CV,2897,2020-09-04 10:17:48,INACTIVE,True,True,0,True,True,True,True,0.0,0.0,0.0,0.0
0002V3,1738,2022-02-28 19:11:10,INACTIVE,True,True,0,True,True,True,True,0.0,0.0,0.0,0.0
00022Q,2039,2022-04-16 01:40:22,INACTIVE,True,True,0,True,True,True,True,0.0,0.0,0.0,0.0
0004UY,2344,2019-12-07 23:15:12,INACTIVE,True,True,0,True,True,True,True,0.0,0.0,0.0,0.0
0006F0,612,2024-08-14 16:39:40,INACTIVE,True,True,0,True,True,True,True,0.0,0.0,0.0,0.0
00076L,1433,2022-11-14 15:08:31,INACTIVE,True,True,0,True,True,True,True,0.0,0.0,0.0,0.0
000233,3181,2019-02-06 20:33:03,INACTIVE,True,True,0,True,True,True,True,0.0,0.0,0.0,0.0
0006U5,730,2022-03-25 21:19:16,INACTIVE,True,True,0,True,True,True,True,0.0,0.0,0.0,0.0
0000AF,1478,2019-08-04 08:06:18,INACTIVE,True,True,0,True,True,True,True,0.0,0.0,0.0,0.0
0005K9,1382,2020-11-03 20:51:44,INACTIVE,True,True,0,True,True,True,True,0.0,0.0,0.0,0.0
00037E,375,2024-09-16 10:30:34,INACTIVE,True,True,0,True,True,True,True,0.0,0.0,0.0,0.0
0007BS,1127,2023-11-05 17:09:56,INACTIVE,True,True,0,True,True,True,True,0.0,0.0,0.0,0.0
0004BF,2176,2021-03-02 22:10:38,INACTIVE,True,True,0,True,True,True,True,0.0,0.0,0.0,0.0
00065S,1079,2021-06-12 05:25:22,INACTIVE,True,True,0,True,True,True,True,0.0,0.0,0.0,0.0
00070F,2069,2019-12-05 15:18:07,INACTIVE,True,True,0,True,True,True,True,0.0,0.0,0.0,0.0
0002BB,555,2023-12-30 21:39:11,INACTIVE,True,True,0,True,True,True,True,0.0,0.0,0.0,0.0
0005MK,963,2024-01-22 09:19:14,INACTIVE,True,True,0,True,True,True,True,0.0,0.0,0.0,0.0
0002QX,3842,2018-08-11 13:20:41,EXITED,2018-08-15,2018-08-15,41581,True,True,True,True,23430.1,62827.53,0.0,21562.15
0004HU,1711,2018-12-27 00:00:00,EXITED,2018-12-27,2018-12-27,252333,True,True,True,True,436537.61,490607.74,0.0,259061.6
0006UI,474,2024-08-16 10:13:01,INACTIVE,True,True,0,True,True,True,True,0.0,0.0,0.0,0.0
0003C8,959,2024-03-26 01:25:42,INACTIVE,True,True,0,True,True,True,True,0.0,0.0,0.0,0.0
00057F,407,2025-01-28 20:09:51,INACTIVE,True,True,0,True,True,True,True,0.0,0.0,0.0,0.0
0001CW,1231,2023-07-30 15:52:10,INACTIVE,True,True,0,True,True,True,True,0.0,0.0,0.0,0.0
0002WW,1175,2022-04-16 17:47:08,INACTIVE,True,True,0,True,True,True,True,0.0,0.0,0.0,0.0
0005YK,596,2023-09-28 08:50:29,INACTIVE,True,True,0,True,True,True,True,0.0,0.0,0.0,0.0
0003CT,2721,2019-10-11 12:29:42,INACTIVE,2019-10-15,2019-10-15,568046,True,True,True,True,8927.28,372238.02,0.0,8455.19
000081,76,2025-09-18 00:00:00,ACTIVE,2025-09-18,2025-09-18,0,700.0000000000,660.7500000000,0E-10,0E-10,0.0,0.0,18.01,13.18
0001FP,184,2018-08-07 19:07:48,ACTIVE,2018-08-09,2025-08-31,203163,100000.0000000000,99969.7200000000,0E-10,0E-10,-27329.64,91427.85,19.79,-24240.13
0002RX,296,2025-05-24 08:32:22,INACTIVE,True,True,0,True,True,True,True,0.0,0.0,0.0,0.0
0003OV,339,2024-11-20 00:00:00,ACTIVE,2024-11-20,2024-11-20,11761,10300.0000000000,10206.0000000000,0E-10,0E-10,-12711.95,-13322.18,195.56,-13700.23
00001M,691,2024-02-23 12:47:34,INACTIVE,True,True,0,True,True,True,True,0.0,0.0,0.0,0.0
0007JK,401,2025-03-08 18:16:41,ACTIVE,2025-03-12,2025-03-12,0,100.0000000000,0E-10,0E-10,0E-10,0.0,0.0,2.4,2.21
00026O,1553,2023-01-29 14:18:29,INACTIVE,True,True,0,True,True,True,True,0.0,0.0,0.0,0.0
0004CB,1625,2020-10-26 19:52:18,INACTIVE,True,True,0,True,True,True,True,0.0,0.0,0.0,0.0
0007BV,3044,2019-07-31 05:30:52,INACTIVE,True,True,0,True,True,True,True,0.0,0.0,0.0,0.0
0007JZ,638,2023-07-12 12:45:22,INACTIVE,True,True,0,True,True,True,True,0.0,0.0,0.0,0.0
0003E4,2341,2021-06-22 18:59:03,INACTIVE,True,True,0,True,True,True,True,0.0,0.0,0.0,0.0
000371,1176,2023-04-30 13:27:53,INACTIVE,True,True,0,True,True,True,True,0.0,0.0,0.0,0.0
0003PZ,70,2025-09-30 08:52:27,INACTIVE,True,True,0,True,True,True,True,0.0,0.0,0.0,0.0
000027,506,2024-12-03 08:59:48,INACTIVE,True,True,0,True,True,True,True,0.0,0.0,0.0,0.0
0002GR,435,2020-09-12 13:35:13,ACTIVE,2024-09-19,2025-01-25,124690,166609.0000000000,166342.1800000000,0E-10,0E-10,-21437.94,8884.79,539.81,-10068.88
0005CJ,2386,2020-10-12 14:23:46,INACTIVE,True,True,0,True,True,True,True,0.0,0.0,0.0,0.0
0004SU,205,2025-05-17 22:33:20,INACTIVE,True,True,0,True,True,True,True,0.0,0.0,0.0,0.0
0002X1,1138,2023-07-12 12:25:57,INACTIVE,True,True,0,True,True,True,True,0.0,0.0,0.0,0.0
0006BW,586,2024-10-25 06:38:40,ACTIVE,2024-10-30,2024-10-30,9422,13100.0000000000,13100.0000000000,0E-10,0E-10,-22422.55,-12306.38,170.02,-21726.44
0005MF,876,2023-03-18 08:42:52,INACTIVE,True,True,0,True,True,True,True,0.0,0.0,0.0,0.0
0002PI,1682,2019-07-15 17:55:59,INACTIVE,True,True,0,True,True,True,True,0.0,0.0,0.0,0.0
00020P,3851,2018-06-11 00:00:00,EXITED,2018-06-11,2018-06-11,7342,True,True,True,True,-10386.52,-8899.6,0.0,-11300.74
0003IP,381,2025-02-09 00:17:04,INACTIVE,True,True,0,True,True,True,True,0.0,0.0,0.0,0.0
0003ZH,1203,2022-08-11 06:50:23,INACTIVE,True,True,0,True,True,True,True,0.0,0.0,0.0,0.0
0004QY,51,2019-01-20 13:56:06,ACTIVE,2021-04-18,2025-12-09,129444,605095.0000000000,588593.5900000000,13400.0000000000,183548.0000000000,-57867.05,-13041.37,414.34,-68338.73
00071X,1830,2018-03-01 12:32:15,INACTIVE,True,True,0,True,True,True,True,0.0,0.0,0.0,0.0
0005KM,1725,2022-06-09 15:14:57,INACTIVE,True,True,0,True,True,True,True,0.0,0.0,0.0,0.0
00030B,639,2024-04-10 16:16:59,INACTIVE,True,True,0,True,True,True,True,0.0,0.0,0.0,0.0
00063U,613,2019-01-23 22:17:41,ACTIVE,2022-09-07,2022-12-12,43829,100.0000000000,100.0000000000,0E-10,0E-10,-33762.95,-40105.13,0.57,-44134.06
0005MN,3570,2019-05-28 14:23:13,INACTIVE,True,True,0,True,True,True,True,0.0,0.0,0.0,0.0
0001FB,321,2025-05-09 11:48:02,INACTIVE,True,True,0,True,True,True,True,0.0,0.0,0.0,0.0
0007OJ,1541,2020-02-20 14:13:25,INACTIVE,True,True,0,True,True,True,True,0.0,0.0,0.0,0.0
00033U,175,2025-09-08 21:18:11,ACTIVE,2025-09-10,2025-09-14,0,350.0000000000,200.0000000000,100.0000000000,200.0000000000,0.0,0.0,14.91,16.35
0002PT,789,2024-07-14 07:44:26,INACTIVE,True,True,0,True,True,True,True,0.0,0.0,0.0,0.0
00047O,142,2025-09-28 14:19:18,INACTIVE,True,True,0,True,True,True,True,0.0,0.0,0.0,0.0
00044L,1231,2020-09-01 21:37:37,INACTIVE,True,True,0,True,True,True,True,0.0,0.0,0.0,0.0
00078E,34,2025-11-27 00:00:00,ACTIVE,2025-11-27,2025-11-27,0,2010.0000000000,1009.7500000000,1000.0000000000,0E-10,0.0,0.0,112.95,98.76
0001AT,3087,2019-04-20 08:40:35,INACTIVE,True,True,0,True,True,True,True,0.0,0.0,0.0,0.0
0000VZ,874,2024-05-07 12:18:42,INACTIVE,True,True,0,True,True,True,True,0.0,0.0,0.0,0.0
0002XB,2026,2018-04-14 14:30:07,INACTIVE,True,True,0,True,True,True,True,0.0,0.0,0.0,0.0
0001NK,2349,2019-05-07 11:07:17,INACTIVE,True,True,0,True,True,True,True,0.0,0.0,0.0,0.0
00077Y,88,2022-07-23 12:39:48,ACTIVE,2022-08-20,2025-09-03,277778,1150044.3800000000,1160246.6900000000,9004.0000000000,59900.0000000000,-43933.17,221689.11,1066.39,-28481.07
0006OJ,1484,2021-11-20 05:22:06,INACTIVE,True,True,0,True,True,True,True,0.0,0.0,0.0,0.0
0005JP,177,2025-08-13 10:19:53,INACTIVE,True,True,0,True,True,True,True,0.0,0.0,0.0,0.0
0003GL,1225,2017-10-17 16:38:02,EXITED,2017-10-26,2019-07-29,491594,True,True,True,True,146699.24,445249.09,0.0,247790.75
0001LD,381,2025-02-16 17:31:00,INACTIVE,True,True,0,True,True,True,True,0.0,0.0,0.0,0.0
0000MV,1080,2023-06-12 20:54:04,INACTIVE,True,True,0,True,True,True,True,0.0,0.0,0.0,0.0
0000K2,2336,2019-05-06 17:19:56,INACTIVE,True,True,0,True,True,True,True,0.0,0.0,0.0,0.0
0005GI,246,2025-07-23 06:58:48,INACTIVE,True,True,0,True,True,True,True,0.0,0.0,0.0,0.0
0000LV,1061,2021-06-18 21:19:02,INACTIVE,True,True,0,True,True,True,True,0.0,0.0,0.0,0.0
0006DB,574,2023-03-11 07:00:30,INACTIVE,True,True,0,True,True,True,True,0.0,0.0,0.0,0.0
00011X,508,2024-08-23 12:29:35,INACTIVE,True,True,0,True,True,True,True,0.0,0.0,0.0,0.0
0002BU,439,2024-10-24 20:31:40,ACTIVE,2024-11-16,2024-11-16,7328,5000.0000000000,5000.0000000000,0E-10,0E-10,-8434.26,-8098.37,73.66,-6530.85
00022B,670,2023-08-25 09:12:52,INACTIVE,True,True,0,True,True,True,True,0.0,0.0,0.0,0.0
0001K9,741,2024-04-10 00:00:00,ACTIVE,2024-04-10,2024-08-26,237806,140000.0000000000,140000.4600000000,0E-10,0E-10,183797.89,240125.04,718.95,194654.97
0004R4,1342,2021-03-02 07:06:11,INACTIVE,True,True,0,True,True,True,True,0.0,0.0,0.0,0.0
0002ZY,881,2022-11-28 16:51:02,INACTIVE,True,True,0,True,True,True,True,0.0,0.0,0.0,0.0
000103,2967,2019-11-05 13:03:58,INACTIVE,True,True,0,True,True,True,True,0.0,0.0,0.0,0.0
0004QM,1330,2023-06-25 21:29:25,INACTIVE,True,True,0,True,True,True,True,0.0,0.0,0.0,0.0
0002LF,831,2023-11-05 10:18:53,INACTIVE,True,True,0,True,True,True,True,0.0,0.0,0.0,0.0
000492,227,2024-11-04 12:28:42,INACTIVE,True,True,0,True,True,True,True,0.0,0.0,0.0,0.0
0005O9,1030,2022-09-29 08:22:52,INACTIVE,True,True,0,True,True,True,True,0.0,0.0,0.0,0.0
00026B,121,2023-03-07 20:32:55,ACTIVE,2025-05-02,2025-08-01,0,861056.0000000000,951503.3800000000,2000.0000000000,358944.0000000000,0.0,0.0,11373.92,4930.22
00008V,1238,2022-09-08 18:45:29,INACTIVE,True,True,0,True,True,True,True,0.0,0.0,0.0,0.0
0003IX,2929,2019-04-05 07:23:47,INACTIVE,True,True,0,True,True,True,True,0.0,0.0,0.0,0.0
0003DR,108,2025-09-16 07:55:34,INACTIVE,True,True,0,True,True,True,True,0.0,0.0,0.0,0.0
0004CS,259,2025-05-10 06:26:08,INACTIVE,True,True,0,True,True,True,True,0.0,0.0,0.0,0.0
0006WX,4112,2017-02-07 14:28:11,EXITED,True,True,0,True,True,True,True,0.0,0.0,0.0,0.0
0000R5,1175,2021-09-23 14:26:40,ACTIVE,True,True,0,1015.0000000000,0E-10,1015.0000000000,0E-10,0.0,0.0,82.39,168.95
0002L6,2008,2018-02-21 12:34:08,INACTIVE,True,True,0,True,True,True,True,0.0,0.0,0.0,0.0
0004DO,625,2024-09-23 07:48:48,INACTIVE,True,True,0,True,True,True,True,0.0,0.0,0.0,0.0
000116,1511,2018-05-04 00:00:00,INACTIVE,2018-05-04,2018-05-04,11985,True,True,True,True,-805.07,811.23,0.0,-428.04
0000T4,625,2023-05-30 19:34:33,INACTIVE,True,True,0,True,True,True,True,0.0,0.0,0.0,0.0
0005WZ,190,2025-01-09 04:29:54,INACTIVE,True,True,0,True,True,True,True,0.0,0.0,0.0,0.0
0004JE,2560,2019-05-26 16:30:54,INACTIVE,True,True,0,True,True,True,True,0.0,0.0,0.0,0.0
00063H,477,2024-11-07 10:29:49,INACTIVE,True,True,0,True,True,True,True,0.0,0.0,0.0,0.0
000256,2579,2019-03-12 05:29:32,INACTIVE,True,True,0,True,True,True,True,0.0,0.0,0.0,0.0
0003L9,2132,2019-08-28 14:18:43,INACTIVE,True,True,0,True,True,True,True,0.0,0.0,0.0,0.0
0000C2,3117,2017-09-30 09:55:34,INACTIVE,True,True,0,True,True,True,True,0.0,0.0,0.0,0.0
000784,1500,2020-02-14 04:53:22,INACTIVE,True,True,0,True,True,True,True,0.0,0.0,0.0,0.0
0002TV,99,2025-10-22 17:02:26,ACTIVE,2025-10-23,2025-11-01,19192,35200.0000000000,34668.7600000000,400.0000000000,0E-10,-5960.52,4912.29,1147.91,-4669.2
00048V,2927,2020-08-17 18:16:05,INACTIVE,True,True,0,True,True,True,True,0.0,0.0,0.0,0.0
0001Q5,762,2024-01-14 14:31:11,INACTIVE,True,True,0,True,True,True,True,0.0,0.0,0.0,0.0
00043C,2307,2018-10-22 15:40:26,EXITED,2018-10-26,2018-10-26,57069,True,True,True,True,23570.54,42090.05,0.0,43840.67
0002TO,2794,2020-02-13 00:00:00,INACTIVE,2020-02-13,2020-02-13,1454345,True,True,True,True,117721.45,1028773.15,0.0,134727.0
0006DZ,1909,2018-07-01 12:28:07,INACTIVE,True,True,0,True,True,True,True,0.0,0.0,0.0,0.0
0006MJ,831,2023-04-08 21:37:24,INACTIVE,True,True,0,True,True,True,True,0.0,0.0,0.0,0.0
0001WX,1198,2023-10-06 00:00:00,INACTIVE,2023-10-06,2023-10-06,28713,True,True,True,True,-95858.73,-54537.14,0.0,-99435.82
00050J,1570,2019-10-11 12:48:22,INACTIVE,True,True,0,True,True,True,True,0.0,0.0,0.0,0.0
0001S9,1345,2020-01-10 11:30:28,INACTIVE,True,True,0,True,True,True,True,0.0,0.0,0.0,0.0
0006NW,1472,2022-03-10 04:02:06,INACTIVE,True,True,0,True,True,True,True,0.0,0.0,0.0,0.0
0000VO,1848,2021-05-14 11:08:24,INACTIVE,2021-05-22,2021-05-22,32116,True,True,True,True,-26687.54,-45766.86,0.0,-25928.85
0001KY,1138,2023-03-15 04:43:07,INACTIVE,True,True,0,True,True,True,True,0.0,0.0,0.0,0.0
0001OS,1010,2021-11-17 14:27:52,INACTIVE,True,True,0,True,True,True,True,0.0,0.0,0.0,0.0
00057Q,78,2025-06-28 20:47:29,ACTIVE,2025-07-02,2025-11-12,77974,154100.0000000000,151729.7500000000,1500.0000000000,0E-10,-15950.87,31200.48,786.54,-18326.79
000396,2653,2016-04-03 06:35:54,INACTIVE,True,True,0,True,True,True,True,0.0,0.0,0.0,0.0
0000Q0,256,2025-07-22 12:26:18,INACTIVE,True,True,0,True,True,True,True,0.0,0.0,0.0,0.0
000348,1102,2021-11-23 11:20:18,INACTIVE,True,True,0,True,True,True,True,0.0,0.0,0.0,0.0
0005BH,144,2025-04-11 21:04:49,INACTIVE,True,True,0,True,True,True,True,0.0,0.0,0.0,0.0
0000YL,1563,2022-01-12 01:41:20,INACTIVE,True,True,0,True,True,True,True,0.0,0.0,0.0,0.0
0001RK,1508,2020-03-01 14:57:42,INACTIVE,True,True,0,True,True,True,True,0.0,0.0,0.0,0.0
0004K3,1353,2022-10-04 19:52:04,INACTIVE,True,True,0,True,True,True,True,0.0,0.0,0.0,0.0
0003IJ,534,2024-01-14 15:16:56,INACTIVE,True,True,0,True,True,True,True,0.0,0.0,0.0,0.0
0001KZ,58,2025-11-14 08:10:44,INACTIVE,True,True,0,True,True,True,True,0.0,0.0,0.0,0.0
0001OK,1928,2018-04-09 20:39:47,INACTIVE,True,True,0,True,True,True,True,0.0,0.0,0.0,0.0
0001CF,1212,2022-06-20 15:12:32,INACTIVE,True,True,0,True,True,True,True,0.0,0.0,0.0,0.0
00017W,30,2019-02-13 08:23:24,ACTIVE,2025-09-29,2025-11-29,107035,151100.0000000000,151208.7200000000,0E-10,0E-10,-85328.88,-22946.01,1550.41,-68530.71
0000FX,1279,2019-06-06 15:35:22,ACTIVE,2021-11-11,2021-11-11,0,100.0000000000,100.0000000000,0E-10,0E-10,0.0,0.0,1.59,2.01
0000L8,17,2019-07-21 23:45:06,ACTIVE,2025-10-24,2025-12-22,54036,160950.0000000000,160762.1500000000,0E-10,0E-10,-24627.17,4607.28,2096.98,-40168.64
00049Z,501,2024-12-28 12:31:42,ACTIVE,2024-12-30,2024-12-30,3307,5100.0000000000,5100.0000000000,0E-10,0E-10,-4896.52,-8616.12,115.48,-9295.75
0003RT,2288,2020-12-11 11:22:11,INACTIVE,True,True,0,True,True,True,True,0.0,0.0,0.0,0.0
0002QZ,525,2023-11-19 22:17:00,INACTIVE,True,True,0,True,True,True,True,0.0,0.0,0.0,0.0
00063M,35,2025-11-16 18:52:05,INACTIVE,True,True,0,True,True,True,True,0.0,0.0,0.0,0.0
0002CZ,74,2025-08-28 22:51:53,INACTIVE,True,True,0,True,True,True,True,0.0,0.0,0.0,0.0
00064C,1695,2019-08-27 10:35:57,INACTIVE,True,True,0,True,True,True,True,0.0,0.0,0.0,0.0
0000FJ,952,2023-05-20 19:47:54,INACTIVE,True,True,0,True,True,True,True,0.0,0.0,0.0,0.0
0001PB,1693,2020-11-21 12:33:13,INACTIVE,True,True,0,True,True,True,True,0.0,0.0,0.0,0.0
0000LG,277,2025-07-11 09:03:51,INACTIVE,True,True,0,True,True,True,True,0.0,0.0,0.0,0.0
000369,1776,2022-04-12 02:41:03,INACTIVE,True,True,0,True,True,True,True,0.0,0.0,0.0,0.0
0005O4,1478,2019-01-15 18:51:07,INACTIVE,True,True,0,True,True,True,True,0.0,0.0,0.0,0.0
0006HM,370,2024-07-03 16:04:44,INACTIVE,True,True,0,True,True,True,True,0.0,0.0,0.0,0.0
00079C,755,2022-02-11 02:07:55,INACTIVE,True,True,0,True,True,True,True,0.0,0.0,0.0,0.0
0003ZE,1628,2019-01-21 19:51:20,INACTIVE,True,True,0,True,True,True,True,0.0,0.0,0.0,0.0
0006FC,1166,2022-12-09 16:36:41,INACTIVE,True,True,0,True,True,True,True,0.0,0.0,0.0,0.0
00053T,9,2021-05-10 09:00:04,ACTIVE,2025-05-23,2025-12-30,20705,54600.0000000000,54520.3600000000,0E-10,0E-10,-35066.11,-2235.44,167.3,-36262.47
0003NS,501,2023-08-05 23:34:34,INACTIVE,True,True,0,True,True,True,True,0.0,0.0,0.0,0.0
000412,998,2021-08-14 13:31:59,INACTIVE,True,True,0,True,True,True,True,0.0,0.0,0.0,0.0
00010K,1692,2022-01-29 23:16:49,INACTIVE,True,True,0,True,True,True,True,0.0,0.0,0.0,0.0
0000M6,873,2021-06-09 14:34:47,INACTIVE,True,True,0,True,True,True,True,0.0,0.0,0.0,0.0
0004UV,1301,2023-08-14 09:12:19,INACTIVE,True,True,0,True,True,True,True,0.0,0.0,0.0,0.0
000444,284,2025-02-26 14:44:54,INACTIVE,True,True,0,True,True,True,True,0.0,0.0,0.0,0.0
0003TA,290,2025-02-02 08:08:34,INACTIVE,True,True,0,True,True,True,True,0.0,0.0,0.0,0.0
00072D,1558,2021-08-31 09:26:58,INACTIVE,True,True,0,True,True,True,True,0.0,0.0,0.0,0.0
0007FS,1257,2022-08-15 15:27:53,INACTIVE,2022-08-29,2022-08-29,126655,True,True,True,True,4388.66,46609.76,0.0,3154.74
0006AZ,980,2023-02-15 01:55:18,INACTIVE,True,True,0,True,True,True,True,0.0,0.0,0.0,0.0
0002MS,1520,2021-10-27 03:05:41,INACTIVE,True,True,0,True,True,True,True,0.0,0.0,0.0,0.0
0002VT,2058,2019-05-01 16:24:05,INACTIVE,True,True,0,True,True,True,True,0.0,0.0,0.0,0.0
00005V,68,2025-10-24 16:37:02,INACTIVE,True,True,0,True,True,True,True,0.0,0.0,0.0,0.0
0002L5,942,2021-02-23 09:18:55,INACTIVE,True,True,0,True,True,True,True,0.0,0.0,0.0,0.0
0001PY,2038,2021-04-12 15:48:43,INACTIVE,True,True,0,True,True,True,True,0.0,0.0,0.0,0.0
00018P,42,2022-07-12 20:35:38,ACTIVE,2025-07-12,2025-12-08,9589,27044.0000000000,27042.7500000000,0E-10,0E-10,-6405.52,-6781.29,74.15,-10739.32
0000JW,2637,2019-11-12 21:52:48,INACTIVE,True,True,0,True,True,True,True,0.0,0.0,0.0,0.0
0002DC,1566,2023-01-24 06:22:29,INACTIVE,True,True,0,True,True,True,True,0.0,0.0,0.0,0.0
0001CJ,280,2025-04-02 15:05:33,INACTIVE,True,True,0,True,True,True,True,0.0,0.0,0.0,0.0
00042A,180,2025-09-07 15:48:46,INACTIVE,True,True,0,True,True,True,True,0.0,0.0,0.0,0.0
0006Q0,271,2019-07-10 01:47:48,ACTIVE,2025-04-02,2025-04-03,3913,3700.0000000000,2839.7800000000,850.0000000000,0E-10,-5173.3,-7426.76,246.34,-3692.75
0002AB,2740,2018-04-11 16:20:08,INACTIVE,2018-04-14,2018-05-14,18005,True,True,True,True,-14415.48,-7376.61,0.0,-13749.46
0007AT,160,2025-08-27 16:52:59,INACTIVE,True,True,0,True,True,True,True,0.0,0.0,0.0,0.0
0007O8,1554,2020-02-05 07:47:02,INACTIVE,True,True,0,True,True,True,True,0.0,0.0,0.0,0.0
000576,868,2022-09-23 20:44:22,INACTIVE,True,True,0,True,True,True,True,0.0,0.0,0.0,0.0
0004FQ,287,2025-04-06 15:19:44,INACTIVE,True,True,0,True,True,True,True,0.0,0.0,0.0,0.0
00009G,262,2024-10-11 11:15:26,INACTIVE,True,True,0,True,True,True,True,0.0,0.0,0.0,0.0
0000QM,1090,2021-12-28 18:30:16,INACTIVE,True,True,0,True,True,True,True,0.0,0.0,0.0,0.0
00041Y,1261,2023-05-16 11:45:47,INACTIVE,True,True,0,True,True,True,True,0.0,0.0,0.0,0.0
0005X3,47,2025-11-27 23:27:34,INACTIVE,True,True,0,True,True,True,True,0.0,0.0,0.0,0.0
0000EX,341,2024-04-07 13:01:56,INACTIVE,True,True,0,True,True,True,True,0.0,0.0,0.0,0.0
0002WY,686,2022-09-09 00:00:00,ACTIVE,2022-09-09,2022-09-09,0,100.0000000000,0E-10,0E-10,0E-10,0.0,0.0,2.46,1.87
000573,3901,2018-07-08 17:48:25,INACTIVE,True,True,0,True,True,True,True,0.0,0.0,0.0,0.0
0003MD,1195,2023-10-18 13:13:26,INACTIVE,True,True,0,True,True,True,True,0.0,0.0,0.0,0.0
0004ST,1212,2023-02-18 02:23:21,INACTIVE,True,True,0,True,True,True,True,0.0,0.0,0.0,0.0
0005MR,1743,2019-01-27 07:37:23,INACTIVE,True,True,0,True,True,True,True,0.0,0.0,0.0,0.0
0001A6,844,2023-05-19 04:48:29,INACTIVE,True,True,0,True,True,True,True,0.0,0.0,0.0,0.0
00056V,1847,2019-10-06 11:44:17,INACTIVE,True,True,0,True,True,True,True,0.0,0.0,0.0,0.0
0004TT,3,2022-09-19 20:28:48,ACTIVE,2023-05-18,2026-01-13,22962,219494.0000000000,202294.7100000000,6150.0000000000,67450.0000000000,-13054.43,-3232.22,175.97,-11904.96
0005GK,337,2025-02-24 08:25:28,INACTIVE,True,True,0,True,True,True,True,0.0,0.0,0.0,0.0
0005PQ,1745,2022-04-22 20:51:39,INACTIVE,True,True,0,True,True,True,True,0.0,0.0,0.0,0.0
00009S,719,2023-10-02 14:56:10,INACTIVE,True,True,0,True,True,True,True,0.0,0.0,0.0,0.0
00002M,2484,2021-01-27 10:46:25,INACTIVE,True,True,0,True,True,True,True,0.0,0.0,0.0,0.0
0006T2,2466,2018-10-09 08:33:22,INACTIVE,2018-10-10,2018-10-10,1138260,True,True,True,True,-17005.85,501578.58,0.0,-13387.0
0000ZA,756,2023-10-14 18:55:59,INACTIVE,True,True,0,True,True,True,True,0.0,0.0,0.0,0.0
00045J,174,2025-07-23 17:53:44,INACTIVE,True,True,0,True,True,True,True,0.0,0.0,0.0,0.0
00014U,1184,2023-01-27 16:23:08,INACTIVE,True,True,0,True,True,True,True,0.0,0.0,0.0,0.0
0005O1,463,2025-02-17 00:00:00,ACTIVE,2025-02-17,2025-02-17,0,2000.0000000000,2000.0000000000,0E-10,0E-10,0.0,0.0,63.0,36.99
0001PP,943,2023-05-06 12:36:59,INACTIVE,True,True,0,True,True,True,True,0.0,0.0,0.0,0.0
0001ZE,2031,2022-02-25 10:19:47,INACTIVE,True,True,0,True,True,True,True,0.0,0.0,0.0,0.0
0004VT,2030,2019-10-28 14:56:31,INACTIVE,True,True,0,True,True,True,True,0.0,0.0,0.0,0.0
0003QZ,2362,2018-03-13 20:15:41,INACTIVE,True,True,0,True,True,True,True,0.0,0.0,0.0,0.0
0006XX,1511,2020-11-02 10:00:30,INACTIVE,True,True,0,True,True,True,True,0.0,0.0,0.0,0.0
0004DA,815,2021-10-04 15:23:48,INACTIVE,True,True,0,True,True,True,True,0.0,0.0,0.0,0.0
00045R,3660,2018-08-12 23:56:21,INACTIVE,True,True,0,True,True,True,True,0.0,0.0,0.0,0.0
0005NA,554,2023-06-03 18:30:22,INACTIVE,True,True,0,True,True,True,True,0.0,0.0,0.0,0.0
0000YN,215,2017-06-08 17:08:02,ACTIVE,2017-06-14,2025-05-02,5987668,4122695.3600000000,4122202.7800000000,0E-10,0E-10,-71887.6,4888915.19,757.0,-69211.87
0002WO,186,2024-12-24 21:17:46,ACTIVE,2025-01-26,2025-05-12,6319,31550.0000000000,31462.0000000000,0E-10,0E-10,-4445.58,886.3,186.9,-2959.09
0006DL,1109,2023-08-08 13:01:55,INACTIVE,True,True,0,True,True,True,True,0.0,0.0,0.0,0.0
0007NB,3713,2018-12-11 17:15:56,INACTIVE,True,True,0,True,True,True,True,0.0,0.0,0.0,0.0
00059X,200,2025-08-16 12:03:19,INACTIVE,True,True,0,True,True,True,True,0.0,0.0,0.0,0.0
0006LT,902,2023-01-11 00:00:00,ACTIVE,2023-01-11,2023-01-11,0,100.0000000000,0E-10,100.0000000000,0E-10,0.0,0.0,14.94,13.11
000379,2215,2019-09-11 15:05:54,INACTIVE,True,True,0,True,True,True,True,0.0,0.0,0.0,0.0
0006WW,2038,2018-07-26 09:56:58,EXITED,2018-07-28,2018-07-28,224711,True,True,True,True,-102704.11,-41148.7,0.0,-92159.05
00066C,1603,2022-12-16 06:44:29,INACTIVE,True,True,0,True,True,True,True,0.0,0.0,0.0,0.0
0003EK,137,2025-06-07 13:49:00,INACTIVE,True,True,0,True,True,True,True,0.0,0.0,0.0,0.0
00069A,2937,2020-07-02 22:23:48,INACTIVE,True,True,0,True,True,True,True,0.0,0.0,0.0,0.0
0000RP,1253,2023-06-06 19:44:25,INACTIVE,True,True,0,True,True,True,True,0.0,0.0,0.0,0.0
0004Z1,3073,2019-02-05 17:08:09,INACTIVE,True,True,0,True,True,True,True,0.0,0.0,0.0,0.0
0006VQ,761,2024-05-28 15:38:27,INACTIVE,True,True,0,True,True,True,True,0.0,0.0,0.0,0.0
0002ZE,1131,2022-05-09 10:19:53,INACTIVE,True,True,0,True,True,True,True,0.0,0.0,0.0,0.0
0000MJ,331,2024-11-25 07:24:59,INACTIVE,True,True,0,True,True,True,True,0.0,0.0,0.0,0.0
0005I2,17,2019-12-07 00:39:12,ACTIVE,2024-04-27,2025-12-27,1541595,3945053.7600000000,4622869.4200000000,7000.0000000000,0E-10,-650984.9,185065.54,3362.42,-531666.06
0000KB,293,2024-11-11 12:59:34,BLACKLISTED,True,True,0,True,True,True,True,0.0,0.0,0.0,0.0
0004FW,1312,2023-02-27 13:10:31,INACTIVE,True,True,0,True,True,True,True,0.0,0.0,0.0,0.0
0000YF,2586,2018-10-11 07:44:25,INACTIVE,2018-10-12,2018-10-12,80003,True,True,True,True,195995.79,161423.64,0.0,164047.25
0006EJ,252,2021-02-12 09:32:13,ACTIVE,2025-07-16,2025-07-17,15315,11800.0000000000,11782.4800000000,0E-10,0E-10,-28037.1,-9617.64,193.81,-15874.0
0000H1,2962,2020-02-27 21:08:44,INACTIVE,True,True,0,True,True,True,True,0.0,0.0,0.0,0.0
00007E,336,2024-08-21 09:05:56,INACTIVE,True,True,0,True,True,True,True,0.0,0.0,0.0,0.0
00013F,843,2022-10-30 21:55:01,INACTIVE,True,True,0,True,True,True,True,0.0,0.0,0.0,0.0
0007LX,1775,2020-09-14 15:21:18,INACTIVE,True,True,0,True,True,True,True,0.0,0.0,0.0,0.0
0002BG,960,2021-10-16 13:08:03,INACTIVE,True,True,0,True,True,True,True,0.0,0.0,0.0,0.0
0003ME,960,2023-10-31 13:19:47,INACTIVE,True,True,0,True,True,True,True,0.0,0.0,0.0,0.0
0005YR,275,2022-12-05 11:20:14,ACTIVE,2022-12-20,2025-06-07,37394,168245.0000000000,144608.6200000000,3800.0000000000,0E-10,-7699.84,1779.39,195.19,-6833.7
0004GM,2021,2021-07-05 09:56:38,INACTIVE,True,True,0,True,True,True,True,0.0,0.0,0.0,0.0
0007CC,1682,2021-04-17 09:16:40,INACTIVE,True,True,0,True,True,True,True,0.0,0.0,0.0,0.0
00067X,3148,2019-08-16 12:37:03,INACTIVE,True,True,0,True,True,True,True,0.0,0.0,0.0,0.0
0006TA,153,2025-08-10 02:24:58,ACTIVE,2025-08-16,2025-08-30,52377,193865.0000000000,171079.1600000000,22600.0000000000,0E-10,-162927.88,-118991.53,3547.11,-204979.46
0003J6,3216,2020-02-23 19:57:55,INACTIVE,True,True,0,True,True,True,True,0.0,0.0,0.0,0.0
00019A,1776,2022-05-06 07:31:08,INACTIVE,True,True,0,True,True,True,True,0.0,0.0,0.0,0.0
0002IC,698,2024-06-23 20:12:08,INACTIVE,True,True,0,True,True,True,True,0.0,0.0,0.0,0.0
0007B2,12,2025-10-17 08:08:59,ACTIVE,2025-10-28,2025-12-27,60205,55866.7800000000,55750.2900000000,0E-10,0E-10,-26689.61,-12351.86,710.42,-28253.7
0005LJ,136,2025-10-05 15:28:49,INACTIVE,True,True,0,True,True,True,True,0.0,0.0,0.0,0.0
0006HW,412,2024-08-22 23:13:35,INACTIVE,True,True,0,True,True,True,True,0.0,0.0,0.0,0.0
00074L,1787,2020-09-18 23:50:56,INACTIVE,True,True,0,True,True,True,True,0.0,0.0,0.0,0.0
00076I,803,2023-10-04 11:15:19,INACTIVE,True,True,0,True,True,True,True,0.0,0.0,0.0,0.0
0002YK,1363,2021-07-21 07:51:51,INACTIVE,True,True,0,True,True,True,True,0.0,0.0,0.0,0.0
0007H7,296,2024-09-15 11:33:22,INACTIVE,True,True,0,True,True,True,True,0.0,0.0,0.0,0.0
0003M4,160,2024-01-03 07:22:16,ACTIVE,2024-05-04,2025-05-31,81752,154234.2400000000,153484.5000000000,464.0000000000,0E-10,-27059.2,15038.76,369.04,-29563.7
0001C5,1247,2023-06-03 18:00:52,INACTIVE,True,True,0,True,True,True,True,0.0,0.0,0.0,0.0
0006NN,53,2020-12-17 09:08:11,ACTIVE,2025-10-30,2025-11-30,0,3000.0000000000,1010.7500000000,0E-10,0E-10,0.0,0.0,61.1,48.82
0004XY,3855,2018-09-22 14:13:55,INACTIVE,True,True,0,True,True,True,True,0.0,0.0,0.0,0.0
0006YN,757,2024-06-21 06:53:18,INACTIVE,True,True,0,True,True,True,True,0.0,0.0,0.0,0.0
00042U,1866,2020-05-18 09:23:24,INACTIVE,True,True,0,True,True,True,True,0.0,0.0,0.0,0.0
0004H4,192,2025-08-14 00:00:00,ACTIVE,2025-08-14,2025-08-19,0,200.0000000000,0E-10,200.0000000000,0E-10,0.0,0.0,15.37,26.52
0004Q9,3058,2018-04-06 00:00:00,EXITED,2018-04-06,2018-04-06,7401,True,True,True,True,-9016.45,-15519.15,0.0,-11384.73
00024W,605,2023-12-07 12:55:10,INACTIVE,True,True,0,True,True,True,True,0.0,0.0,0.0,0.0
0006CM,3514,2019-07-09 05:41:50,INACTIVE,True,True,0,True,True,True,True,0.0,0.0,0.0,0.0
00018E,834,2024-06-10 14:49:06,INACTIVE,True,True,0,True,True,True,True,0.0,0.0,0.0,0.0
0004WB,391,2024-04-16 19:28:30,INACTIVE,True,True,0,True,True,True,True,0.0,0.0,0.0,0.0
0004RU,1184,2023-08-15 12:39:37,INACTIVE,True,True,0,True,True,True,True,0.0,0.0,0.0,0.0
0005EO,57,2025-10-08 09:34:29,INACTIVE,True,True,0,True,True,True,True,0.0,0.0,0.0,0.0
0004NU,2183,2021-11-09 10:26:54,INACTIVE,True,True,0,True,True,True,True,0.0,0.0,0.0,0.0
0005KX,1801,2021-08-27 19:44:15,INACTIVE,True,True,0,True,True,True,True,0.0,0.0,0.0,0.0
0001J7,671,2023-04-14 08:08:21,INACTIVE,True,True,0,True,True,True,True,0.0,0.0,0.0,0.0
0000TB,3053,2019-09-11 11:06:09,INACTIVE,True,True,0,True,True,True,True,0.0,0.0,0.0,0.0
00023H,4,2026-01-11 15:03:18,INACTIVE,True,True,0,True,True,True,True,0.0,0.0,0.0,0.0
0000PH,1543,2018-06-28 12:19:57,INACTIVE,True,True,0,True,True,True,True,0.0,0.0,0.0,0.0
0002SR,3085,2019-07-15 11:32:53,INACTIVE,True,True,0,True,True,True,True,0.0,0.0,0.0,0.0
00018J,62,2025-11-28 17:31:03,INACTIVE,True,True,0,True,True,True,True,0.0,0.0,0.0,0.0
0002Z9,1230,2022-08-12 11:23:11,INACTIVE,True,True,0,True,True,True,True,0.0,0.0,0.0,0.0
0006WC,1422,2022-11-09 19:09:52,INACTIVE,2022-11-17,2022-11-17,228104,True,True,True,True,30296.24,66234.86,0.0,28199.99
0000V5,1214,2019-11-20 14:31:07,INACTIVE,True,True,0,True,True,True,True,0.0,0.0,0.0,0.0
0007AL,1257,2021-10-31 17:02:02,INACTIVE,True,True,0,True,True,True,True,0.0,0.0,0.0,0.0
00075V,2548,2020-02-04 18:31:05,INACTIVE,True,True,0,True,True,True,True,0.0,0.0,0.0,0.0
0001NV,720,2023-05-06 18:20:53,INACTIVE,True,True,0,True,True,True,True,0.0,0.0,0.0,0.0
00031R,1182,2022-08-20 09:54:47,INACTIVE,True,True,0,True,True,True,True,0.0,0.0,0.0,0.0
0007IR,1773,2022-08-26 01:39:02,INACTIVE,True,True,0,True,True,True,True,0.0,0.0,0.0,0.0
0007MJ,138,2025-10-02 12:05:34,ACTIVE,2025-10-03,2025-10-03,0,270.0000000000,230.7500000000,0E-10,0E-10,0.0,0.0,5.6,4.65
00072Z,670,2024-04-22 05:38:36,INACTIVE,True,True,0,True,True,True,True,0.0,0.0,0.0,0.0
0001H6,2456,2019-10-18 08:08:03,INACTIVE,True,True,0,True,True,True,True,0.0,0.0,0.0,0.0
000594,1402,2023-04-10 13:15:27,INACTIVE,True,True,0,True,True,True,True,0.0,0.0,0.0,0.0
0004LY,2777,2020-06-18 19:52:38,INACTIVE,True,True,0,True,True,True,True,0.0,0.0,0.0,0.0
0006D1,1275,2020-02-09 07:41:41,INACTIVE,True,True,0,True,True,True,True,0.0,0.0,0.0,0.0
00016K,734,2023-12-17 15:20:46,INACTIVE,True,True,0,True,True,True,True,0.0,0.0,0.0,0.0
0004RS,701,2023-04-07 10:33:39,INACTIVE,True,True,0,True,True,True,True,0.0,0.0,0.0,0.0
0004JM,307,2024-08-07 16:54:15,INACTIVE,True,True,0,True,True,True,True,0.0,0.0,0.0,0.0
00057U,1590,2020-07-19 19:56:25,INACTIVE,True,True,0,True,True,True,True,0.0,0.0,0.0,0.0
0006NM,190,2025-07-28 00:00:00,ACTIVE,2025-07-28,2025-07-28,0,101.0000000000,0E-10,100.0000000000,0E-10,0.0,0.0,17.86,10.63
0001S6,1778,2022-04-12 14:42:51,INACTIVE,True,True,0,True,True,True,True,0.0,0.0,0.0,0.0
0001ME,3037,2020-02-26 22:28:00,INACTIVE,True,True,0,True,True,True,True,0.0,0.0,0.0,0.0
0001OL,215,2025-05-27 12:49:46,INACTIVE,True,True,0,True,True,True,True,0.0,0.0,0.0,0.0
00029J,5,2025-06-02 12:18:41,ACTIVE,2025-12-09,2026-01-10,25386,141443.5300000000,140941.2900000000,0E-10,0E-10,-53554.85,-23295.6,1698.78,-28558.24
00050B,108,2025-08-03 19:08:44,INACTIVE,True,True,0,True,True,True,True,0.0,0.0,0.0,0.0
0007KJ,8,2025-09-08 00:00:00,ACTIVE,2025-09-08,2026-01-03,0,1540649.9300000000,1278249.7500000000,0E-10,638196.0000000000,0.0,0.0,11481.36,8632.47
0002YC,496,2023-08-21 22:57:55,ACTIVE,2023-08-22,2023-10-15,26766,29073.0000000000,13369.5300000000,15700.0000000000,0E-10,1315.49,5159.38,1568.07,2275.98
0004YM,734,2024-09-05 06:31:07,INACTIVE,True,True,0,True,True,True,True,0.0,0.0,0.0,0.0
00070Z,1188,2020-11-09 08:57:31,INACTIVE,True,True,0,True,True,True,True,0.0,0.0,0.0,0.0
0007J1,483,2024-12-27 13:17:38,INACTIVE,True,True,0,True,True,True,True,0.0,0.0,0.0,0.0
0007KX,226,2025-04-14 18:47:53,INACTIVE,True,True,0,True,True,True,True,0.0,0.0,0.0,0.0
0007HA,3552,2016-08-30 07:21:28,INACTIVE,True,True,0,True,True,True,True,0.0,0.0,0.0,0.0
0002VM,1443,2023-03-01 13:16:01,INACTIVE,True,True,0,True,True,True,True,0.0,0.0,0.0,0.0
0001F2,4036,2018-05-07 00:00:00,EXITED,2018-05-07,2018-05-07,5666,True,True,True,True,-6230.95,-10216.55,0.0,-9696.62
0003PM,61,2025-10-25 11:52:41,INACTIVE,True,True,0,True,True,True,True,0.0,0.0,0.0,0.0
0005CU,4108,2018-01-26 12:41:11,INACTIVE,True,True,0,True,True,True,True,0.0,0.0,0.0,0.0
0006RL,2029,2018-05-18 00:00:00,INACTIVE,2018-05-18,2018-08-27,30546,True,True,True,True,-38005.71,-18461.76,0.0,-35236.23
0002OB,247,2019-08-09 06:06:55,ACTIVE,2023-08-14,2025-07-10,57444,88600.0000000000,87304.3800000000,2000.0000000000,0E-10,-10148.5,-3584.67,54.82,-14399.99
00015Z,675,2022-06-15 15:01:34,INACTIVE,True,True,0,True,True,True,True,0.0,0.0,0.0,0.0
0002MI,991,2023-06-03 00:00:00,EXITED,2023-06-03,2023-06-03,50661,True,True,True,True,-121357.73,-69357.05,0.0,-112864.13
00030M,98,2025-10-20 19:45:53,ACTIVE,2025-10-27,2025-10-27,0,500000.0000000000,497295.6300000000,0E-10,0E-10,0.0,0.0,5420.86,7078.87
0005GR,3161,2019-07-28 23:24:20,INACTIVE,2019-07-30,2019-07-30,619064,True,True,True,True,-11773.94,149129.77,0.0,-15315.91
0000RX,3526,2018-11-04 11:41:38,INACTIVE,True,True,0,True,True,True,True,0.0,0.0,0.0,0.0
0007A8,859,2023-02-05 18:05:03,INACTIVE,True,True,0,True,True,True,True,0.0,0.0,0.0,0.0
000197,2353,2021-04-12 18:11:40,INACTIVE,True,True,0,True,True,True,True,0.0,0.0,0.0,0.0
0001MD,14,2025-11-28 15:43:39,ACTIVE,2025-11-30,2025-12-29,23986,49000.0000000000,48941.8800000000,0E-10,0E-10,-10075.04,10328.88,809.28,-14335.45
0001QQ,1918,2018-11-19 17:53:48,INACTIVE,True,True,0,True,True,True,True,0.0,0.0,0.0,0.0
0000FE,489,2021-07-11 07:43:29,INACTIVE,2023-01-15,2023-05-16,46763,True,True,True,True,3935.01,25492.44,0.0,9277.85
0005Y7,232,2023-03-27 11:41:55,ACTIVE,2025-01-02,2025-03-05,0,381500.0000000000,383161.4100000000,0E-10,0E-10,0.0,0.0,4764.65,5080.28
0007AF,1380,2019-12-04 00:41:54,INACTIVE,2019-12-06,2019-12-06,514852,True,True,True,True,40103.22,123424.19,0.0,25602.93
0005KY,1175,2023-04-21 12:44:44,INACTIVE,True,True,0,True,True,True,True,0.0,0.0,0.0,0.0
0002OP,1604,2019-03-25 06:55:09,INACTIVE,True,True,0,True,True,True,True,0.0,0.0,0.0,0.0
000663,1302,2022-10-03 04:54:17,INACTIVE,True,True,0,True,True,True,True,0.0,0.0,0.0,0.0
0002DZ,610,2023-05-18 17:58:17,INACTIVE,True,True,0,True,True,True,True,0.0,0.0,0.0,0.0
000367,540,2024-10-24 05:07:04,INACTIVE,True,True,0,True,True,True,True,0.0,0.0,0.0,0.0
0005R4,1650,2020-04-16 07:52:36,INACTIVE,True,True,0,True,True,True,True,0.0,0.0,0.0,0.0
0006FG,39,2025-11-28 00:00:00,ACTIVE,2025-11-28,2025-11-28,0,1000.0000000000,0E-10,1000.0000000000,0E-10,0.0,0.0,95.08,188.84
0004PW,178,2025-08-12 13:54:47,INACTIVE,True,True,0,True,True,True,True,0.0,0.0,0.0,0.0
000701,3605,2019-03-08 17:34:08,INACTIVE,True,True,0,True,True,True,True,0.0,0.0,0.0,0.0
00023I,76,2019-02-20 14:52:34,ACTIVE,2021-08-26,2025-11-25,0,28488538.4900000000,28491208.8900000000,0E-10,17722975.2500000000,0.0,0.0,28978.85,30986.42
0004C8,227,2025-04-25 12:53:23,INACTIVE,True,True,0,True,True,True,True,0.0,0.0,0.0,0.0
0001S3,172,2025-08-31 17:12:59,ACTIVE,2025-09-18,2025-09-18,10452,10000.0000000000,9984.3800000000,0E-10,0E-10,-17581.66,-10757.84,178.03,-10549.46
0004GB,2437,2020-01-16 11:35:07,INACTIVE,True,True,0,True,True,True,True,0.0,0.0,0.0,0.0
00027F,1608,2022-11-29 18:59:47,INACTIVE,True,True,0,True,True,True,True,0.0,0.0,0.0,0.0
0002F1,681,2022-07-05 15:42:20,INACTIVE,True,True,0,True,True,True,True,0.0,0.0,0.0,0.0
0005D0,433,2023-10-26 11:42:08,INACTIVE,True,True,0,True,True,True,True,0.0,0.0,0.0,0.0
00074E,1261,2020-01-13 13:10:53,INACTIVE,True,True,0,True,True,True,True,0.0,0.0,0.0,0.0
0007NN,3157,2019-06-01 06:17:37,INACTIVE,True,True,0,True,True,True,True,0.0,0.0,0.0,0.0
0005HM,1697,2018-10-04 00:00:00,EXITED,2018-10-04,2018-10-04,79349,True,True,True,True,110678.35,101838.53,0.0,215899.2
0004SM,539,2023-11-11 08:01:39,INACTIVE,True,True,0,True,True,True,True,0.0,0.0,0.0,0.0
0001QS,3023,2018-06-01 05:26:43,INACTIVE,True,True,0,True,True,True,True,0.0,0.0,0.0,0.0
000511,698,2024-09-23 12:23:12,INACTIVE,True,True,0,True,True,True,True,0.0,0.0,0.0,0.0
00022R,3108,2018-01-18 13:52:44,INACTIVE,2018-01-24,2018-01-24,133346,True,True,True,True,12353.65,61653.75,0.0,20110.84
0001X7,346,2025-04-09 17:25:15,INACTIVE,True,True,0,True,True,True,True,0.0,0.0,0.0,0.0
000781,2241,2017-02-13 00:00:00,EXITED,2017-02-13,2017-02-13,85269,True,True,True,True,137991.37,305468.49,0.0,280227.98
0006KX,308,2025-06-11 23:14:37,INACTIVE,True,True,0,True,True,True,True,0.0,0.0,0.0,0.0
00058P,93,2024-02-08 13:31:11,ACTIVE,2025-07-30,2025-07-31,0,48100.0000000000,48026.8800000000,0E-10,0E-10,0.0,0.0,732.47,1143.68
00042P,10,2026-01-02 20:25:08,INACTIVE,True,True,0,True,True,True,True,0.0,0.0,0.0,0.0
0001D6,229,2025-05-14 21:22:13,ACTIVE,2025-05-17,2025-05-20,23338,20000.0000000000,19982.6300000000,0E-10,0E-10,-51718.61,-15869.85,297.43,-22687.12
0003L0,1919,2018-10-21 10:58:14,INACTIVE,True,True,0,True,True,True,True,0.0,0.0,0.0,0.0
000778,3438,2017-12-14 08:31:32,INACTIVE,True,True,0,True,True,True,True,0.0,0.0,0.0,0.0
00032Q,708,2022-10-21 06:36:02,ACTIVE,2024-05-24,2024-05-24,5594,4020.0000000000,3940.2000000000,0E-10,0E-10,-5102.19,-7139.97,65.77,-3399.31
00042Y,1188,2021-06-21 12:51:51,INACTIVE,True,True,0,True,True,True,True,0.0,0.0,0.0,0.0
0003T6,410,2023-10-31 12:16:23,INACTIVE,True,True,0,True,True,True,True,0.0,0.0,0.0,0.0
0006PF,787,2022-04-15 14:14:33,INACTIVE,True,True,0,True,True,True,True,0.0,0.0,0.0,0.0
0007A1,628,2022-08-10 09:37:47,INACTIVE,True,True,0,True,True,True,True,0.0,0.0,0.0,0.0
00001U,3142,2019-12-02 10:58:36,INACTIVE,True,True,0,True,True,True,True,0.0,0.0,0.0,0.0
0000G8,2815,2019-03-03 14:29:24,INACTIVE,True,True,0,True,True,True,True,0.0,0.0,0.0,0.0
0007B1,1669,2018-11-19 10:42:13,INACTIVE,True,True,0,True,True,True,True,0.0,0.0,0.0,0.0
0000VY,1267,2019-05-23 16:36:41,INACTIVE,2019-08-08,2020-03-09,0,0E-10,0E-10,0E-10,0E-10,0.0,0.0,0.0,0.0
00066R,680,2024-08-17 17:14:34,INACTIVE,True,True,0,True,True,True,True,0.0,0.0,0.0,0.0
0004DQ,1492,2022-12-04 18:18:20,INACTIVE,True,True,0,True,True,True,True,0.0,0.0,0.0,0.0
0001FV,1336,2022-01-28 02:47:00,ACTIVE,2023-06-02,2023-06-24,69744,65600.0000000000,65520.0000000000,0E-10,0E-10,-31084.4,13139.98,922.28,-15832.46
00060I,1100,2021-06-21 15:57:03,INACTIVE,True,True,0,True,True,True,True,0.0,0.0,0.0,0.0
0004PX,2792,2018-07-25 05:08:47,INACTIVE,True,True,0,True,True,True,True,0.0,0.0,0.0,0.0
0007DO,849,2022-04-20 15:39:27,INACTIVE,True,True,0,True,True,True,True,0.0,0.0,0.0,0.0
0006JC,3032,2019-08-20 07:49:51,INACTIVE,True,True,0,True,True,True,True,0.0,0.0,0.0,0.0
000489,2697,2017-12-12 18:39:22,INACTIVE,True,True,0,True,True,True,True,0.0,0.0,0.0,0.0
0006MT,1522,2022-07-22 08:04:11,INACTIVE,True,True,0,True,True,True,True,0.0,0.0,0.0,0.0
0004BL,973,2021-01-07 16:41:45,INACTIVE,True,True,0,True,True,True,True,0.0,0.0,0.0,0.0
000515,2128,2021-06-25 19:36:20,INACTIVE,True,True,0,True,True,True,True,0.0,0.0,0.0,0.0
00058U,875,2022-10-04 16:06:34,INACTIVE,True,True,0,True,True,True,True,0.0,0.0,0.0,0.0
0000E6,2719,2020-06-30 06:16:35,INACTIVE,True,True,0,True,True,True,True,0.0,0.0,0.0,0.0
00031E,1488,2020-02-06 16:50:06,INACTIVE,True,True,0,True,True,True,True,0.0,0.0,0.0,0.0
0005OE,2207,2021-05-10 10:46:35,INACTIVE,True,True,0,True,True,True,True,0.0,0.0,0.0,0.0
0001BU,431,2024-03-07 11:44:14,INACTIVE,True,True,0,True,True,True,True,0.0,0.0,0.0,0.0
0001T8,2639,2019-10-31 14:33:28,INACTIVE,True,True,0,True,True,True,True,0.0,0.0,0.0,0.0
0001QK,1214,2020-09-05 12:55:57,ACTIVE,2022-01-26,2023-06-11,80562,28600.0000000000,28453.6400000000,0E-10,0E-10,21232.21,59701.89,27.81,29051.57
0001CY,181,2025-06-25 18:07:56,INACTIVE,True,True,0,True,True,True,True,0.0,0.0,0.0,0.0
0003QG,1611,2020-02-12 08:33:53,INACTIVE,True,True,0,True,True,True,True,0.0,0.0,0.0,0.0
00071Z,424,2024-08-31 07:45:47,INACTIVE,True,True,0,True,True,True,True,0.0,0.0,0.0,0.0
0003YL,1110,2022-03-23 09:42:55,INACTIVE,True,True,0,True,True,True,True,0.0,0.0,0.0,0.0
00045V,2792,2019-04-18 11:21:01,INACTIVE,True,True,0,True,True,True,True,0.0,0.0,0.0,0.0
0005EK,744,2022-04-20 17:51:52,INACTIVE,True,True,0,True,True,True,True,0.0,0.0,0.0,0.0
0002JR,95,2022-06-11 17:51:14,ACTIVE,2025-01-17,2025-07-23,243404,384315.0000000000,383939.2000000000,0E-10,0E-10,-35143.66,37019.0,1800.03,-53699.19
0006ZK,1121,2022-02-22 15:07:11,INACTIVE,True,True,0,True,True,True,True,0.0,0.0,0.0,0.0
00042F,2122,2018-07-24 11:03:01,EXITED,2018-07-25,2018-07-25,93602,True,True,True,True,-139098.32,-117108.37,0.0,-148793.77
00015W,356,2024-08-07 00:08:36,INACTIVE,True,True,0,True,True,True,True,0.0,0.0,0.0,0.0
0003BQ,555,2024-10-16 07:02:52,INACTIVE,True,True,0,True,True,True,True,0.0,0.0,0.0,0.0
0007NZ,473,2023-07-26 20:29:31,ACTIVE,2023-07-27,2023-07-27,33601,56600.0000000000,56600.0000000000,0E-10,0E-10,-53007.12,-67828.15,1238.65,-71304.79
0006KA,708,2024-09-05 16:03:43,INACTIVE,True,True,0,True,True,True,True,0.0,0.0,0.0,0.0
0005Y8,1470,2022-11-03 15:12:07,INACTIVE,True,True,0,True,True,True,True,0.0,0.0,0.0,0.0
0000MY,1015,2022-12-18 19:41:53,INACTIVE,True,True,0,True,True,True,True,0.0,0.0,0.0,0.0
0007LR,1209,2023-08-09 12:52:01,INACTIVE,True,True,0,True,True,True,True,0.0,0.0,0.0,0.0
0005HC,148,2025-09-02 00:00:00,ACTIVE,2025-09-02,2025-09-05,0,1500.0000000000,1490.7500000000,0E-10,0E-10,0.0,0.0,26.9,47.13
0002ON,1371,2022-07-14 11:26:12,INACTIVE,True,True,0,True,True,True,True,0.0,0.0,0.0,0.0
0006FH,283,2024-10-15 11:25:11,ACTIVE,2024-10-28,2025-02-01,11054,26620.0000000000,26249.0000000000,1800.0000000000,0E-10,-5834.42,603.81,290.53,-12411.8
0004UM,593,2024-08-23 04:52:20,INACTIVE,True,True,0,True,True,True,True,0.0,0.0,0.0,0.0
0004ZG,33,2025-11-25 21:51:40,INACTIVE,True,True,0,True,True,True,True,0.0,0.0,0.0,0.0
0005U7,370,2025-01-19 11:32:13,INACTIVE,True,True,0,True,True,True,True,0.0,0.0,0.0,0.0
000649,1141,2020-12-20 17:49:02,INACTIVE,True,True,0,True,True,True,True,0.0,0.0,0.0,0.0
0001OD,78,2025-10-25 15:17:38,INACTIVE,True,True,0,True,True,True,True,0.0,0.0,0.0,0.0
0003O7,112,2025-10-07 08:35:04,INACTIVE,True,True,0,True,True,True,True,0.0,0.0,0.0,0.0
0005F4,386,2024-06-05 05:43:48,INACTIVE,True,True,0,True,True,True,True,0.0,0.0,0.0,0.0
0000T2,74,2025-10-04 15:10:13,INACTIVE,True,True,0,True,True,True,True,0.0,0.0,0.0,0.0
00065Q,2194,2021-06-19 14:09:29,INACTIVE,True,True,0,True,True,True,True,0.0,0.0,0.0,0.0
00041R,1648,2020-01-26 11:08:05,INACTIVE,True,True,0,True,True,True,True,0.0,0.0,0.0,0.0
0003OG,124,2024-03-20 15:08:37,ACTIVE,2024-03-22,2025-06-21,2594235,620791.7300000000,545391.3800000000,0E-10,0E-10,-3013891.6,417030.44,1274.02,-3697071.96
0006LV,819,2023-05-05 19:52:20,INACTIVE,True,True,0,True,True,True,True,0.0,0.0,0.0,0.0
0000UQ,1533,2023-02-12 01:00:09,INACTIVE,True,True,0,True,True,True,True,0.0,0.0,0.0,0.0
0007BT,2072,2021-04-15 03:15:55,INACTIVE,True,True,0,True,True,True,True,0.0,0.0,0.0,0.0
00001R,2066,2020-10-12 08:24:27,INACTIVE,True,True,0,True,True,True,True,0.0,0.0,0.0,0.0
00053O,489,2025-01-15 11:27:04,INACTIVE,True,True,0,True,True,True,True,0.0,0.0,0.0,0.0
00015B,2819,2019-05-22 10:23:22,INACTIVE,True,True,0,True,True,True,True,0.0,0.0,0.0,0.0
0003M7,1288,2023-05-09 14:43:45,INACTIVE,True,True,0,True,True,True,True,0.0,0.0,0.0,0.0
0001EJ,1899,2021-07-19 14:17:59,INACTIVE,True,True,0,True,True,True,True,0.0,0.0,0.0,0.0
0000A3,2312,2021-05-26 17:49:28,INACTIVE,True,True,0,True,True,True,True,0.0,0.0,0.0,0.0
0001ZK,149,2025-04-05 16:19:41,ACTIVE,2025-08-30,2025-09-04,38799,51000.0000000000,54446.3900000000,0E-10,0E-10,-97950.66,-46057.45,1087.99,-72794.15
0005VD,796,2023-01-12 15:18:54,EXITED,2023-01-21,2023-03-11,62188,True,True,True,True,-36305.41,-59751.77,0.0,-33520.08
0000EB,1048,2020-09-27 17:10:37,INACTIVE,True,True,0,True,True,True,True,0.0,0.0,0.0,0.0
0003P7,249,2024-11-29 14:32:33,INACTIVE,True,True,0,True,True,True,True,0.0,0.0,0.0,0.0
0000V0,1605,2021-09-13 17:16:13,INACTIVE,True,True,0,True,True,True,True,0.0,0.0,0.0,0.0
0006KF,1532,2023-03-11 09:25:15,INACTIVE,True,True,0,True,True,True,True,0.0,0.0,0.0,0.0
0005H0,1348,2023-02-10 14:39:06,INACTIVE,True,True,0,True,True,True,True,0.0,0.0,0.0,0.0
0004R9,277,2023-04-22 13:00:35,ACTIVE,2025-03-15,2025-06-12,55954,81000.0000000000,80669.6500000000,0E-10,0E-10,-43458.57,-16404.2,449.59,-24731.53
00026U,1367,2022-10-28 13:11:54,INACTIVE,True,True,0,True,True,True,True,0.0,0.0,0.0,0.0
0000D4,3902,2018-06-06 07:30:00,INACTIVE,True,True,0,True,True,True,True,0.0,0.0,0.0,0.0
00031C,3552,2018-03-03 20:00:09,INACTIVE,True,True,0,True,True,True,True,0.0,0.0,0.0,0.0
0006GB,460,2024-05-18 14:25:24,INACTIVE,True,True,0,True,True,True,True,0.0,0.0,0.0,0.0
00066P,2561,2019-01-10 00:17:14,INACTIVE,True,True,0,True,True,True,True,0.0,0.0,0.0,0.0
000682,1152,2022-07-21 12:27:32,INACTIVE,True,True,0,True,True,True,True,0.0,0.0,0.0,0.0
0003B8,381,2024-06-22 06:09:47,INACTIVE,True,True,0,True,True,True,True,0.0,0.0,0.0,0.0
0000L3,717,2023-04-29 15:40:44,INACTIVE,True,True,0,True,True,True,True,0.0,0.0,0.0,0.0
0006CX,1027,2022-06-17 15:31:32,INACTIVE,True,True,0,True,True,True,True,0.0,0.0,0.0,0.0
0000IA,1747,2018-12-10 11:40:11,INACTIVE,True,True,0,True,True,True,True,0.0,0.0,0.0,0.0
00064R,1299,2021-01-30 07:33:48,INACTIVE,True,True,0,True,True,True,True,0.0,0.0,0.0,0.0
0002J3,1027,2024-01-21 19:28:44,INACTIVE,True,True,0,True,True,True,True,0.0,0.0,0.0,0.0
0006XD,46,2025-11-22 09:55:52,INACTIVE,True,True,0,True,True,True,True,0.0,0.0,0.0,0.0
00075R,469,2025-01-27 16:59:50,INACTIVE,True,True,0,True,True,True,True,0.0,0.0,0.0,0.0
00040L,1582,2018-04-10 00:00:00,EXITED,2018-04-10,2018-05-14,27358,True,True,True,True,-15009.05,-12621.55,0.0,-16925.92
0002NK,1812,2022-09-10 14:13:56,INACTIVE,True,True,0,True,True,True,True,0.0,0.0,0.0,0.0
00079O,624,2024-09-09 06:39:36,INACTIVE,True,True,0,True,True,True,True,0.0,0.0,0.0,0.0
00028R,910,2019-08-24 15:17:42,ACTIVE,2024-04-08,2024-04-08,0,100.0000000000,0E-10,100.0000000000,0E-10,0.0,0.0,17.68,8.23
0007PQ,498,2024-09-17 10:10:28,INACTIVE,True,True,0,True,True,True,True,0.0,0.0,0.0,0.0
0003H2,31,2023-02-15 07:35:48,ACTIVE,2025-12-10,2025-12-19,4422,5100.0000000000,6408.2500000000,0E-10,0E-10,-2930.28,1060.91,159.72,-1174.5
0006EE,560,2024-04-05 13:51:29,INACTIVE,True,True,0,True,True,True,True,0.0,0.0,0.0,0.0
0003QS,576,2024-05-07 20:31:03,INACTIVE,True,True,0,True,True,True,True,0.0,0.0,0.0,0.0
0005BD,2394,2020-10-19 07:29:42,INACTIVE,True,True,0,True,True,True,True,0.0,0.0,0.0,0.0
000140,67,2025-09-15 16:35:46,INACTIVE,True,True,0,True,True,True,True,0.0,0.0,0.0,0.0
0000CD,394,2024-01-12 09:07:28,INACTIVE,True,True,0,True,True,True,True,0.0,0.0,0.0,0.0
00041Z,1147,2023-10-04 08:58:30,INACTIVE,True,True,0,True,True,True,True,0.0,0.0,0.0,0.0
0005J3,1242,2020-06-19 09:46:53,INACTIVE,True,True,0,True,True,True,True,0.0,0.0,0.0,0.0
0004R8,48,2025-12-07 11:37:37,INACTIVE,True,True,0,True,True,True,True,0.0,0.0,0.0,0.0
0000LC,727,2023-03-13 13:58:36,INACTIVE,True,True,0,True,True,True,True,0.0,0.0,0.0,0.0
00050D,1339,2021-10-22 06:38:37,INACTIVE,True,True,0,True,True,True,True,0.0,0.0,0.0,0.0
000421,456,2024-06-19 03:45:38,INACTIVE,True,True,0,True,True,True,True,0.0,0.0,0.0,0.0
00075T,2018,2020-06-17 10:16:25,INACTIVE,True,True,0,True,True,True,True,0.0,0.0,0.0,0.0
0001P6,1742,2022-06-12 15:33:40,INACTIVE,True,True,0,True,True,True,True,0.0,0.0,0.0,0.0
0000J4,3267,2019-07-16 01:01:35,INACTIVE,True,True,0,True,True,True,True,0.0,0.0,0.0,0.0
000142,651,2023-07-28 00:31:13,INACTIVE,True,True,0,True,True,True,True,0.0,0.0,0.0,0.0
0002TR,614,2024-01-13 00:00:00,ACTIVE,2024-01-13,2024-01-13,3241,5000.0000000000,5000.0000000000,0E-10,0E-10,-7763.64,-5072.57,149.55,-6840.15
00024T,3079,2019-09-26 09:14:37,INACTIVE,True,True,0,True,True,True,True,0.0,0.0,0.0,0.0
0001N9,1145,2020-09-21 02:18:56,INACTIVE,True,True,0,True,True,True,True,0.0,0.0,0.0,0.0
0006WS,636,2023-03-21 01:17:01,INACTIVE,True,True,0,True,True,True,True,0.0,0.0,0.0,0.0
0003EY,1731,2021-03-15 15:40:08,INACTIVE,True,True,0,True,True,True,True,0.0,0.0,0.0,0.0
0005GL,258,2024-09-10 00:00:00,ACTIVE,2024-09-10,2025-06-29,21247,209750.0000000000,213089.1800000000,6900.0000000000,0E-10,-11779.68,-4024.08,447.08,-19587.49
0000TH,382,2024-10-15 18:30:46,INACTIVE,True,True,0,True,True,True,True,0.0,0.0,0.0,0.0
0000CZ,1588,2018-05-28 21:30:03,INACTIVE,True,True,0,True,True,True,True,0.0,0.0,0.0,0.0
0002PD,2412,2021-07-17 08:09:28,INACTIVE,True,True,0,True,True,True,True,0.0,0.0,0.0,0.0
0006CY,3662,2019-01-27 22:19:11,INACTIVE,True,True,0,True,True,True,True,0.0,0.0,0.0,0.0
00052X,4218,2016-01-06 15:02:13,INACTIVE,True,True,0,True,True,True,True,0.0,0.0,0.0,0.0
0004IQ,2017,2021-05-14 22:52:00,INACTIVE,True,True,0,True,True,True,True,0.0,0.0,0.0,0.0
00036U,1219,2023-09-18 14:22:54,INACTIVE,True,True,0,True,True,True,True,0.0,0.0,0.0,0.0
0004H6,1257,2023-01-12 00:00:00,INACTIVE,2023-01-12,2023-01-12,3595,True,True,True,True,-2111.55,-495.48,0.0,-2472.92
0000II,3137,2019-05-17 11:19:43,INACTIVE,True,True,0,True,True,True,True,0.0,0.0,0.0,0.0
0006AU,232,2022-01-19 20:58:21,ACTIVE,2025-04-10,2025-05-19,17507,17800.0000000000,17728.9900000000,0E-10,0E-10,-35696.11,-7549.82,431.62,-21362.1
000306,1088,2021-12-12 22:06:08,INACTIVE,True,True,0,True,True,True,True,0.0,0.0,0.0,0.0
00066F,2001,2021-12-05 20:17:47,INACTIVE,True,True,0,True,True,True,True,0.0,0.0,0.0,0.0
0000NP,3161,2018-01-29 20:46:25,INACTIVE,2018-09-25,2018-09-25,31366,True,True,True,True,-3737.4,2586.07,0.0,-3315.37
0003HG,197,2025-05-10 07:19:38,INACTIVE,True,True,0,True,True,True,True,0.0,0.0,0.0,0.0
00020K,2849,2019-02-04 13:55:47,EXITED,2019-02-05,2019-02-05,714604,True,True,True,True,-472461.16,-108478.52,0.0,-475142.81
0005Z0,1783,2022-05-02 10:32:19,INACTIVE,True,True,0,True,True,True,True,0.0,0.0,0.0,0.0
0003Z3,349,2024-10-19 07:56:07,INACTIVE,True,True,0,True,True,True,True,0.0,0.0,0.0,0.0
000534,965,2023-12-16 18:58:55,INACTIVE,True,True,0,True,True,True,True,0.0,0.0,0.0,0.0
0001A0,754,2022-06-08 15:29:41,INACTIVE,True,True,0,True,True,True,True,0.0,0.0,0.0,0.0
0003K0,1421,2022-08-01 13:26:27,INACTIVE,True,True,0,True,True,True,True,0.0,0.0,0.0,0.0
0003KX,2575,2021-05-03 22:06:18,INACTIVE,True,True,0,True,True,True,True,0.0,0.0,0.0,0.0
0001H7,1141,2023-10-03 13:06:25,INACTIVE,True,True,0,True,True,True,True,0.0,0.0,0.0,0.0
0007NG,801,2024-06-12 12:04:45,INACTIVE,True,True,0,True,True,True,True,0.0,0.0,0.0,0.0
0006L2,3337,2018-04-19 12:56:24,INACTIVE,2018-04-20,2018-04-20,23424,True,True,True,True,10427.12,17893.1,0.0,7245.58
0004LW,2857,2017-11-26 10:43:46,INACTIVE,True,True,0,True,True,True,True,0.0,0.0,0.0,0.0
00067N,153,2025-09-07 13:22:50,INACTIVE,True,True,0,True,True,True,True,0.0,0.0,0.0,0.0
0006C4,248,2025-03-19 17:47:47,INACTIVE,True,True,0,True,True,True,True,0.0,0.0,0.0,0.0
0001GK,2512,2019-07-05 21:03:50,INACTIVE,True,True,0,True,True,True,True,0.0,0.0,0.0,0.0
00006I,3093,2016-11-14 16:56:27,INACTIVE,2016-11-21,2017-11-23,1740283,True,True,True,True,140007.66,1060079.13,0.0,368219.86
00075W,2295,2020-01-08 18:46:26,INACTIVE,True,True,0,True,True,True,True,0.0,0.0,0.0,0.0
0002MB,542,2024-05-31 09:42:18,INACTIVE,True,True,0,True,True,True,True,0.0,0.0,0.0,0.0
000145,487,2024-06-23 09:18:08,INACTIVE,True,True,0,True,True,True,True,0.0,0.0,0.0,0.0
0001FY,1225,2022-01-01 20:19:19,INACTIVE,True,True,0,True,True,True,True,0.0,0.0,0.0,0.0
0006L9,846,2022-11-04 13:36:49,INACTIVE,True,True,0,True,True,True,True,0.0,0.0,0.0,0.0
0005LI,1253,2022-05-21 12:12:15,INACTIVE,True,True,0,True,True,True,True,0.0,0.0,0.0,0.0
0003B1,107,2024-12-14 00:00:00,ACTIVE,2024-12-14,2025-07-25,0,6197.0000000000,5021.5000000000,1150.0000000000,1000.0000000000,0.0,0.0,42.76,51.53
00039Q,149,2025-07-01 00:00:00,ACTIVE,2025-07-01,2025-10-01,7042,22700.0000000000,22520.0200000000,0E-10,0E-10,-9196.22,-5784.92,115.55,-9834.41
0006HR,342,2024-05-24 07:54:54,INACTIVE,True,True,0,True,True,True,True,0.0,0.0,0.0,0.0
000338,3417,2019-01-17 10:09:53,INACTIVE,True,True,0,True,True,True,True,0.0,0.0,0.0,0.0
000524,25,2025-12-12 13:59:29,INACTIVE,True,True,0,True,True,True,True,0.0,0.0,0.0,0.0
0003B0,3,2023-04-10 21:55:03,ACTIVE,2023-05-23,2026-01-13,426953,1081628.0000000000,867982.2100000000,9150.0000000000,0E-10,9851.56,169806.05,920.48,12158.91
0006NC,283,2025-05-28 10:26:37,INACTIVE,True,True,0,True,True,True,True,0.0,0.0,0.0,0.0
00033N,3524,2019-04-02 13:20:10,INACTIVE,True,True,0,True,True,True,True,0.0,0.0,0.0,0.0
0005LE,3183,2018-08-06 11:36:13,EXITED,2018-08-09,2019-09-06,8132773,True,True,True,True,4821914.8,6180637.75,0.0,3825229.91
0006KD,195,2025-08-06 11:13:38,INACTIVE,True,True,0,True,True,True,True,0.0,0.0,0.0,0.0
0005ZJ,954,2019-05-21 17:12:38,INACTIVE,2022-01-12,2022-01-12,8023112,True,True,True,True,450645.04,3573640.53,0.0,353722.76
0004TV,341,2024-02-25 13:01:09,ACTIVE,2024-03-01,2025-02-24,658166,27.0000000000,0E-10,0E-10,0E-10,-1253879.15,274529.22,0.05,-1443350.19
0001BO,1848,2020-01-06 08:54:44,INACTIVE,True,True,0,True,True,True,True,0.0,0.0,0.0,0.0
00065Z,3830,2018-06-22 20:52:11,INACTIVE,True,True,0,True,True,True,True,0.0,0.0,0.0,0.0
0005OW,1722,2022-08-09 16:24:29,INACTIVE,True,True,0,True,True,True,True,0.0,0.0,0.0,0.0
00037F,152,2025-07-12 00:04:00,INACTIVE,True,True,0,True,True,True,True,0.0,0.0,0.0,0.0
0007OZ,3234,2018-06-26 16:41:03,INACTIVE,True,True,0,True,True,True,True,0.0,0.0,0.0,0.0
0000G7,870,2023-03-14 20:07:21,INACTIVE,True,True,0,True,True,True,True,0.0,0.0,0.0,0.0
0003Y6,1399,2022-10-16 14:48:22,INACTIVE,True,True,0,True,True,True,True,0.0,0.0,0.0,0.0
00056H,716,2024-04-12 12:52:38,INACTIVE,True,True,0,True,True,True,True,0.0,0.0,0.0,0.0
000222,1713,2021-05-27 09:48:23,INACTIVE,True,True,0,True,True,True,True,0.0,0.0,0.0,0.0
0007MH,903,2024-03-31 09:29:44,INACTIVE,True,True,0,True,True,True,True,0.0,0.0,0.0,0.0
0002LG,234,2025-03-07 09:29:24,INACTIVE,True,True,0,True,True,True,True,0.0,0.0,0.0,0.0
0000LT,3098,2019-07-03 23:41:35,INACTIVE,True,True,0,True,True,True,True,0.0,0.0,0.0,0.0
0005DN,818,2024-02-27 08:10:13,INACTIVE,True,True,0,True,True,True,True,0.0,0.0,0.0,0.0
000588,1806,2019-09-18 09:44:11,INACTIVE,True,True,0,True,True,True,True,0.0,0.0,0.0,0.0
0001PZ,1834,2020-08-04 10:19:04,INACTIVE,True,True,0,True,True,True,True,0.0,0.0,0.0,0.0
0000R9,750,2022-06-07 15:07:44,INACTIVE,True,True,0,True,True,True,True,0.0,0.0,0.0,0.0
00021D,701,2024-04-16 11:28:46,INACTIVE,True,True,0,True,True,True,True,0.0,0.0,0.0,0.0
000459,4250,2017-08-28 00:00:00,EXITED,2017-08-28,2017-08-28,12526,True,True,True,True,5841.47,15408.74,0.0,3296.21
0003O6,1629,2018-10-27 21:37:45,INACTIVE,True,True,0,True,True,True,True,0.0,0.0,0.0,0.0
0005R7,647,2023-03-29 03:29:58,INACTIVE,True,True,0,True,True,True,True,0.0,0.0,0.0,0.0
0003NL,814,2023-10-03 08:59:52,INACTIVE,True,True,0,True,True,True,True,0.0,0.0,0.0,0.0
00076K,1756,2019-11-20 17:41:14,INACTIVE,True,True,0,True,True,True,True,0.0,0.0,0.0,0.0
0003FO,166,2025-06-15 11:01:52,INACTIVE,True,True,0,True,True,True,True,0.0,0.0,0.0,0.0
0005EZ,1171,2023-03-24 01:15:40,INACTIVE,True,True,0,True,True,True,True,0.0,0.0,0.0,0.0
00004P,79,2025-10-20 19:41:02,INACTIVE,True,True,0,True,True,True,True,0.0,0.0,0.0,0.0
0007FZ,1917,2022-02-19 17:27:10,INACTIVE,True,True,0,True,True,True,True,0.0,0.0,0.0,0.0
00042N,2636,2018-03-07 00:00:00,EXITED,2018-03-07,2018-04-09,13239,True,True,True,True,-11852.44,-18114.9,0.0,-14800.07
0004ZR,2119,2020-11-02 07:49:50,INACTIVE,True,True,0,True,True,True,True,0.0,0.0,0.0,0.0
0005OD,1112,2022-08-26 07:45:10,INACTIVE,True,True,0,True,True,True,True,0.0,0.0,0.0,0.0
0000JH,2128,2018-05-02 06:56:51,INACTIVE,True,True,0,True,True,True,True,0.0,0.0,0.0,0.0
0006AO,932,2023-05-31 08:06:21,INACTIVE,True,True,0,True,True,True,True,0.0,0.0,0.0,0.0
0002W2,2864,2019-08-13 18:36:14,INACTIVE,True,True,0,True,True,True,True,0.0,0.0,0.0,0.0
00074C,3381,2019-09-02 17:17:58,INACTIVE,True,True,0,True,True,True,True,0.0,0.0,0.0,0.0
0004IE,878,2021-08-09 11:23:37,BLACKLISTED,True,True,0,True,True,True,True,0.0,0.0,0.0,0.0
0001Q8,1207,2022-11-02 00:00:00,EXITED,2022-11-02,2022-11-02,18826,True,True,True,True,-21542.67,-20400.1,0.0,-16084.13
0001BZ,1368,2022-09-29 14:59:04,INACTIVE,True,True,0,True,True,True,True,0.0,0.0,0.0,0.0
00009L,594,2023-04-07 14:11:51,INACTIVE,True,True,0,True,True,True,True,0.0,0.0,0.0,0.0
0005K5,3159,2019-07-14 23:22:15,INACTIVE,True,True,0,True,True,True,True,0.0,0.0,0.0,0.0
00079B,439,2024-06-28 13:29:05,INACTIVE,True,True,0,True,True,True,True,0.0,0.0,0.0,0.0
0003EC,2497,2021-01-25 12:43:25,INACTIVE,True,True,0,True,True,True,True,0.0,0.0,0.0,0.0
0000QA,272,2023-09-05 12:07:33,ACTIVE,2023-09-06,2025-05-02,3501978,3951950.6300000000,3951959.7700000000,0E-10,0E-10,-287703.74,-75518.07,4856.28,-580432.38
000169,3,2026-01-04 00:00:00,ACTIVE,2026-01-04,2026-01-10,0,7333.5700000000,6524.0800000000,800.0000000000,4283.3300000000,0.0,0.0,426.94,354.14
0003IR,261,2025-06-18 14:00:20,INACTIVE,True,True,0,True,True,True,True,0.0,0.0,0.0,0.0
0004JT,18,2025-09-23 00:00:00,ACTIVE,2025-09-23,2025-12-19,107327,256800.0000000000,256520.1400000000,0E-10,0E-10,-11700.04,37234.84,1192.72,-16890.73
0006T1,31,2020-08-29 12:49:16,ACTIVE,2022-09-27,2025-12-21,70398,48000.0000000000,47941.8800000000,0E-10,0E-10,301.89,12767.96,24.98,211.73
0006BH,2972,2019-10-27 08:18:38,INACTIVE,True,True,0,True,True,True,True,0.0,0.0,0.0,0.0
0004XF,2303,2020-03-06 10:50:37,INACTIVE,True,True,0,True,True,True,True,0.0,0.0,0.0,0.0
00006E,1130,2022-01-11 20:29:26,INACTIVE,True,True,0,True,True,True,True,0.0,0.0,0.0,0.0
00023T,101,2020-10-14 09:44:37,ACTIVE,2022-12-07,2025-09-29,1280096,638402.8800000000,557724.6700000000,0E-10,0E-10,28502.86,778885.81,383.28,37922.09
00015K,331,2025-02-27 17:15:27,INACTIVE,True,True,0,True,True,True,True,0.0,0.0,0.0,0.0
00017J,1159,2023-04-27 01:29:26,INACTIVE,True,True,0,True,True,True,True,0.0,0.0,0.0,0.0
00015N,184,2025-08-06 21:57:38,INACTIVE,True,True,0,True,True,True,True,0.0,0.0,0.0,0.0
00024X,453,2024-08-26 11:56:26,ACTIVE,2024-08-30,2024-08-30,3603,5000.0000000000,4950.0000000000,0E-10,0E-10,-1221.58,190.69,83.97,-633.2
00014K,3142,2019-03-16 02:56:24,INACTIVE,True,True,0,True,True,True,True,0.0,0.0,0.0,0.0
0005K6,2936,2019-09-20 08:49:38,INACTIVE,True,True,0,True,True,True,True,0.0,0.0,0.0,0.0
0002RK,501,2024-11-22 13:16:47,INACTIVE,True,True,0,True,True,True,True,0.0,0.0,0.0,0.0
00038L,946,2022-09-08 08:38:04,INACTIVE,True,True,0,True,True,True,True,0.0,0.0,0.0,0.0
00058G,78,2025-10-27 16:43:41,INACTIVE,True,True,0,True,True,True,True,0.0,0.0,0.0,0.0
0001Z9,1507,2021-08-13 21:34:56,INACTIVE,True,True,0,True,True,True,True,0.0,0.0,0.0,0.0
0004XW,374,2025-04-06 12:09:05,INACTIVE,True,True,0,True,True,True,True,0.0,0.0,0.0,0.0
0006OA,3108,2019-07-15 08:32:20,INACTIVE,True,True,0,True,True,True,True,0.0,0.0,0.0,0.0
0005ML,2593,2020-11-04 09:21:54,INACTIVE,True,True,0,True,True,True,True,0.0,0.0,0.0,0.0
0001KJ,1750,2019-06-27 12:00:27,INACTIVE,True,True,0,True,True,True,True,0.0,0.0,0.0,0.0
00070E,1527,2022-09-10 10:14:21,INACTIVE,True,True,0,True,True,True,True,0.0,0.0,0.0,0.0
0003B9,4067,2017-11-30 20:12:41,INACTIVE,True,True,0,True,True,True,True,0.0,0.0,0.0,0.0
00036E,1159,2021-04-12 12:44:19,INACTIVE,True,True,0,True,True,True,True,0.0,0.0,0.0,0.0
0005VQ,1485,2018-07-06 18:33:55,INACTIVE,True,True,0,True,True,True,True,0.0,0.0,0.0,0.0
0000DC,3,2026-01-10 06:40:33,INACTIVE,True,True,0,True,True,True,True,0.0,0.0,0.0,0.0
0007N6,102,2025-10-15 05:23:41,INACTIVE,True,True,0,True,True,True,True,0.0,0.0,0.0,0.0
0005PO,2539,2018-07-01 12:52:28,INACTIVE,True,True,0,True,True,True,True,0.0,0.0,0.0,0.0
00033T,1160,2021-06-21 11:06:31,INACTIVE,True,True,0,True,True,True,True,0.0,0.0,0.0,0.0
0005QM,631,2024-05-11 14:21:24,INACTIVE,True,True,0,True,True,True,True,0.0,0.0,0.0,0.0
00053Y,60,2025-11-29 00:00:00,ACTIVE,2025-11-29,2025-11-29,0,2000.0000000000,990.7500000000,1000.0000000000,0E-10,0.0,0.0,88.32,98.72
0000AD,986,2024-01-19 00:00:00,ACTIVE,2024-01-19,2024-01-19,1727,2691.0000000000,2690.9100000000,0E-10,0E-10,-3585.56,-3447.11,57.9,-4324.71
0002HI,63,2025-11-26 20:37:02,INACTIVE,True,True,0,True,True,True,True,0.0,0.0,0.0,0.0
0005AH,2382,2021-05-02 15:03:21,INACTIVE,True,True,0,True,True,True,True,0.0,0.0,0.0,0.0
00070P,264,2025-05-21 15:19:47,INACTIVE,True,True,0,True,True,True,True,0.0,0.0,0.0,0.0
0002OV,2955,2019-12-28 19:17:01,INACTIVE,True,True,0,True,True,True,True,0.0,0.0,0.0,0.0
0004MW,135,2025-08-21 12:27:41,INACTIVE,True,True,0,True,True,True,True,0.0,0.0,0.0,0.0
0004TM,3007,2019-12-15 06:38:55,INACTIVE,True,True,0,True,True,True,True,0.0,0.0,0.0,0.0
000329,1269,2023-07-21 12:01:01,INACTIVE,True,True,0,True,True,True,True,0.0,0.0,0.0,0.0
0003TX,1148,2023-05-23 08:53:45,INACTIVE,True,True,0,True,True,True,True,0.0,0.0,0.0,0.0
0003M2,535,2024-06-19 14:01:27,INACTIVE,True,True,0,True,True,True,True,0.0,0.0,0.0,0.0
0003QJ,1026,2022-06-13 20:00:34,INACTIVE,True,True,0,True,True,True,True,0.0,0.0,0.0,0.0
00018F,2184,2018-10-16 15:52:02,INACTIVE,2018-10-17,2018-10-17,226085,True,True,True,True,272168.63,591905.11,0.0,262626.64
0000IY,1629,2018-12-27 20:09:20,INACTIVE,True,True,0,True,True,True,True,0.0,0.0,0.0,0.0
00051P,1493,2018-07-27 14:07:05,INACTIVE,True,True,0,True,True,True,True,0.0,0.0,0.0,0.0
0004CP,466,2024-08-23 13:41:50,INACTIVE,True,True,0,True,True,True,True,0.0,0.0,0.0,0.0
0006Y7,26,2025-11-28 00:00:00,ACTIVE,2025-11-28,2025-11-28,7016,5000.0000000000,4964.5000000000,0E-10,0E-10,-9519.75,-4561.85,80.54,-5470.27
0002CK,3632,2018-11-02 09:30:38,INACTIVE,True,True,0,True,True,True,True,0.0,0.0,0.0,0.0
00039A,179,2025-02-17 15:23:00,ACTIVE,2025-08-11,2025-08-12,32539,52000.0000000000,51064.3800000000,900.0000000000,0E-10,-110836.22,-60684.04,1324.07,-101063.31
0005BW,2037,2021-11-21 10:33:57,INACTIVE,True,True,0,True,True,True,True,0.0,0.0,0.0,0.0
0006FN,841,2023-03-25 14:38:34,ACTIVE,2023-08-09,2023-08-09,1921,3549.0000000000,3535.4900000000,0E-10,0E-10,-6217.33,-3212.44,83.51,-5532.84
0000IH,1352,2020-12-02 10:55:38,EXITED,2020-12-05,2020-12-05,63108,True,True,True,True,-118848.21,-64989.95,0.0,-40022.63
0002G1,2019,2019-01-17 15:19:28,INACTIVE,True,True,0,True,True,True,True,0.0,0.0,0.0,0.0
0005GM,2975,2020-01-11 06:19:21,INACTIVE,True,True,0,True,True,True,True,0.0,0.0,0.0,0.0
0001KL,646,2023-03-14 20:24:55,INACTIVE,True,True,0,True,True,True,True,0.0,0.0,0.0,0.0
0003D9,2787,2019-09-03 12:12:43,INACTIVE,True,True,0,True,True,True,True,0.0,0.0,0.0,0.0
0006GM,1850,2019-01-23 16:48:29,INACTIVE,True,True,0,True,True,True,True,0.0,0.0,0.0,0.0
00073A,755,2023-08-04 14:31:16,ACTIVE,2023-08-14,2023-08-14,0,6000.0500000000,5000.0000000000,1000.0000000000,3000.0000000000,0.0,0.0,455.97,260.19
0002HE,303,2024-05-23 18:45:18,INACTIVE,True,True,0,True,True,True,True,0.0,0.0,0.0,0.0
0003CP,2641,2018-08-28 10:42:05,INACTIVE,True,True,0,True,True,True,True,0.0,0.0,0.0,0.0
0006W8,446,2024-02-05 08:40:47,INACTIVE,True,True,0,True,True,True,True,0.0,0.0,0.0,0.0
0003AR,1912,2019-08-28 08:49:25,INACTIVE,2019-08-29,2022-03-11,14627415,True,True,True,True,-1970203.81,2153967.05,0.0,-3378159.82
0004YI,1151,2020-10-08 11:42:15,INACTIVE,True,True,0,True,True,True,True,0.0,0.0,0.0,0.0
0005CM,94,2025-09-12 17:12:50,INACTIVE,True,True,0,True,True,True,True,0.0,0.0,0.0,0.0
0000JK,611,2022-10-16 01:06:10,INACTIVE,True,True,0,True,True,True,True,0.0,0.0,0.0,0.0
0000WJ,3553,2019-07-11 07:48:57,INACTIVE,True,True,0,True,True,True,True,0.0,0.0,0.0,0.0
00072S,1176,2023-03-22 11:34:43,INACTIVE,True,True,0,True,True,True,True,0.0,0.0,0.0,0.0
00038Y,702,2024-05-11 09:13:57,INACTIVE,True,True,0,True,True,True,True,0.0,0.0,0.0,0.0
0005KD,306,2025-03-21 11:27:40,INACTIVE,True,True,0,True,True,True,True,0.0,0.0,0.0,0.0
0002JC,1367,2023-04-22 09:59:32,INACTIVE,True,True,0,True,True,True,True,0.0,0.0,0.0,0.0
0000OZ,1413,2020-01-13 09:04:54,INACTIVE,True,True,0,True,True,True,True,0.0,0.0,0.0,0.0
000163,655,2024-08-26 13:27:05,INACTIVE,True,True,0,True,True,True,True,0.0,0.0,0.0,0.0
000094,386,2025-03-26 11:43:36,INACTIVE,True,True,0,True,True,True,True,0.0,0.0,0.0,0.0
0005Q2,557,2023-03-14 08:39:18,INACTIVE,True,True,0,True,True,True,True,0.0,0.0,0.0,0.0
0005FP,380,2024-05-24 09:19:24,INACTIVE,True,True,0,True,True,True,True,0.0,0.0,0.0,0.0
0001ZT,329,2025-03-07 09:46:42,INACTIVE,True,True,0,True,True,True,True,0.0,0.0,0.0,0.0
0006WR,101,2025-07-28 16:50:03,INACTIVE,True,True,0,True,True,True,True,0.0,0.0,0.0,0.0
0004Z6,829,2023-02-20 15:09:31,INACTIVE,True,True,0,True,True,True,True,0.0,0.0,0.0,0.0
000121,1637,2021-01-30 15:55:45,INACTIVE,True,True,0,True,True,True,True,0.0,0.0,0.0,0.0
00047G,530,2023-10-31 19:55:47,INACTIVE,True,True,0,True,True,True,True,0.0,0.0,0.0,0.0
0003BK,709,2024-06-05 03:59:39,INACTIVE,True,True,0,True,True,True,True,0.0,0.0,0.0,0.0
0002S1,1824,2021-01-08 14:58:46,INACTIVE,True,True,0,True,True,True,True,0.0,0.0,0.0,0.0
0007OO,2440,2020-03-06 19:17:23,INACTIVE,True,True,0,True,True,True,True,0.0,0.0,0.0,0.0
00061Z,234,2025-05-20 23:55:26,INACTIVE,True,True,0,True,True,True,True,0.0,0.0,0.0,0.0
0003MW,1988,2020-01-28 05:47:31,INACTIVE,True,True,0,True,True,True,True,0.0,0.0,0.0,0.0
000724,2690,2018-05-02 00:00:00,INACTIVE,2018-05-02,2018-08-14,52821,True,True,True,True,18318.82,37281.17,0.0,30273.77
0000WE,4543,2016-07-25 10:09:19,EXITED,2016-07-28,2017-02-25,230408,True,True,True,True,557282.68,701849.17,0.0,472025.67
0002HA,1,2022-04-08 12:35:32,ACTIVE,2022-05-12,2026-01-14,23903411,341592995.5300000000,342869270.4900000000,2000.0000000000,159080592.0700000000,-1803681.67,2514570.08,218584.14,-1440184.2
00024Q,2287,2020-07-23 15:15:15,INACTIVE,True,True,0,True,True,True,True,0.0,0.0,0.0,0.0
0006NQ,3149,2019-02-21 18:58:52,INACTIVE,2019-07-30,2019-07-30,1213158,True,True,True,True,1148910.21,1844474.75,0.0,2934714.97
0003M6,927,2023-10-11 10:33:32,INACTIVE,True,True,0,True,True,True,True,0.0,0.0,0.0,0.0
0001PE,1785,2019-04-23 21:07:19,INACTIVE,True,True,0,True,True,True,True,0.0,0.0,0.0,0.0
00034Q,815,2022-06-15 10:11:10,INACTIVE,True,True,0,True,True,True,True,0.0,0.0,0.0,0.0
0004HE,3744,2016-08-18 16:54:15,INACTIVE,2016-08-23,2016-08-23,352665,True,True,True,True,-31173.9,28011.67,0.0,-30441.51
0001T0,585,2024-09-25 15:41:09,INACTIVE,True,True,0,True,True,True,True,0.0,0.0,0.0,0.0
0000UB,472,2025-01-08 17:05:33,INACTIVE,True,True,0,True,True,True,True,0.0,0.0,0.0,0.0
0000ZU,618,2024-08-15 20:00:13,INACTIVE,True,True,0,True,True,True,True,0.0,0.0,0.0,0.0
0007IW,247,2024-09-11 11:47:51,INACTIVE,True,True,0,True,True,True,True,0.0,0.0,0.0,0.0
0005KK,2909,2019-10-15 17:47:10,INACTIVE,True,True,0,True,True,True,True,0.0,0.0,0.0,0.0
0004T2,1139,2023-03-21 09:30:13,INACTIVE,True,True,0,True,True,True,True,0.0,0.0,0.0,0.0
0006ZB,3592,2019-06-07 12:12:00,INACTIVE,True,True,0,True,True,True,True,0.0,0.0,0.0,0.0
0001WR,1022,2023-10-30 15:36:53,INACTIVE,True,True,0,True,True,True,True,0.0,0.0,0.0,0.0
0003I2,1180,2022-07-26 17:15:29,INACTIVE,True,True,0,True,True,True,True,0.0,0.0,0.0,0.0
0003LS,745,2024-04-22 16:44:06,INACTIVE,True,True,0,True,True,True,True,0.0,0.0,0.0,0.0
0006HH,535,2024-09-23 21:29:00,INACTIVE,True,True,0,True,True,True,True,0.0,0.0,0.0,0.0
0006E3,399,2024-09-26 08:57:41,INACTIVE,True,True,0,True,True,True,True,0.0,0.0,0.0,0.0
0001H2,2230,2020-02-18 08:10:57,INACTIVE,True,True,0,True,True,True,True,0.0,0.0,0.0,0.0
0006DV,283,2024-12-09 10:05:42,INACTIVE,True,True,0,True,True,True,True,0.0,0.0,0.0,0.0
0005NH,1337,2019-10-25 09:32:21,INACTIVE,True,True,0,True,True,True,True,0.0,0.0,0.0,0.0
000759,51,2025-12-04 22:52:11,ACTIVE,2025-12-05,2025-12-05,0,500.0000000000,0E-10,500.0000000000,0E-10,0.0,0.0,89.67,61.76
0004IN,324,2024-12-12 00:00:00,ACTIVE,2024-12-12,2025-01-13,0,100.0000000000,100.0000000000,0E-10,0E-10,0.0,0.0,1.83,2.69
0004X7,897,2024-02-01 21:13:35,INACTIVE,True,True,0,True,True,True,True,0.0,0.0,0.0,0.0
0005NB,1049,2023-02-19 14:54:06,INACTIVE,True,True,0,True,True,True,True,0.0,0.0,0.0,0.0
0004ML,3206,2019-05-04 17:38:33,INACTIVE,True,True,0,True,True,True,True,0.0,0.0,0.0,0.0
0004F0,897,2024-01-22 05:49:14,INACTIVE,True,True,0,True,True,True,True,0.0,0.0,0.0,0.0
00030X,34,2022-05-04 17:36:20,ACTIVE,2022-05-06,2025-12-19,13206958,1944635.4500000000,1955541.3100000000,0E-10,0E-10,-2551187.71,64017.93,662.85,-2188485.37
0000OH,2005,2020-02-18 15:23:20,INACTIVE,True,True,0,True,True,True,True,0.0,0.0,0.0,0.0
0000U5,2174,2021-12-19 14:41:27,INACTIVE,True,True,0,True,True,True,True,0.0,0.0,0.0,0.0
00028V,29,2025-12-14 18:08:23,INACTIVE,True,True,0,True,True,True,True,0.0,0.0,0.0,0.0
0003OK,3383,2018-11-17 00:48:41,INACTIVE,True,True,0,True,True,True,True,0.0,0.0,0.0,0.0
0002RH,668,2024-03-11 12:55:32,INACTIVE,True,True,0,True,True,True,True,0.0,0.0,0.0,0.0
00010I,75,2025-10-05 20:59:52,INACTIVE,True,True,0,True,True,True,True,0.0,0.0,0.0,0.0
0006EI,184,2025-08-05 22:05:32,INACTIVE,True,True,0,True,True,True,True,0.0,0.0,0.0,0.0
0000FD,269,2025-04-12 17:25:37,INACTIVE,True,True,0,True,True,True,True,0.0,0.0,0.0,0.0
0003D3,789,2023-03-19 15:32:25,INACTIVE,True,True,0,True,True,True,True,0.0,0.0,0.0,0.0
000623,757,2023-09-10 13:38:50,INACTIVE,True,True,0,True,True,True,True,0.0,0.0,0.0,0.0
0005DI,94,2025-08-26 08:32:18,INACTIVE,True,True,0,True,True,True,True,0.0,0.0,0.0,0.0
0000EQ,1002,2024-02-26 12:27:37,INACTIVE,2024-03-12,2024-03-12,1325404,True,True,True,True,-1097216.53,-838925.13,0.0,-1123676.69
0002MU,2242,2020-09-02 21:02:01,INACTIVE,True,True,0,True,True,True,True,0.0,0.0,0.0,0.0
0000TN,660,2023-05-11 10:49:16,INACTIVE,True,True,0,True,True,True,True,0.0,0.0,0.0,0.0
0005PP,1219,2023-05-27 18:25:12,INACTIVE,True,True,0,True,True,True,True,0.0,0.0,0.0,0.0
0000JL,1451,2022-06-08 21:14:19,INACTIVE,True,True,0,True,True,True,True,0.0,0.0,0.0,0.0
0001RN,37,2025-12-13 00:00:00,ACTIVE,2025-12-13,2025-12-16,0,28000.0000000000,27098.3800000000,850.0000000000,1700.0000000000,0.0,0.0,422.51,1034.78
0000YC,2643,2019-05-15 11:44:16,INACTIVE,True,True,0,True,True,True,True,0.0,0.0,0.0,0.0
00074I,877,2021-10-03 15:36:54,INACTIVE,True,True,0,True,True,True,True,0.0,0.0,0.0,0.0
0001UG,3,2026-01-11 16:53:51,INACTIVE,True,True,0,True,True,True,True,0.0,0.0,0.0,0.0
0001IJ,1275,2023-04-16 08:07:39,INACTIVE,True,True,0,True,True,True,True,0.0,0.0,0.0,0.0
0006N3,3047,2019-05-23 07:19:24,INACTIVE,True,True,0,True,True,True,True,0.0,0.0,0.0,0.0
0000B3,1813,2022-01-30 12:22:00,INACTIVE,True,True,0,True,True,True,True,0.0,0.0,0.0,0.0
0004QX,886,2021-05-01 17:39:45,INACTIVE,True,True,0,True,True,True,True,0.0,0.0,0.0,0.0
00017Z,1370,2023-03-02 00:43:43,INACTIVE,True,True,0,True,True,True,True,0.0,0.0,0.0,0.0
0006RD,40,2025-12-01 12:53:42,ACTIVE,2025-12-02,2025-12-03,0,2000.0000000000,1000.0000000000,1000.0000000000,0E-10,0.0,0.0,199.18,182.98
0003QQ,232,2025-07-05 06:40:08,INACTIVE,True,True,0,True,True,True,True,0.0,0.0,0.0,0.0
0007L3,690,2023-08-05 00:00:00,ACTIVE,2023-08-05,2023-08-05,6080,5450.0000000000,4950.0000000000,500.0000000000,0E-10,-4160.4,-7804.86,235.57,-9558.29
00052F,1140,2023-08-01 09:12:04,INACTIVE,True,True,0,True,True,True,True,0.0,0.0,0.0,0.0
00066K,1678,2022-12-10 18:56:26,INACTIVE,True,True,0,True,True,True,True,0.0,0.0,0.0,0.0
000198,984,2022-06-19 11:28:11,INACTIVE,True,True,0,True,True,True,True,0.0,0.0,0.0,0.0
0000EL,247,2025-07-07 21:05:24,INACTIVE,True,True,0,True,True,True,True,0.0,0.0,0.0,0.0
0006MS,2391,2020-02-12 15:09:14,INACTIVE,True,True,0,True,True,True,True,0.0,0.0,0.0,0.0
00037V,652,2023-09-25 14:29:45,INACTIVE,True,True,0,True,True,True,True,0.0,0.0,0.0,0.0
0000EF,2045,2018-12-29 01:18:34,INACTIVE,True,True,0,True,True,True,True,0.0,0.0,0.0,0.0
0002K2,337,2025-04-16 11:35:33,INACTIVE,True,True,0,True,True,True,True,0.0,0.0,0.0,0.0
0000H5,865,2023-01-08 15:53:35,INACTIVE,True,True,0,True,True,True,True,0.0,0.0,0.0,0.0
0002ZW,1194,2020-01-27 13:08:56,INACTIVE,True,True,0,True,True,True,True,0.0,0.0,0.0,0.0
0004U6,449,2025-02-22 11:55:10,INACTIVE,True,True,0,True,True,True,True,0.0,0.0,0.0,0.0
000566,1092,2023-04-18 16:15:27,INACTIVE,True,True,0,True,True,True,True,0.0,0.0,0.0,0.0
0002IH,91,2025-11-04 22:32:28,INACTIVE,True,True,0,True,True,True,True,0.0,0.0,0.0,0.0
00037R,47,2025-12-03 10:20:23,INACTIVE,True,True,0,True,True,True,True,0.0,0.0,0.0,0.0
0006LL,283,2025-04-12 13:27:22,INACTIVE,True,True,0,True,True,True,True,0.0,0.0,0.0,0.0
0005PI,2507,2020-08-20 21:35:46,INACTIVE,True,True,0,True,True,True,True,0.0,0.0,0.0,0.0
000417,146,2025-04-16 09:23:24,INACTIVE,True,True,0,True,True,True,True,0.0,0.0,0.0,0.0
00042B,90,2025-09-26 09:46:48,INACTIVE,True,True,0,True,True,True,True,0.0,0.0,0.0,0.0
0004M7,77,2025-10-13 16:05:26,ACTIVE,2025-10-14,2025-11-08,0,1000.0000000000,921.5000000000,0E-10,0E-10,0.0,0.0,14.36,15.55
0003BG,78,2025-11-22 14:23:16,INACTIVE,True,True,0,True,True,True,True,0.0,0.0,0.0,0.0
000170,149,2025-08-01 11:38:29,INACTIVE,True,True,0,True,True,True,True,0.0,0.0,0.0,0.0
0002OU,3448,2019-08-23 08:29:06,INACTIVE,True,True,0,True,True,True,True,0.0,0.0,0.0,0.0
0001KC,2347,2020-12-02 12:09:01,INACTIVE,True,True,0,True,True,True,True,0.0,0.0,0.0,0.0
0002D1,1209,2019-05-04 09:28:34,INACTIVE,2022-09-05,2022-09-05,55098,True,True,True,True,-5684.49,13317.19,0.0,-8412.56
0004WN,1070,2022-11-20 18:32:43,INACTIVE,True,True,0,True,True,True,True,0.0,0.0,0.0,0.0
00013K,1029,2021-07-25 12:12:28,INACTIVE,True,True,0,True,True,True,True,0.0,0.0,0.0,0.0
00016B,87,2025-10-29 20:20:20,INACTIVE,True,True,0,True,True,True,True,0.0,0.0,0.0,0.0
0001KT,706,2022-07-16 13:52:19,INACTIVE,True,True,0,True,True,True,True,0.0,0.0,0.0,0.0
00034H,605,2024-04-04 13:39:26,INACTIVE,True,True,0,True,True,True,True,0.0,0.0,0.0,0.0
0003C7,1359,2020-12-30 14:08:38,INACTIVE,True,True,0,True,True,True,True,0.0,0.0,0.0,0.0
0003RH,1293,2023-08-11 16:06:16,INACTIVE,True,True,0,True,True,True,True,0.0,0.0,0.0,0.0
00076U,2019,2019-08-21 00:05:42,INACTIVE,True,True,0,True,True,True,True,0.0,0.0,0.0,0.0
00004Q,105,2019-08-22 11:10:03,ACTIVE,2019-08-29,2025-10-01,6067003,9651143.4100000000,9650443.2800000000,0E-10,0E-10,-1688676.12,2246013.89,4144.66,-1610063.04
0006QI,440,2024-07-23 12:53:27,ACTIVE,2024-08-12,2024-08-30,17635,20000.0000000000,19200.0000000000,0E-10,0E-10,10858.89,7434.19,327.63,7029.7
0004X0,258,2024-12-06 00:00:00,ACTIVE,2024-12-06,2024-12-06,0,1000.0000000000,1000.0000000000,0E-10,0E-10,0.0,0.0,11.45,11.63
0001RO,1010,2022-10-18 17:12:47,INACTIVE,True,True,0,True,True,True,True,0.0,0.0,0.0,0.0
0007OR,796,2024-05-03 13:58:03,INACTIVE,True,True,0,True,True,True,True,0.0,0.0,0.0,0.0
0002BR,1072,2023-06-04 02:06:47,INACTIVE,True,True,0,True,True,True,True,0.0,0.0,0.0,0.0
0001MK,1210,2022-07-04 23:36:59,INACTIVE,True,True,0,True,True,True,True,0.0,0.0,0.0,0.0
0003HR,2020,2021-11-07 20:42:41,INACTIVE,True,True,0,True,True,True,True,0.0,0.0,0.0,0.0
0000BO,107,2025-06-17 08:40:10,INACTIVE,True,True,0,True,True,True,True,0.0,0.0,0.0,0.0
0001JP,788,2024-05-31 14:20:54,INACTIVE,True,True,0,True,True,True,True,0.0,0.0,0.0,0.0
0001D7,107,2025-07-08 13:00:27,INACTIVE,True,True,0,True,True,True,True,0.0,0.0,0.0,0.0
0004NQ,3256,2019-07-15 05:44:51,INACTIVE,True,True,0,True,True,True,True,0.0,0.0,0.0,0.0
0003OS,3434,2019-07-19 08:35:01,INACTIVE,True,True,0,True,True,True,True,0.0,0.0,0.0,0.0
00077W,1663,2022-08-03 08:52:43,INACTIVE,True,True,0,True,True,True,True,0.0,0.0,0.0,0.0
000238,1058,2020-06-18 06:31:13,INACTIVE,True,True,0,True,True,True,True,0.0,0.0,0.0,0.0
0000V6,361,2025-01-28 13:44:33,INACTIVE,True,True,0,True,True,True,True,0.0,0.0,0.0,0.0
0006VM,368,2025-04-13 20:43:31,INACTIVE,True,True,0,True,True,True,True,0.0,0.0,0.0,0.0
0002Y4,18,2025-11-22 11:02:40,ACTIVE,2025-11-24,2025-12-29,0,2310.0000000000,1300.7500000000,1000.0000000000,0E-10,0.0,0.0,133.26,180.28
0007I6,105,2025-09-15 12:13:30,INACTIVE,True,True,0,True,True,True,True,0.0,0.0,0.0,0.0
00056Y,1240,2022-07-18 13:03:49,INACTIVE,True,True,0,True,True,True,True,0.0,0.0,0.0,0.0
0002B7,267,2024-10-12 02:37:05,INACTIVE,True,True,0,True,True,True,True,0.0,0.0,0.0,0.0
0005YD,2181,2020-01-18 12:17:51,INACTIVE,True,True,0,True,True,True,True,0.0,0.0,0.0,0.0
0000J0,659,2019-01-10 15:56:46,ACTIVE,2022-08-15,2022-08-15,0,300.0000000000,300.0000000000,0E-10,0E-10,0.0,0.0,6.06,6.82
0003Z0,2339,2020-06-11 20:56:48,INACTIVE,True,True,0,True,True,True,True,0.0,0.0,0.0,0.0
0001X4,226,2025-05-06 07:56:57,INACTIVE,True,True,0,True,True,True,True,0.0,0.0,0.0,0.0
0000FW,1753,2019-01-17 02:05:02,INACTIVE,2019-02-06,2019-02-06,174052,True,True,True,True,9134.92,42661.58,0.0,12074.56
0000J6,296,2024-06-21 13:11:20,INACTIVE,True,True,0,True,True,True,True,0.0,0.0,0.0,0.0
0002TU,3378,2019-07-16 07:56:01,INACTIVE,True,True,0,True,True,True,True,0.0,0.0,0.0,0.0
0004IC,1333,2022-08-02 09:09:41,INACTIVE,True,True,0,True,True,True,True,0.0,0.0,0.0,0.0
0005KI,2756,2019-06-18 23:23:46,INACTIVE,True,True,0,True,True,True,True,0.0,0.0,0.0,0.0
00078T,1180,2023-07-08 13:24:33,INACTIVE,True,True,0,True,True,True,True,0.0,0.0,0.0,0.0
0001GJ,1390,2022-08-30 00:00:00,ACTIVE,2022-08-30,2022-08-30,0,100.0000000000,0E-10,0E-10,0E-10,0.0,0.0,2.09,2.34
0002WN,1473,2021-08-16 17:12:13,INACTIVE,True,True,0,True,True,True,True,0.0,0.0,0.0,0.0
0002TW,1061,2023-06-19 01:43:52,INACTIVE,True,True,0,True,True,True,True,0.0,0.0,0.0,0.0
0002ZC,1429,2020-11-03 11:24:46,INACTIVE,True,True,0,True,True,True,True,0.0,0.0,0.0,0.0
0006G7,239,2025-06-04 20:13:54,INACTIVE,True,True,0,True,True,True,True,0.0,0.0,0.0,0.0
00050Q,403,2024-06-23 14:31:59,INACTIVE,True,True,0,True,True,True,True,0.0,0.0,0.0,0.0
0000LZ,816,2024-06-18 13:03:39,INACTIVE,True,True,0,True,True,True,True,0.0,0.0,0.0,0.0
00037G,2695,2018-09-25 16:29:20,INACTIVE,True,True,0,True,True,True,True,0.0,0.0,0.0,0.0
0004QU,505,2024-02-27 10:26:09,INACTIVE,True,True,0,True,True,True,True,0.0,0.0,0.0,0.0
0003UD,2688,2019-08-01 12:10:16,INACTIVE,True,True,0,True,True,True,True,0.0,0.0,0.0,0.0
0007DE,285,2024-07-03 16:04:23,ACTIVE,2024-09-19,2024-09-19,0,20000.0000000000,19950.0000000000,0E-10,0E-10,0.0,0.0,624.42,317.17
0000TF,1296,2022-03-29 19:03:27,INACTIVE,True,True,0,True,True,True,True,0.0,0.0,0.0,0.0
0001VA,1128,2023-10-12 20:09:44,INACTIVE,True,True,0,True,True,True,True,0.0,0.0,0.0,0.0
0005JM,841,2024-03-23 12:06:18,INACTIVE,True,True,0,True,True,True,True,0.0,0.0,0.0,0.0
00068Y,501,2024-11-25 13:29:48,INACTIVE,True,True,0,True,True,True,True,0.0,0.0,0.0,0.0
0003O2,192,2025-07-01 23:44:23,INACTIVE,True,True,0,True,True,True,True,0.0,0.0,0.0,0.0
0006IO,735,2021-10-08 00:00:00,ACTIVE,2021-10-08,2023-12-01,0,722440.6200000000,1444631.2400000000,0E-10,0E-10,0.0,0.0,829.13,379.5
0004RB,566,2022-12-22 17:11:15,INACTIVE,2023-01-04,2023-01-04,861995,True,True,True,True,-104641.84,153733.36,0.0,-157530.63
0005LX,1713,2021-10-11 17:19:39,INACTIVE,True,True,0,True,True,True,True,0.0,0.0,0.0,0.0
0001YX,173,2025-08-07 16:22:07,INACTIVE,True,True,0,True,True,True,True,0.0,0.0,0.0,0.0
0001OW,955,2020-11-11 19:52:58,INACTIVE,True,True,0,True,True,True,True,0.0,0.0,0.0,0.0
0004UO,1794,2018-05-01 00:00:00,INACTIVE,2018-05-01,2018-05-01,9206,True,True,True,True,7366.24,9290.45,0.0,4576.17
0001P2,1302,2015-12-22 13:42:16,INACTIVE,2019-01-31,2019-01-31,122487,True,True,True,True,23247.88,128947.13,0.0,18529.56
0000N7,903,2022-10-04 11:44:10,INACTIVE,True,True,0,True,True,True,True,0.0,0.0,0.0,0.0
0001DZ,983,2020-09-12 05:42:28,INACTIVE,True,True,0,True,True,True,True,0.0,0.0,0.0,0.0
0007PB,3293,2015-12-10 16:13:29,INACTIVE,2015-12-11,2016-03-18,706512,True,True,True,True,-276176.62,-75141.07,0.0,-161455.5
0007G8,3082,2017-05-25 13:39:51,INACTIVE,True,True,0,True,True,True,True,0.0,0.0,0.0,0.0
0002S2,1465,2021-10-05 13:20:51,INACTIVE,True,True,0,True,True,True,True,0.0,0.0,0.0,0.0
0002YN,500,2022-09-09 07:49:33,ACTIVE,2022-09-19,2024-01-31,374912,83812.9100000000,83476.7300000000,0E-10,0E-10,62744.39,111885.99,66.95,39580.87
00000A,53,2025-11-24 13:03:12,INACTIVE,True,True,0,True,True,True,True,0.0,0.0,0.0,0.0
0007DG,2645,2020-07-12 22:38:23,INACTIVE,True,True,0,True,True,True,True,0.0,0.0,0.0,0.0
0003DX,1484,2020-11-26 12:04:35,INACTIVE,True,True,0,True,True,True,True,0.0,0.0,0.0,0.0
0001JU,40,2025-11-27 00:00:00,ACTIVE,2025-11-27,2025-11-27,0,2001.0000000000,990.7500000000,1001.0000000000,0E-10,0.0,0.0,148.29,117.35
0003XE,863,2023-10-10 07:39:58,INACTIVE,True,True,0,True,True,True,True,0.0,0.0,0.0,0.0
0003SO,1912,2018-11-27 12:57:18,INACTIVE,True,True,0,True,True,True,True,0.0,0.0,0.0,0.0
0000AS,66,2022-12-24 08:22:10,ACTIVE,2025-10-28,2025-10-28,20369,15000.0000000000,14838.1300000000,0E-10,0E-10,-24528.54,-18468.81,220.36,-24415.76
0001ID,412,2024-11-08 10:43:57,INACTIVE,True,True,0,True,True,True,True,0.0,0.0,0.0,0.0
0005ZP,2078,2019-08-15 12:54:13,INACTIVE,True,True,0,True,True,True,True,0.0,0.0,0.0,0.0
0002JP,3609,2018-07-18 00:00:00,EXITED,2018-07-18,2018-07-18,13922,True,True,True,True,-4757.45,-1920.77,0.0,-2450.04
0002OL,3472,2018-12-29 08:58:16,INACTIVE,True,True,0,True,True,True,True,0.0,0.0,0.0,0.0
0004GF,2493,2018-06-25 00:00:00,EXITED,2018-06-25,2018-06-25,13829,True,True,True,True,-7505.8,-16191.23,0.0,-12769.9
000563,420,2024-10-29 21:33:21,INACTIVE,True,True,0,True,True,True,True,0.0,0.0,0.0,0.0
00011K,1560,2023-02-09 07:41:54,INACTIVE,True,True,0,True,True,True,True,0.0,0.0,0.0,0.0
0001NB,2781,2018-06-14 18:22:32,INACTIVE,True,True,0,True,True,True,True,0.0,0.0,0.0,0.0
0001EM,3352,2019-11-23 08:16:06,INACTIVE,True,True,0,True,True,True,True,0.0,0.0,0.0,0.0
0003IH,2901,2019-10-02 19:35:51,INACTIVE,True,True,0,True,True,True,True,0.0,0.0,0.0,0.0
0006QW,802,2023-03-03 10:59:28,INACTIVE,True,True,0,True,True,True,True,0.0,0.0,0.0,0.0
0004TZ,179,2025-05-14 13:27:05,INACTIVE,True,True,0,True,True,True,True,0.0,0.0,0.0,0.0
0006U0,386,2024-06-09 00:38:27,INACTIVE,True,True,0,True,True,True,True,0.0,0.0,0.0,0.0
00055P,184,2025-08-27 19:27:08,INACTIVE,True,True,0,True,True,True,True,0.0,0.0,0.0,0.0
00011U,1054,2022-06-19 16:13:59,INACTIVE,True,True,0,True,True,True,True,0.0,0.0,0.0,0.0
0004RV,851,2024-01-22 18:47:11,INACTIVE,True,True,0,True,True,True,True,0.0,0.0,0.0,0.0
0001XI,1426,2022-04-15 16:42:13,INACTIVE,True,True,0,True,True,True,True,0.0,0.0,0.0,0.0
0006A5,220,2025-08-02 01:19:35,INACTIVE,True,True,0,True,True,True,True,0.0,0.0,0.0,0.0
0005O5,1610,2022-07-08 11:34:23,INACTIVE,True,True,0,True,True,True,True,0.0,0.0,0.0,0.0
0000DF,339,2024-05-24 19:48:45,INACTIVE,True,True,0,True,True,True,True,0.0,0.0,0.0,0.0
0001NR,1067,2022-07-22 06:53:23,INACTIVE,True,True,0,True,True,True,True,0.0,0.0,0.0,0.0
00013Z,995,2023-01-23 08:43:10,INACTIVE,2023-05-16,2023-05-16,237337,True,True,True,True,-77873.51,271.28,0.0,-84304.3
0004QD,87,2025-11-09 08:20:52,INACTIVE,True,True,0,True,True,True,True,0.0,0.0,0.0,0.0
0000AP,707,2024-06-12 07:40:45,INACTIVE,True,True,0,True,True,True,True,0.0,0.0,0.0,0.0
0000D3,550,2024-08-09 12:03:22,INACTIVE,True,True,0,True,True,True,True,0.0,0.0,0.0,0.0
000188,3875,2017-12-06 21:32:13,INACTIVE,True,True,0,True,True,True,True,0.0,0.0,0.0,0.0
0006Y8,828,2023-08-13 14:48:49,INACTIVE,True,True,0,True,True,True,True,0.0,0.0,0.0,0.0
0007D3,35,2025-11-13 14:14:14,INACTIVE,True,True,0,True,True,True,True,0.0,0.0,0.0,0.0
0001W6,747,2018-10-26 09:02:02,ACTIVE,2023-03-22,2024-07-19,2966704,1474342.8700000000,972249.7600000000,500.0000000000,0E-10,1303112.69,3060139.41,2010.08,1630442.74
0007GM,62,2025-11-16 01:00:26,INACTIVE,True,True,0,True,True,True,True,0.0,0.0,0.0,0.0
0002AD,419,2025-03-01 18:09:36,INACTIVE,True,True,0,True,True,True,True,0.0,0.0,0.0,0.0
0003XK,986,2023-01-06 12:01:04,INACTIVE,True,True,0,True,True,True,True,0.0,0.0,0.0,0.0
0006XR,931,2023-09-13 10:42:29,INACTIVE,True,True,0,True,True,True,True,0.0,0.0,0.0,0.0
0003RJ,665,2023-11-07 07:20:06,INACTIVE,True,True,0,True,True,True,True,0.0,0.0,0.0,0.0
0001U9,1112,2022-09-11 19:57:11,INACTIVE,True,True,0,True,True,True,True,0.0,0.0,0.0,0.0
00020R,599,2021-08-18 02:55:28,ACTIVE,2023-05-14,2023-07-05,22962,83300.0000000000,83158.9100000000,0E-10,0E-10,-14270.91,-3411.07,1215.23,-6734.32
00034C,1824,2021-12-20 10:47:41,ACTIVE,2022-01-07,2022-01-07,0,500.0000000000,500.0000000000,0E-10,0E-10,0.0,0.0,6.87,7.39
0004UR,56,2025-11-04 23:37:28,INACTIVE,True,True,0,True,True,True,True,0.0,0.0,0.0,0.0
0005LQ,1733,2020-02-15 09:32:57,INACTIVE,True,True,0,True,True,True,True,0.0,0.0,0.0,0.0
0003XO,208,2025-05-17 16:14:29,INACTIVE,True,True,0,True,True,True,True,0.0,0.0,0.0,0.0
0006BT,185,2025-06-30 09:01:38,INACTIVE,True,True,0,True,True,True,True,0.0,0.0,0.0,0.0
0001F9,1255,2022-11-06 22:53:13,INACTIVE,True,True,0,True,True,True,True,0.0,0.0,0.0,0.0
0001BE,989,2023-10-02 08:51:54,INACTIVE,True,True,0,True,True,True,True,0.0,0.0,0.0,0.0
000433,2271,2020-10-01 11:16:04,INACTIVE,True,True,0,True,True,True,True,0.0,0.0,0.0,0.0
0002MK,948,2023-03-26 05:51:40,INACTIVE,True,True,0,True,True,True,True,0.0,0.0,0.0,0.0
0006UX,1330,2022-05-01 10:07:24,INACTIVE,True,True,0,True,True,True,True,0.0,0.0,0.0,0.0
00002D,397,2024-05-05 11:41:42,INACTIVE,True,True,0,True,True,True,True,0.0,0.0,0.0,0.0
0005SL,35,2025-12-12 06:32:56,INACTIVE,True,True,0,True,True,True,True,0.0,0.0,0.0,0.0
00052G,1728,2022-08-09 18:05:05,INACTIVE,True,True,0,True,True,True,True,0.0,0.0,0.0,0.0
000741,2719,2018-03-16 00:00:00,EXITED,2018-03-16,2018-04-16,12754,True,True,True,True,-31831.96,-22661.76,0.0,-29717.02
0000O5,1513,2023-02-28 23:03:01,INACTIVE,True,True,0,True,True,True,True,0.0,0.0,0.0,0.0
0006L4,109,2024-05-19 01:14:48,ACTIVE,2025-08-02,2025-08-02,24850,20000.0000000000,19941.8800000000,0E-10,0E-10,-21332.2,-12013.33,564.38,-30489.82
0002Y3,3441,2016-01-14 00:00:00,INACTIVE,2016-01-14,2018-06-04,0,0E-10,0E-10,0E-10,0E-10,0.0,0.0,0.0,0.0
0001VQ,2056,2021-05-19 15:26:52,INACTIVE,True,True,0,True,True,True,True,0.0,0.0,0.0,0.0
0004LQ,1887,2021-09-01 15:09:18,INACTIVE,True,True,0,True,True,True,True,0.0,0.0,0.0,0.0
0001C7,4208,2016-02-15 15:51:21,INACTIVE,2016-02-18,2016-02-18,123662,True,True,True,True,-28749.29,20092.01,0.0,-36323.0
0000P7,86,2025-08-03 16:54:32,INACTIVE,True,True,0,True,True,True,True,0.0,0.0,0.0,0.0
0003DG,559,2024-10-22 10:23:46,INACTIVE,True,True,0,True,True,True,True,0.0,0.0,0.0,0.0
0006XC,577,2024-06-17 06:33:09,INACTIVE,True,True,0,True,True,True,True,0.0,0.0,0.0,0.0
0005WN,1035,2023-04-10 15:00:51,INACTIVE,True,True,0,True,True,True,True,0.0,0.0,0.0,0.0
0006NS,607,2022-02-03 12:47:48,INACTIVE,2022-02-15,2023-01-09,6890457,True,True,True,True,-893461.8,1550838.52,0.0,-832922.39
0006Y1,575,2023-10-03 09:07:49,INACTIVE,True,True,0,True,True,True,True,0.0,0.0,0.0,0.0
0002B5,1710,2022-09-21 17:56:05,INACTIVE,True,True,0,True,True,True,True,0.0,0.0,0.0,0.0
000070,1227,2021-12-03 16:20:09,INACTIVE,True,True,0,True,True,True,True,0.0,0.0,0.0,0.0
0006VG,700,2023-11-24 00:18:23,INACTIVE,True,True,0,True,True,True,True,0.0,0.0,0.0,0.0
00018X,1970,2018-03-20 15:09:42,INACTIVE,True,True,0,True,True,True,True,0.0,0.0,0.0,0.0
00046J,3201,2018-04-20 08:52:30,INACTIVE,True,True,0,True,True,True,True,0.0,0.0,0.0,0.0
0007HZ,1021,2023-10-15 10:05:35,INACTIVE,True,True,0,True,True,True,True,0.0,0.0,0.0,0.0
00027H,1700,2022-10-06 09:48:07,INACTIVE,2022-10-07,2022-10-07,1997254,True,True,True,True,-471081.09,-96630.17,0.0,-643424.21
0000WC,2434,2019-10-07 10:36:37,INACTIVE,True,True,0,True,True,True,True,0.0,0.0,0.0,0.0
0005JA,416,2023-04-11 16:34:21,ACTIVE,2023-04-13,2024-07-28,357859,24613.7300000000,25000.0000000000,0E-10,0E-10,68081.4,70485.33,34.36,37882.31
0000LM,584,2023-03-29 13:47:16,INACTIVE,True,True,0,True,True,True,True,0.0,0.0,0.0,0.0
0004EZ,876,2022-11-28 11:21:49,INACTIVE,True,True,0,True,True,True,True,0.0,0.0,0.0,0.0
0001CV,644,2023-10-08 00:00:00,ACTIVE,2023-10-08,2024-06-18,41602,80471.0000000000,66705.3800000000,0E-10,0E-10,-10549.2,-530.18,179.09,-13092.22
0004OP,57,2020-12-16 12:07:06,ACTIVE,2025-03-26,2025-12-07,7468847,8573400.0000000000,8588060.4600000000,0E-10,0E-10,-2922473.84,-1409962.62,19049.32,-1659665.04
000506,55,2025-10-12 00:23:11,INACTIVE,True,True,0,True,True,True,True,0.0,0.0,0.0,0.0
0004TG,95,2025-09-30 07:50:36,INACTIVE,True,True,0,True,True,True,True,0.0,0.0,0.0,0.0
00062X,3127,2018-09-14 17:11:02,EXITED,2018-09-15,2018-09-15,84828,True,True,True,True,-96168.67,-60284.83,0.0,-75366.4
00051T,2333,2020-02-05 15:49:43,INACTIVE,True,True,0,True,True,True,True,0.0,0.0,0.0,0.0
0004B7,290,2025-05-08 11:24:54,INACTIVE,True,True,0,True,True,True,True,0.0,0.0,0.0,0.0
0002IO,2071,2020-02-26 12:24:07,INACTIVE,True,True,0,True,True,True,True,0.0,0.0,0.0,0.0
00067G,667,2023-08-29 22:23:37,BLACKLISTED,2023-08-30,2023-08-30,5015,5000.0000000000,5000.0000000000,0E-10,0E-10,-8598.74,-9177.88,91.26,-9110.21
0005UP,443,2024-10-21 23:49:25,INACTIVE,True,True,0,True,True,True,True,0.0,0.0,0.0,0.0
00048A,2378,2018-06-22 00:00:00,EXITED,2018-06-22,2018-08-27,23753,True,True,True,True,-30462.32,-20736.72,0.0,-15785.78
0005AR,931,2022-10-28 19:36:25,INACTIVE,2023-11-03,2023-12-07,16146,True,True,True,True,-11095.84,-8889.43,0.0,-10931.07
0002SM,560,2023-10-04 09:37:27,INACTIVE,True,True,0,True,True,True,True,0.0,0.0,0.0,0.0
000054,2783,2018-05-23 12:30:10,INACTIVE,True,True,0,True,True,True,True,0.0,0.0,0.0,0.0
0002VY,2587,2021-03-09 16:01:42,INACTIVE,True,True,0,True,True,True,True,0.0,0.0,0.0,0.0
0006FR,595,2024-06-17 16:35:00,INACTIVE,True,True,0,True,True,True,True,0.0,0.0,0.0,0.0
0006R5,22,2025-12-16 14:32:23,INACTIVE,True,True,0,True,True,True,True,0.0,0.0,0.0,0.0
0001TX,1037,2024-01-24 07:58:23,INACTIVE,True,True,0,True,True,True,True,0.0,0.0,0.0,0.0
00070J,2037,2018-07-19 23:03:18,INACTIVE,True,True,0,True,True,True,True,0.0,0.0,0.0,0.0
0001BW,422,2025-02-09 08:30:13,ACTIVE,2025-02-12,2025-02-12,7121,5000.0000000000,4950.0000000000,0E-10,0E-10,-8815.19,-4209.0,123.02,-10183.45
0005QE,964,2021-09-16 16:09:13,INACTIVE,True,True,0,True,True,True,True,0.0,0.0,0.0,0.0
0006ER,777,2024-06-19 09:54:09,INACTIVE,True,True,0,True,True,True,True,0.0,0.0,0.0,0.0
0004NE,411,2024-05-21 09:08:48,INACTIVE,True,True,0,True,True,True,True,0.0,0.0,0.0,0.0
0000ZD,1347,2021-12-01 18:08:25,INACTIVE,True,True,0,True,True,True,True,0.0,0.0,0.0,0.0
00025N,390,2025-04-24 10:26:30,INACTIVE,True,True,0,True,True,True,True,0.0,0.0,0.0,0.0
0004NC,1192,2023-01-07 06:52:02,INACTIVE,True,True,0,True,True,True,True,0.0,0.0,0.0,0.0
0004BZ,834,2023-01-20 00:31:36,INACTIVE,True,True,0,True,True,True,True,0.0,0.0,0.0,0.0
0002ZI,63,2025-09-11 04:33:59,INACTIVE,True,True,0,True,True,True,True,0.0,0.0,0.0,0.0
000207,167,2025-02-19 14:39:33,INACTIVE,True,True,0,True,True,True,True,0.0,0.0,0.0,0.0
00006Z,602,2023-11-30 10:37:38,INACTIVE,True,True,0,True,True,True,True,0.0,0.0,0.0,0.0
0001XA,557,2024-07-18 00:00:00,ACTIVE,2024-07-18,2024-07-22,2911,5000.0000000000,4550.0000000000,400.0000000000,0E-10,-220.03,218.81,204.86,-39.59
0000SX,2424,2019-04-21 09:05:49,INACTIVE,True,True,0,True,True,True,True,0.0,0.0,0.0,0.0
0005DY,1167,2023-10-17 09:15:11,INACTIVE,True,True,0,True,True,True,True,0.0,0.0,0.0,0.0
0004I9,628,2024-09-05 09:20:55,INACTIVE,True,True,0,True,True,True,True,0.0,0.0,0.0,0.0
0002UG,2879,2020-07-04 10:33:42,INACTIVE,True,True,0,True,True,True,True,0.0,0.0,0.0,0.0
0001H0,2022,2020-07-27 21:28:14,INACTIVE,True,True,0,True,True,True,True,0.0,0.0,0.0,0.0
0002R7,1732,2021-01-11 23:02:57,INACTIVE,True,True,0,True,True,True,True,0.0,0.0,0.0,0.0
0003OJ,748,2024-02-13 12:09:23,INACTIVE,True,True,0,True,True,True,True,0.0,0.0,0.0,0.0
0001L9,1436,2020-02-11 14:22:54,INACTIVE,2021-07-14,2021-07-14,33194,True,True,True,True,12739.81,9051.41,0.0,6750.86
00073L,26,2025-12-09 20:58:58,INACTIVE,True,True,0,True,True,True,True,0.0,0.0,0.0,0.0
0001AN,1139,2023-09-16 09:30:01,INACTIVE,True,True,0,True,True,True,True,0.0,0.0,0.0,0.0
00002Z,1306,2023-01-05 15:32:04,INACTIVE,True,True,0,True,True,True,True,0.0,0.0,0.0,0.0
00020W,792,2023-06-01 13:53:03,INACTIVE,True,True,0,True,True,True,True,0.0,0.0,0.0,0.0
00006J,1613,2021-05-16 17:52:27,INACTIVE,True,True,0,True,True,True,True,0.0,0.0,0.0,0.0
0007FA,2077,2018-03-14 11:19:01,EXITED,2018-03-15,2018-03-15,74325,True,True,True,True,55822.09,89593.12,0.0,72401.57
0006DR,554,2024-08-12 18:24:19,INACTIVE,True,True,0,True,True,True,True,0.0,0.0,0.0,0.0
0007FN,798,2023-03-20 16:24:43,ACTIVE,2023-04-27,2023-06-30,39202,33890.0000000000,16917.9700000000,0E-10,0E-10,10620.35,15774.77,433.45,5767.81
0002GJ,3224,2019-08-16 00:00:00,EXITED,2019-08-16,2019-08-16,186224,True,True,True,True,247530.17,358086.74,0.0,253388.7
0001B0,277,2025-04-21 22:38:56,INACTIVE,True,True,0,True,True,True,True,0.0,0.0,0.0,0.0
0004NM,1241,2022-04-25 13:30:33,INACTIVE,True,True,0,True,True,True,True,0.0,0.0,0.0,0.0
00017H,1839,2022-01-04 18:05:12,INACTIVE,True,True,0,True,True,True,True,0.0,0.0,0.0,0.0
0001MG,122,2025-10-20 06:17:41,INACTIVE,True,True,0,True,True,True,True,0.0,0.0,0.0,0.0
0007DK,192,2025-08-22 06:49:21,INACTIVE,True,True,0,True,True,True,True,0.0,0.0,0.0,0.0
0001PO,795,2023-11-08 10:09:35,INACTIVE,True,True,0,True,True,True,True,0.0,0.0,0.0,0.0
00041P,1164,2022-04-27 21:24:47,INACTIVE,True,True,0,True,True,True,True,0.0,0.0,0.0,0.0
0001UQ,2816,2019-05-29 22:26:33,INACTIVE,True,True,0,True,True,True,True,0.0,0.0,0.0,0.0
0000QH,1115,2023-09-21 12:41:44,INACTIVE,True,True,0,True,True,True,True,0.0,0.0,0.0,0.0
0001S1,3158,2020-03-11 09:41:56,INACTIVE,True,True,0,True,True,True,True,0.0,0.0,0.0,0.0
0005NK,1725,2021-02-08 15:33:26,INACTIVE,True,True,0,True,True,True,True,0.0,0.0,0.0,0.0
0002HU,282,2025-05-19 11:15:02,INACTIVE,True,True,0,True,True,True,True,0.0,0.0,0.0,0.0
000191,961,2022-09-21 00:00:00,INACTIVE,2022-09-21,2022-09-21,509413,True,True,True,True,-5807.14,180975.54,0.0,-8508.22
00035H,1303,2019-12-20 22:13:04,INACTIVE,True,True,0,True,True,True,True,0.0,0.0,0.0,0.0
0004LD,1761,2019-08-21 17:39:49,INACTIVE,True,True,0,True,True,True,True,0.0,0.0,0.0,0.0
0003GR,241,2019-03-12 09:08:45,ACTIVE,2024-08-27,2024-10-04,9439,31278.5800000000,31218.0400000000,50.0000000000,100.0000000000,33503.37,30656.95,784.89,20162.64
00069V,1718,2021-05-19 21:33:28,INACTIVE,True,True,0,True,True,True,True,0.0,0.0,0.0,0.0
0003BL,2764,2013-11-07 00:00:00,EXITED,2013-11-08,2017-05-16,312832,True,True,True,True,339372.96,417340.46,0.0,551704.93
0005PX,1146,2023-05-18 12:40:47,INACTIVE,True,True,0,True,True,True,True,0.0,0.0,0.0,0.0
0001A9,1950,2020-08-17 18:51:34,EXITED,2021-04-03,2021-04-03,11176,True,True,True,True,-7686.59,-5469.95,0.0,-17551.16
000268,1226,2021-01-05 11:30:36,INACTIVE,True,True,0,True,True,True,True,0.0,0.0,0.0,0.0
00042S,772,2024-03-28 10:16:21,INACTIVE,True,True,0,True,True,True,True,0.0,0.0,0.0,0.0
0003ZL,1041,2021-11-23 07:09:42,INACTIVE,True,True,0,True,True,True,True,0.0,0.0,0.0,0.0
0006ME,29,2019-05-03 15:10:08,ACTIVE,2025-11-18,2025-11-18,5384,10000.0000000000,9834.3800000000,0E-10,0E-10,-2161.79,2789.65,124.69,-714.24
00013C,466,2023-11-13 19:32:57,ACTIVE,2025-03-04,2025-03-04,13398,10500.0000000000,10412.8800000000,0E-10,0E-10,-17783.66,-7438.3,338.97,-8679.51
0005H4,129,2025-05-15 08:01:43,INACTIVE,True,True,0,True,True,True,True,0.0,0.0,0.0,0.0
0003U4,509,2024-05-20 06:32:03,INACTIVE,True,True,0,True,True,True,True,0.0,0.0,0.0,0.0
0001DS,1034,2023-07-21 09:56:13,INACTIVE,True,True,0,True,True,True,True,0.0,0.0,0.0,0.0
00059K,784,2023-07-29 05:51:58,INACTIVE,True,True,0,True,True,True,True,0.0,0.0,0.0,0.0
00019X,2359,2018-09-17 17:50:16,INACTIVE,True,True,0,True,True,True,True,0.0,0.0,0.0,0.0
0006IE,1532,2022-08-11 15:00:11,INACTIVE,True,True,0,True,True,True,True,0.0,0.0,0.0,0.0
0000IT,3209,2018-01-25 20:35:17,INACTIVE,True,True,0,True,True,True,True,0.0,0.0,0.0,0.0
00043B,2081,2020-06-12 08:32:31,INACTIVE,True,True,0,True,True,True,True,0.0,0.0,0.0,0.0
0002F4,3474,2019-03-07 13:34:07,INACTIVE,True,True,0,True,True,True,True,0.0,0.0,0.0,0.0
0003BC,131,2020-11-08 13:37:00,ACTIVE,2024-10-02,2025-06-14,436796,1536400.0000000000,1534255.3400000000,0E-10,100800.0000000000,-774141.71,263971.87,2696.73,-698699.98
0006QO,984,2023-04-06 15:51:00,INACTIVE,True,True,0,True,True,True,True,0.0,0.0,0.0,0.0
0005BY,189,2025-05-04 08:52:27,INACTIVE,True,True,0,True,True,True,True,0.0,0.0,0.0,0.0
0002JS,3,2026-01-10 22:08:36,INACTIVE,True,True,0,True,True,True,True,0.0,0.0,0.0,0.0
00012P,2254,2021-11-13 22:50:18,INACTIVE,True,True,0,True,True,True,True,0.0,0.0,0.0,0.0
000516,1070,2023-09-01 12:27:42,INACTIVE,True,True,0,True,True,True,True,0.0,0.0,0.0,0.0
0003DN,26,2025-12-10 20:07:11,INACTIVE,True,True,0,True,True,True,True,0.0,0.0,0.0,0.0
0004LT,30,2025-12-13 06:02:02,INACTIVE,True,True,0,True,True,True,True,0.0,0.0,0.0,0.0
000030,523,2023-05-20 06:14:53,ACTIVE,2023-10-19,2024-01-25,40531,19626.0000000000,19396.2600000000,0E-10,0E-10,-161.03,7941.7,140.77,-126.68
0004BW,265,2025-06-05 06:05:53,INACTIVE,True,True,0,True,True,True,True,0.0,0.0,0.0,0.0
0000BM,65,2025-10-30 14:46:01,INACTIVE,True,True,0,True,True,True,True,0.0,0.0,0.0,0.0
0005QG,70,2025-11-27 00:00:00,ACTIVE,2025-11-27,2025-11-27,0,2000.0000000000,999.7500000000,1000.0000000000,0E-10,0.0,0.0,225.44,117.08
0001Q1,1557,2020-01-07 11:32:26,INACTIVE,True,True,0,True,True,True,True,0.0,0.0,0.0,0.0
0005Q4,1218,2022-02-12 18:34:44,INACTIVE,True,True,0,True,True,True,True,0.0,0.0,0.0,0.0
0005QT,651,2024-10-17 06:41:10,INACTIVE,True,True,0,True,True,True,True,0.0,0.0,0.0,0.0
0005CR,2238,2021-08-13 02:42:17,INACTIVE,True,True,0,True,True,True,True,0.0,0.0,0.0,0.0
0000UI,1124,2022-02-28 19:38:30,INACTIVE,True,True,0,True,True,True,True,0.0,0.0,0.0,0.0
00000G,1016,2023-03-18 07:43:40,INACTIVE,True,True,0,True,True,True,True,0.0,0.0,0.0,0.0
0006UY,3437,2019-03-29 08:39:52,INACTIVE,True,True,0,True,True,True,True,0.0,0.0,0.0,0.0
000677,466,2024-12-13 20:23:35,INACTIVE,True,True,0,True,True,True,True,0.0,0.0,0.0,0.0
0002LC,83,2025-11-03 20:37:47,INACTIVE,True,True,0,True,True,True,True,0.0,0.0,0.0,0.0
0002LU,382,2025-02-20 15:02:04,INACTIVE,True,True,0,True,True,True,True,0.0,0.0,0.0,0.0
0001BA,168,2025-09-19 17:48:07,INACTIVE,True,True,0,True,True,True,True,0.0,0.0,0.0,0.0
0002LK,152,2025-08-19 05:54:53,INACTIVE,True,True,0,True,True,True,True,0.0,0.0,0.0,0.0
0001AU,1117,2021-07-21 21:15:08,INACTIVE,True,True,0,True,True,True,True,0.0,0.0,0.0,0.0
0007LK,2403,2019-04-12 11:06:23,INACTIVE,True,True,0,True,True,True,True,0.0,0.0,0.0,0.0
00038R,82,2025-11-09 20:06:55,INACTIVE,True,True,0,True,True,True,True,0.0,0.0,0.0,0.0
0000O1,779,2023-11-19 13:06:33,ACTIVE,2023-11-21,2023-11-22,0,8066.6800000000,6066.6800000000,2000.0000000000,66.6800000000,0.0,0.0,399.16,523.3
0005BG,1375,2021-05-30 19:42:43,INACTIVE,True,True,0,True,True,True,True,0.0,0.0,0.0,0.0
0005RU,2,2022-09-23 00:00:00,ACTIVE,2022-09-23,2026-01-13,0,214320.4500000000,215538.9300000000,2100.0000000000,18841.4600000000,0.0,0.0,147.86,181.74
00055Q,1572,2021-07-06 09:34:46,INACTIVE,True,True,0,True,True,True,True,0.0,0.0,0.0,0.0
0005B9,345,2025-05-24 17:04:37,INACTIVE,True,True,0,True,True,True,True,0.0,0.0,0.0,0.0
0005EY,188,2022-11-05 22:58:58,ACTIVE,2025-03-31,2025-06-08,24830,64160.0000000000,64033.8500000000,0E-10,0E-10,-2774.54,5154.78,771.24,-3091.55
0004U0,1510,2022-08-24 06:09:05,INACTIVE,True,True,0,True,True,True,True,0.0,0.0,0.0,0.0
0006OT,3635,2016-03-23 00:00:00,INACTIVE,2016-03-23,2016-08-10,467036,True,True,True,True,24237.02,101580.59,0.0,15197.69
00006W,578,2023-04-20 20:54:11,INACTIVE,True,True,0,True,True,True,True,0.0,0.0,0.0,0.0
0004LX,3136,2017-03-08 10:54:05,INACTIVE,2017-03-09,2017-03-09,112030,True,True,True,True,2144.73,20943.93,0.0,2703.5
0002HF,723,2022-04-20 20:37:09,INACTIVE,True,True,0,True,True,True,True,0.0,0.0,0.0,0.0
0003ST,188,2025-08-22 10:31:21,INACTIVE,True,True,0,True,True,True,True,0.0,0.0,0.0,0.0
0003KL,693,2024-07-03 10:52:50,INACTIVE,True,True,0,True,True,True,True,0.0,0.0,0.0,0.0
000065,1359,2019-04-13 08:36:59,INACTIVE,True,True,0,True,True,True,True,0.0,0.0,0.0,0.0
0001ZZ,125,2025-09-12 13:53:52,INACTIVE,True,True,0,True,True,True,True,0.0,0.0,0.0,0.0
0005JZ,1203,2023-10-15 13:00:38,INACTIVE,True,True,0,True,True,True,True,0.0,0.0,0.0,0.0
0004C0,2438,2017-07-14 02:20:58,INACTIVE,True,True,0,True,True,True,True,0.0,0.0,0.0,0.0
000148,1890,2022-05-10 23:43:15,INACTIVE,True,True,0,True,True,True,True,0.0,0.0,0.0,0.0
0004W3,408,2024-04-28 07:34:12,INACTIVE,True,True,0,True,True,True,True,0.0,0.0,0.0,0.0
0005LD,674,2022-05-25 20:07:00,INACTIVE,True,True,0,True,True,True,True,0.0,0.0,0.0,0.0
00016U,361,2025-01-30 11:01:08,INACTIVE,True,True,0,True,True,True,True,0.0,0.0,0.0,0.0
0005PJ,851,2022-11-21 11:57:35,INACTIVE,True,True,0,True,True,True,True,0.0,0.0,0.0,0.0
0000N8,1462,2023-02-20 10:30:37,INACTIVE,True,True,0,True,True,True,True,0.0,0.0,0.0,0.0
000115,2819,2019-06-20 12:36:13,INACTIVE,True,True,0,True,True,True,True,0.0,0.0,0.0,0.0
0007P7,377,2025-03-03 21:25:33,INACTIVE,True,True,0,True,True,True,True,0.0,0.0,0.0,0.0
00019K,1807,2021-10-28 12:05:21,INACTIVE,True,True,0,True,True,True,True,0.0,0.0,0.0,0.0
00009V,331,2025-03-14 09:31:20,ACTIVE,2025-03-25,2025-04-09,27409,20500.0000000000,20500.0000000000,0E-10,0E-10,-22075.32,-14658.13,415.06,-31351.27
00006L,3527,2018-04-19 14:50:51,INACTIVE,True,True,0,True,True,True,True,0.0,0.0,0.0,0.0
0005C6,1097,2023-06-16 19:35:28,ACTIVE,2023-06-22,2023-06-22,0,100.0000000000,100.0000000000,0E-10,0E-10,0.0,0.0,2.96,2.54
0001SF,183,2025-08-31 15:33:33,INACTIVE,True,True,0,True,True,True,True,0.0,0.0,0.0,0.0
00009Q,1449,2022-04-17 16:16:07,INACTIVE,True,True,0,True,True,True,True,0.0,0.0,0.0,0.0
0006QM,1687,2020-08-11 19:41:58,INACTIVE,True,True,0,True,True,True,True,0.0,0.0,0.0,0.0
0001P7,884,2019-10-29 21:19:08,ACTIVE,2023-07-16,2023-07-16,0,65200.0000000000,64500.0000000000,600.0000000000,0E-10,0.0,0.0,838.26,977.42
0001VB,2245,2019-07-03 21:13:30,INACTIVE,True,True,0,True,True,True,True,0.0,0.0,0.0,0.0
0004F5,267,2025-02-28 16:11:15,INACTIVE,True,True,0,True,True,True,True,0.0,0.0,0.0,0.0
0000WY,66,2025-11-04 10:18:54,INACTIVE,True,True,0,True,True,True,True,0.0,0.0,0.0,0.0
0007GX,1950,2020-01-04 16:18:12,INACTIVE,True,True,0,True,True,True,True,0.0,0.0,0.0,0.0
00013R,937,2021-11-03 13:02:47,INACTIVE,True,True,0,True,True,True,True,0.0,0.0,0.0,0.0
0006A2,2056,2021-10-23 08:29:01,INACTIVE,True,True,0,True,True,True,True,0.0,0.0,0.0,0.0
0005IZ,1270,2023-04-10 13:36:57,INACTIVE,True,True,0,True,True,True,True,0.0,0.0,0.0,0.0
0000A9,902,2023-01-20 09:59:11,ACTIVE,2023-02-03,2023-02-03,0,300.0000000000,300.0000000000,0E-10,0E-10,0.0,0.0,7.78,7.55
0006Y9,152,2025-10-02 16:01:25,INACTIVE,True,True,0,True,True,True,True,0.0,0.0,0.0,0.0
0002K9,1610,2022-12-31 07:44:22,INACTIVE,True,True,0,True,True,True,True,0.0,0.0,0.0,0.0
0005L8,630,2024-10-08 00:29:41,INACTIVE,True,True,0,True,True,True,True,0.0,0.0,0.0,0.0
00047K,1324,2019-03-12 10:28:57,INACTIVE,True,True,0,True,True,True,True,0.0,0.0,0.0,0.0
00049F,741,2023-09-18 17:35:24,INACTIVE,True,True,0,True,True,True,True,0.0,0.0,0.0,0.0
0000RZ,516,2024-07-25 14:24:57,INACTIVE,True,True,0,True,True,True,True,0.0,0.0,0.0,0.0
0005II,40,2025-12-13 00:00:00,ACTIVE,2025-12-13,2025-12-13,0,2000.0000000000,999.7500000000,1000.0000000000,0E-10,0.0,0.0,212.5,185.46
0006VP,691,2024-05-16 19:47:24,INACTIVE,True,True,0,True,True,True,True,0.0,0.0,0.0,0.0
0004D2,2928,2019-03-28 14:43:24,INACTIVE,True,True,0,True,True,True,True,0.0,0.0,0.0,0.0
0005KL,599,2024-09-29 00:00:00,ACTIVE,2024-09-29,2024-09-29,2450,2000.0000000000,1990.0000000000,0E-10,0E-10,-3027.13,-4045.03,64.25,-4243.82
00058H,727,2024-08-31 16:21:26,INACTIVE,True,True,0,True,True,True,True,0.0,0.0,0.0,0.0
000747,574,2024-07-18 07:11:17,INACTIVE,True,True,0,True,True,True,True,0.0,0.0,0.0,0.0
0003VC,131,2025-10-14 11:34:20,INACTIVE,True,True,0,True,True,True,True,0.0,0.0,0.0,0.0
0000HR,1553,2022-10-22 18:00:04,INACTIVE,True,True,0,True,True,True,True,0.0,0.0,0.0,0.0
0007EC,97,2025-09-21 10:01:34,INACTIVE,True,True,0,True,True,True,True,0.0,0.0,0.0,0.0
0005QA,2876,2020-01-18 06:36:17,INACTIVE,True,True,0,True,True,True,True,0.0,0.0,0.0,0.0
00034O,1437,2019-09-01 12:30:06,INACTIVE,True,True,0,True,True,True,True,0.0,0.0,0.0,0.0
00059G,2094,2017-01-05 14:03:28,INACTIVE,2017-01-09,2017-05-04,1805830,True,True,True,True,-80806.49,377851.98,0.0,-151088.08
0005IL,3732,2019-03-12 17:00:38,INACTIVE,True,True,0,True,True,True,True,0.0,0.0,0.0,0.0
0005XJ,1348,2018-03-15 10:06:43,ACTIVE,2022-01-24,2022-01-24,0,100.0000000000,100.0000000000,0E-10,0E-10,0.0,0.0,2.72,1.98
0006K0,1028,2023-02-10 21:58:09,INACTIVE,True,True,0,True,True,True,True,0.0,0.0,0.0,0.0
0007L8,1303,2023-08-01 07:01:06,INACTIVE,True,True,0,True,True,True,True,0.0,0.0,0.0,0.0
0002SI,190,2025-06-09 20:30:28,INACTIVE,True,True,0,True,True,True,True,0.0,0.0,0.0,0.0
0003J1,1455,2020-08-20 10:46:08,INACTIVE,True,True,0,True,True,True,True,0.0,0.0,0.0,0.0
00010Y,905,2020-02-03 11:08:33,ACTIVE,2020-02-04,2021-10-01,0,20131.8300000000,0E-10,0E-10,17500.0000000000,0.0,0.0,32.57,65.56
00038G,457,2024-10-25 16:53:22,INACTIVE,True,True,0,True,True,True,True,0.0,0.0,0.0,0.0
0006V9,686,2023-05-10 16:07:03,INACTIVE,True,True,0,True,True,True,True,0.0,0.0,0.0,0.0
000029,1149,2020-06-21 17:49:37,INACTIVE,True,True,0,True,True,True,True,0.0,0.0,0.0,0.0
0006II,2907,2019-12-24 22:30:49,INACTIVE,True,True,0,True,True,True,True,0.0,0.0,0.0,0.0
0002VP,1623,2020-09-04 10:58:38,INACTIVE,True,True,0,True,True,True,True,0.0,0.0,0.0,0.0
0004PD,264,2025-05-15 19:08:17,INACTIVE,True,True,0,True,True,True,True,0.0,0.0,0.0,0.0
0007B5,28,2025-10-06 18:23:37,ACTIVE,2025-11-04,2025-11-29,7098,12200.0000000000,12164.5000000000,0E-10,0E-10,-3647.16,795.56,209.41,-1604.55
000321,2538,2019-02-17 05:01:16,INACTIVE,True,True,0,True,True,True,True,0.0,0.0,0.0,0.0
0006DQ,2414,2020-03-14 23:20:03,INACTIVE,True,True,0,True,True,True,True,0.0,0.0,0.0,0.0
0003QN,60,2025-11-13 11:34:02,INACTIVE,True,True,0,True,True,True,True,0.0,0.0,0.0,0.0
0006CU,769,2023-07-12 10:21:40,INACTIVE,True,True,0,True,True,True,True,0.0,0.0,0.0,0.0
00012T,1036,2019-11-08 09:51:09,INACTIVE,2022-07-17,2022-07-17,14627,True,True,True,True,1806.27,6115.0,0.0,1638.26
0004HV,363,2024-05-30 10:56:23,INACTIVE,True,True,0,True,True,True,True,0.0,0.0,0.0,0.0
0004VL,264,2024-11-13 08:25:31,INACTIVE,True,True,0,True,True,True,True,0.0,0.0,0.0,0.0
000343,2828,2018-04-07 21:21:13,INACTIVE,True,True,0,True,True,True,True,0.0,0.0,0.0,0.0
00057E,348,2024-07-20 06:36:44,INACTIVE,True,True,0,True,True,True,True,0.0,0.0,0.0,0.0
0007IZ,1763,2019-05-15 11:47:39,INACTIVE,True,True,0,True,True,True,True,0.0,0.0,0.0,0.0
0002DT,4,2026-01-09 23:44:03,INACTIVE,True,True,0,True,True,True,True,0.0,0.0,0.0,0.0
0000K9,1851,2022-02-24 03:53:40,INACTIVE,True,True,0,True,True,True,True,0.0,0.0,0.0,0.0
0000DY,2281,2019-06-19 19:13:38,INACTIVE,True,True,0,True,True,True,True,0.0,0.0,0.0,0.0
0007OD,715,2024-03-07 00:00:00,ACTIVE,2024-03-07,2024-03-07,52925,50000.0000000000,49500.0000000000,0E-10,0E-10,-34956.45,-56518.03,936.05,-31106.93
000122,666,2024-05-10 12:16:18,INACTIVE,True,True,0,True,True,True,True,0.0,0.0,0.0,0.0
00047W,392,2024-11-04 13:08:36,INACTIVE,True,True,0,True,True,True,True,0.0,0.0,0.0,0.0
0006Y0,1832,2019-10-04 18:42:44,INACTIVE,True,True,0,True,True,True,True,0.0,0.0,0.0,0.0
00040V,972,2023-01-09 06:27:44,INACTIVE,True,True,0,True,True,True,True,0.0,0.0,0.0,0.0
00043D,220,2025-06-16 09:16:55,INACTIVE,True,True,0,True,True,True,True,0.0,0.0,0.0,0.0
0000S5,1097,2022-07-17 12:45:47,INACTIVE,True,True,0,True,True,True,True,0.0,0.0,0.0,0.0
0005T9,1583,2019-03-26 13:29:52,INACTIVE,True,True,0,True,True,True,True,0.0,0.0,0.0,0.0
00060E,2833,2020-07-21 05:10:13,INACTIVE,True,True,0,True,True,True,True,0.0,0.0,0.0,0.0
00068K,2869,2019-09-01 11:34:58,INACTIVE,True,True,0,True,True,True,True,0.0,0.0,0.0,0.0
000668,99,2025-07-24 04:58:00,INACTIVE,True,True,0,True,True,True,True,0.0,0.0,0.0,0.0
0001AE,3278,2019-08-28 14:01:52,INACTIVE,True,True,0,True,True,True,True,0.0,0.0,0.0,0.0
00067S,1132,2021-06-01 09:05:26,INACTIVE,True,True,0,True,True,True,True,0.0,0.0,0.0,0.0
0005YL,73,2025-09-11 12:14:40,ACTIVE,2025-09-15,2025-09-15,0,0E-10,0E-10,0E-10,0E-10,0.0,0.0,0.0,0.0
0005OM,1126,2021-06-18 10:16:45,INACTIVE,True,True,0,True,True,True,True,0.0,0.0,0.0,0.0
0002IU,4130,2018-02-24 03:45:13,INACTIVE,True,True,0,True,True,True,True,0.0,0.0,0.0,0.0
0006T5,1185,2021-07-17 10:49:35,INACTIVE,True,True,0,True,True,True,True,0.0,0.0,0.0,0.0
00067V,1436,2022-12-26 09:38:52,INACTIVE,True,True,0,True,True,True,True,0.0,0.0,0.0,0.0
0004WW,551,2024-09-19 13:32:21,ACTIVE,2024-09-20,2024-09-20,6084,5000.0000000000,5000.0000000000,0E-10,0E-10,-7328.64,-8779.13,143.27,-8720.96
0002AR,2440,2019-06-25 17:54:04,INACTIVE,True,True,0,True,True,True,True,0.0,0.0,0.0,0.0
0004M1,976,2021-10-09 18:14:52,EXITED,2022-09-27,2022-12-14,33266,26500.0000000000,26450.0000000000,0E-10,0E-10,-15580.17,-30304.06,116.98,-14612.72
0006WA,969,2021-07-25 14:22:46,INACTIVE,True,True,0,True,True,True,True,0.0,0.0,0.0,0.0
0007J2,136,2025-09-25 13:59:00,INACTIVE,True,True,0,True,True,True,True,0.0,0.0,0.0,0.0
0003K7,2376,2018-10-08 08:36:38,EXITED,2018-10-09,2018-10-09,253299,True,True,True,True,-28862.95,23925.33,0.0,-45329.17
00013D,1481,2022-02-14 01:04:44,INACTIVE,True,True,0,True,True,True,True,0.0,0.0,0.0,0.0
0007P2,30,2016-02-25 10:37:10,ACTIVE,2016-02-26,2025-11-21,20081904,4300050.0000000000,4299817.1900000000,0E-10,0E-10,-5422736.65,2107718.52,701.57,-3659553.35
0004YA,1229,2023-05-28 13:08:51,INACTIVE,True,True,0,True,True,True,True,0.0,0.0,0.0,0.0
00002Y,2829,2019-07-18 15:23:53,INACTIVE,True,True,0,True,True,True,True,0.0,0.0,0.0,0.0
000745,3180,2017-07-28 15:30:20,EXITED,2017-08-01,2017-08-01,33926,True,True,True,True,-6909.29,-1292.81,0.0,-9352.78
00042V,1025,2023-03-23 10:47:46,INACTIVE,True,True,0,True,True,True,True,0.0,0.0,0.0,0.0
00025O,80,2025-10-12 11:55:11,INACTIVE,True,True,0,True,True,True,True,0.0,0.0,0.0,0.0
0006RK,1777,2020-04-06 08:23:36,INACTIVE,True,True,0,True,True,True,True,0.0,0.0,0.0,0.0
0003DW,668,2022-10-28 06:37:55,INACTIVE,True,True,0,True,True,True,True,0.0,0.0,0.0,0.0
0003HP,2410,2020-06-24 20:19:34,INACTIVE,True,True,0,True,True,True,True,0.0,0.0,0.0,0.0
0003TM,344,2024-04-24 22:24:15,INACTIVE,True,True,0,True,True,True,True,0.0,0.0,0.0,0.0
0007KQ,1099,2020-01-15 12:41:18,INACTIVE,True,True,0,True,True,True,True,0.0,0.0,0.0,0.0
0001QI,695,2022-06-16 19:33:42,INACTIVE,True,True,0,True,True,True,True,0.0,0.0,0.0,0.0
0007AW,1403,2020-07-31 14:37:18,INACTIVE,True,True,0,True,True,True,True,0.0,0.0,0.0,0.0
0002EK,853,2023-11-10 16:02:23,INACTIVE,True,True,0,True,True,True,True,0.0,0.0,0.0,0.0
0003TK,562,2024-09-26 19:57:53,INACTIVE,True,True,0,True,True,True,True,0.0,0.0,0.0,0.0
00072H,216,2025-05-25 07:37:52,INACTIVE,True,True,0,True,True,True,True,0.0,0.0,0.0,0.0
0006GD,1078,2022-10-17 11:51:01,INACTIVE,True,True,0,True,True,True,True,0.0,0.0,0.0,0.0
0006JY,116,2025-09-29 19:18:45,INACTIVE,True,True,0,True,True,True,True,0.0,0.0,0.0,0.0
0004HJ,168,2025-08-15 21:24:07,INACTIVE,True,True,0,True,True,True,True,0.0,0.0,0.0,0.0
0001BX,1447,2023-02-04 10:15:03,INACTIVE,True,True,0,True,True,True,True,0.0,0.0,0.0,0.0
00006N,2895,2020-01-12 10:00:05,INACTIVE,True,True,0,True,True,True,True,0.0,0.0,0.0,0.0
0004AQ,132,2025-10-07 05:04:44,INACTIVE,True,True,0,True,True,True,True,0.0,0.0,0.0,0.0
0001WE,405,2025-03-20 20:55:49,INACTIVE,True,True,0,True,True,True,True,0.0,0.0,0.0,0.0
00072W,83,2025-08-07 00:00:00,ACTIVE,2025-08-07,2025-11-16,23937,32514.5000000000,32405.3400000000,0E-10,0E-10,-19250.38,-9281.43,191.44,-16432.67
0000WG,1301,2022-08-29 07:29:50,ACTIVE,2022-08-31,2022-08-31,0,1000.0000000000,950.0000000000,0E-10,0E-10,0.0,0.0,26.47,25.8
00064Z,2484,2019-10-31 18:53:13,INACTIVE,True,True,0,True,True,True,True,0.0,0.0,0.0,0.0
00045T,337,2025-04-15 12:28:56,INACTIVE,True,True,0,True,True,True,True,0.0,0.0,0.0,0.0
0002AA,240,2025-02-06 10:43:07,INACTIVE,True,True,0,True,True,True,True,0.0,0.0,0.0,0.0
00025H,2154,2019-03-10 13:53:19,INACTIVE,True,True,0,True,True,True,True,0.0,0.0,0.0,0.0
0003IY,3109,2020-01-06 13:46:31,INACTIVE,True,True,0,True,True,True,True,0.0,0.0,0.0,0.0
000021,2367,2019-09-15 17:50:04,INACTIVE,True,True,0,True,True,True,True,0.0,0.0,0.0,0.0
0003WS,528,2023-05-17 10:07:26,EXITED,2023-06-03,2023-06-03,30219,True,True,True,True,-59533.23,-49298.09,0.0,-46128.35
00038Z,2428,2018-06-12 00:00:00,EXITED,2018-06-12,2018-09-13,45457,True,True,True,True,-30048.35,-19095.57,0.0,-39267.18
0000XC,291,2024-11-01 08:33:31,INACTIVE,True,True,0,True,True,True,True,0.0,0.0,0.0,0.0
0000F1,2215,2018-12-16 11:36:01,INACTIVE,True,True,0,True,True,True,True,0.0,0.0,0.0,0.0
0006Q4,268,2025-05-04 11:29:45,INACTIVE,True,True,0,True,True,True,True,0.0,0.0,0.0,0.0
00065I,349,2025-02-02 12:56:28,INACTIVE,True,True,0,True,True,True,True,0.0,0.0,0.0,0.0
0004X9,2725,2018-07-05 09:13:51,INACTIVE,True,True,0,True,True,True,True,0.0,0.0,0.0,0.0
0006TP,980,2020-11-12 14:30:29,INACTIVE,True,True,0,True,True,True,True,0.0,0.0,0.0,0.0
0003SE,1704,2021-02-07 18:40:14,INACTIVE,True,True,0,True,True,True,True,0.0,0.0,0.0,0.0
00074P,1156,2020-01-22 11:41:01,INACTIVE,True,True,0,True,True,True,True,0.0,0.0,0.0,0.0
0001M2,1083,2022-10-06 08:00:55,INACTIVE,True,True,0,True,True,True,True,0.0,0.0,0.0,0.0
000013,1437,2022-08-11 13:36:11,INACTIVE,True,True,0,True,True,True,True,0.0,0.0,0.0,0.0
0005IA,601,2023-05-30 15:00:34,INACTIVE,True,True,0,True,True,True,True,0.0,0.0,0.0,0.0
0002LY,1547,2022-11-08 05:16:47,ACTIVE,2022-11-15,2023-01-19,97843,108000.0000000000,107910.0000000000,0E-10,0E-10,157172.73,100760.56,624.12,205451.23
0000PC,1344,2022-10-14 00:00:00,ACTIVE,2022-10-14,2022-10-14,0,100.0000000000,100.0000000000,0E-10,0E-10,0.0,0.0,1.76,2.52
0004HC,153,2025-06-16 21:13:28,INACTIVE,True,True,0,True,True,True,True,0.0,0.0,0.0,0.0
0006BP,1968,2020-01-06 20:56:47,INACTIVE,True,True,0,True,True,True,True,0.0,0.0,0.0,0.0
0003TD,10,2017-10-26 20:53:52,ACTIVE,2025-12-23,2025-12-30,0,25000.0000000000,18048.3800000000,6500.0000000000,0E-10,0.0,0.0,1338.9,1532.17
0003TJ,1118,2019-05-03 08:23:37,INACTIVE,2019-05-09,2020-03-05,582773,True,True,True,True,149510.96,413692.35,0.0,132247.71
0005W7,2465,2021-04-10 17:27:04,INACTIVE,True,True,0,True,True,True,True,0.0,0.0,0.0,0.0
0003PY,637,2024-07-22 06:47:50,INACTIVE,True,True,0,True,True,True,True,0.0,0.0,0.0,0.0
00047D,3145,2019-04-24 05:27:05,INACTIVE,True,True,0,True,True,True,True,0.0,0.0,0.0,0.0
00051G,1109,2023-05-03 13:39:14,INACTIVE,True,True,0,True,True,True,True,0.0,0.0,0.0,0.0
0006RR,3987,2014-05-06 00:00:00,INACTIVE,2014-05-08,2018-04-13,6826770,True,True,True,True,-4834972.27,-341753.48,0.0,-3117574.96
0003HI,3419,2019-05-03 05:53:49,INACTIVE,True,True,0,True,True,True,True,0.0,0.0,0.0,0.0
000653,464,2023-10-07 09:27:31,INACTIVE,True,True,0,True,True,True,True,0.0,0.0,0.0,0.0
0007LF,1974,2018-03-15 12:30:11,INACTIVE,True,True,0,True,True,True,True,0.0,0.0,0.0,0.0
0006A4,1905,2018-11-13 00:00:00,INACTIVE,2018-11-13,2020-03-20,252085,True,True,True,True,13972.06,123738.41,0.0,17664.03
0002RB,850,2023-04-10 02:06:09,INACTIVE,True,True,0,True,True,True,True,0.0,0.0,0.0,0.0
00038X,2436,2019-07-16 12:24:26,INACTIVE,True,True,0,True,True,True,True,0.0,0.0,0.0,0.0
0003GP,1164,2021-11-18 08:08:35,INACTIVE,True,True,0,True,True,True,True,0.0,0.0,0.0,0.0
000096,1698,2022-06-16 18:42:28,INACTIVE,True,True,0,True,True,True,True,0.0,0.0,0.0,0.0
0000UG,659,2022-03-12 15:39:32,ACTIVE,2022-03-15,2022-06-27,668413,26000.0000000000,25700.0000000000,0E-10,0E-10,-60286.31,127191.89,85.33,-64140.12
000586,85,2025-11-10 14:32:32,INACTIVE,True,True,0,True,True,True,True,0.0,0.0,0.0,0.0
0003PT,1479,2021-07-04 17:39:40,INACTIVE,True,True,0,True,True,True,True,0.0,0.0,0.0,0.0
00032F,1113,2020-01-03 04:34:16,INACTIVE,True,True,0,True,True,True,True,0.0,0.0,0.0,0.0
0006EG,3944,2018-01-09 14:46:52,INACTIVE,True,True,0,True,True,True,True,0.0,0.0,0.0,0.0
00002O,2057,2020-02-03 20:21:14,INACTIVE,True,True,0,True,True,True,True,0.0,0.0,0.0,0.0
0001GU,3255,2018-10-06 11:40:20,INACTIVE,True,True,0,True,True,True,True,0.0,0.0,0.0,0.0
00050I,201,2025-08-22 10:01:18,INACTIVE,True,True,0,True,True,True,True,0.0,0.0,0.0,0.0
00067D,715,2022-05-17 08:11:13,INACTIVE,True,True,0,True,True,True,True,0.0,0.0,0.0,0.0
0002XG,1303,2021-05-12 15:05:28,INACTIVE,True,True,0,True,True,True,True,0.0,0.0,0.0,0.0
0002GY,618,2023-04-22 11:43:56,INACTIVE,True,True,0,True,True,True,True,0.0,0.0,0.0,0.0
0007G3,1154,2020-10-04 20:11:52,INACTIVE,True,True,0,True,True,True,True,0.0,0.0,0.0,0.0
0006LX,1093,2023-12-21 20:35:58,INACTIVE,True,True,0,True,True,True,True,0.0,0.0,0.0,0.0
0003NN,63,2025-11-28 11:18:46,INACTIVE,True,True,0,True,True,True,True,0.0,0.0,0.0,0.0
0004PB,1877,2020-02-05 14:12:22,INACTIVE,True,True,0,True,True,True,True,0.0,0.0,0.0,0.0
0003GI,95,2025-10-27 12:21:56,INACTIVE,True,True,0,True,True,True,True,0.0,0.0,0.0,0.0
0000TP,3087,2020-02-01 15:01:14,INACTIVE,True,True,0,True,True,True,True,0.0,0.0,0.0,0.0
0000H8,855,2022-10-17 16:00:40,INACTIVE,True,True,0,True,True,True,True,0.0,0.0,0.0,0.0
0007B9,1244,2019-06-01 09:15:43,INACTIVE,True,True,0,True,True,True,True,0.0,0.0,0.0,0.0
0006UQ,2926,2019-12-28 08:25:39,INACTIVE,True,True,0,True,True,True,True,0.0,0.0,0.0,0.0
0005F0,1289,2023-02-26 16:53:43,INACTIVE,True,True,0,True,True,True,True,0.0,0.0,0.0,0.0
0000MW,594,2023-07-31 05:18:49,INACTIVE,True,True,0,True,True,True,True,0.0,0.0,0.0,0.0
0003CZ,1105,2022-12-25 13:17:28,INACTIVE,True,True,0,True,True,True,True,0.0,0.0,0.0,0.0
0002ZK,144,2025-06-11 23:54:16,INACTIVE,True,True,0,True,True,True,True,0.0,0.0,0.0,0.0
0003ER,894,2023-10-27 15:20:23,INACTIVE,True,True,0,True,True,True,True,0.0,0.0,0.0,0.0
00064L,2340,2020-06-16 09:32:00,INACTIVE,True,True,0,True,True,True,True,0.0,0.0,0.0,0.0
0004S9,150,2025-07-06 07:14:02,INACTIVE,True,True,0,True,True,True,True,0.0,0.0,0.0,0.0
0005FV,114,2025-10-18 12:13:50,INACTIVE,True,True,0,True,True,True,True,0.0,0.0,0.0,0.0
0007OP,2591,2018-09-27 09:33:47,EXITED,2018-10-03,2018-10-03,27578,True,True,True,True,-19603.88,-4883.24,0.0,-17268.58
0003MT,1602,2022-05-28 13:28:41,INACTIVE,True,True,0,True,True,True,True,0.0,0.0,0.0,0.0
00003L,335,2025-03-27 23:16:45,INACTIVE,True,True,0,True,True,True,True,0.0,0.0,0.0,0.0
0005F6,243,2025-05-04 00:11:20,INACTIVE,True,True,0,True,True,True,True,0.0,0.0,0.0,0.0
00069K,1069,2022-05-07 13:32:27,INACTIVE,True,True,0,True,True,True,True,0.0,0.0,0.0,0.0
0000IG,199,2025-04-08 17:17:06,INACTIVE,True,True,0,True,True,True,True,0.0,0.0,0.0,0.0
0006BG,542,2024-11-06 22:17:51,INACTIVE,True,True,0,True,True,True,True,0.0,0.0,0.0,0.0
0007L2,1488,2022-06-22 13:23:05,INACTIVE,True,True,0,True,True,True,True,0.0,0.0,0.0,0.0
00065N,879,2022-12-16 10:42:41,INACTIVE,True,True,0,True,True,True,True,0.0,0.0,0.0,0.0
00077Q,82,2025-11-20 20:25:48,INACTIVE,True,True,0,True,True,True,True,0.0,0.0,0.0,0.0
0004O8,3356,2019-01-11 12:44:32,INACTIVE,True,True,0,True,True,True,True,0.0,0.0,0.0,0.0
000729,1249,2020-08-02 02:42:52,INACTIVE,True,True,0,True,True,True,True,0.0,0.0,0.0,0.0
000427,25,2025-12-08 19:56:38,INACTIVE,True,True,0,True,True,True,True,0.0,0.0,0.0,0.0
00005O,1018,2023-05-16 07:02:05,INACTIVE,True,True,0,True,True,True,True,0.0,0.0,0.0,0.0
0000BW,316,2024-08-08 00:00:00,ACTIVE,2024-08-08,2024-08-08,11066,10000.0000000000,10000.0000000000,0E-10,0E-10,-13920.44,-11484.4,213.23,-12575.68
0004BE,4121,2018-05-03 20:45:41,INACTIVE,True,True,0,True,True,True,True,0.0,0.0,0.0,0.0
0004AR,2903,2019-01-21 12:42:08,INACTIVE,True,True,0,True,True,True,True,0.0,0.0,0.0,0.0
0002S7,1153,2020-06-19 09:28:07,INACTIVE,True,True,0,True,True,True,True,0.0,0.0,0.0,0.0
00021T,45,2025-11-28 17:22:06,INACTIVE,True,True,0,True,True,True,True,0.0,0.0,0.0,0.0
0002IR,772,2023-02-11 00:37:42,INACTIVE,True,True,0,True,True,True,True,0.0,0.0,0.0,0.0
0005YE,134,2025-09-02 20:29:55,INACTIVE,True,True,0,True,True,True,True,0.0,0.0,0.0,0.0
000517,384,2024-08-19 18:39:46,INACTIVE,True,True,0,True,True,True,True,0.0,0.0,0.0,0.0
00063R,59,2025-12-01 20:44:55,ACTIVE,2025-12-02,2025-12-02,0,1000.0000000000,0E-10,1000.0000000000,0E-10,0.0,0.0,113.93,73.41
0002X3,895,2024-01-13 16:35:40,INACTIVE,True,True,0,True,True,True,True,0.0,0.0,0.0,0.0
00038H,328,2025-05-27 06:23:10,INACTIVE,True,True,0,True,True,True,True,0.0,0.0,0.0,0.0
0006RY,672,2023-05-28 14:03:51,INACTIVE,True,True,0,True,True,True,True,0.0,0.0,0.0,0.0
00016Z,1967,2019-12-16 11:54:03,INACTIVE,True,True,0,True,True,True,True,0.0,0.0,0.0,0.0
00064V,882,2019-02-21 16:08:54,ACTIVE,2021-06-15,2024-03-10,16079,5100.0000000000,5100.0000000000,0E-10,0E-10,-6944.02,-5580.34,1.78,-10132.11
0003RE,2461,2018-05-01 00:01:49,INACTIVE,True,True,0,True,True,True,True,0.0,0.0,0.0,0.0
00006H,709,2022-04-17 07:57:31,ACTIVE,2023-06-07,2023-11-01,67917,53000.0000000000,0E-10,0E-10,0E-10,87513.78,134067.18,337.5,76018.85
0004BT,1323,2023-08-09 08:43:55,INACTIVE,True,True,0,True,True,True,True,0.0,0.0,0.0,0.0
0001TE,211,2025-06-29 00:00:00,ACTIVE,2025-06-29,2025-08-02,7751,24000.0000000000,23832.0400000000,0E-10,0E-10,-8363.69,1400.09,411.9,-5010.2
0007O7,2313,2021-05-21 22:12:58,INACTIVE,True,True,0,True,True,True,True,0.0,0.0,0.0,0.0
0006M5,1086,2022-10-06 07:50:37,INACTIVE,True,True,0,True,True,True,True,0.0,0.0,0.0,0.0
00070M,476,2024-11-02 00:00:00,ACTIVE,2024-11-02,2024-11-03,0,1500.0000000000,0E-10,1500.0000000000,0E-10,0.0,0.0,242.41,192.94
0003DJ,658,2024-02-23 23:52:28,INACTIVE,True,True,0,True,True,True,True,0.0,0.0,0.0,0.0
00025D,861,2023-07-24 15:47:13,INACTIVE,True,True,0,True,True,True,True,0.0,0.0,0.0,0.0
0005V5,957,2021-11-12 14:00:47,INACTIVE,True,True,0,True,True,True,True,0.0,0.0,0.0,0.0
0002I7,3035,2019-11-07 07:22:19,INACTIVE,True,True,0,True,True,True,True,0.0,0.0,0.0,0.0
0005CS,4048,2013-08-05 00:00:00,INACTIVE,2013-08-06,2013-08-06,198662,True,True,True,True,188576.39,129043.41,0.0,105560.93
0005DJ,2657,2019-04-26 18:15:54,INACTIVE,True,True,0,True,True,True,True,0.0,0.0,0.0,0.0
0006MD,3443,2019-02-04 11:01:45,INACTIVE,True,True,0,True,True,True,True,0.0,0.0,0.0,0.0
0001RY,1210,2023-06-08 15:00:25,INACTIVE,2023-06-10,2023-06-10,213506,True,True,True,True,-346543.2,-78848.71,0.0,-432570.01
00035F,945,2022-05-03 09:06:59,INACTIVE,True,True,0,True,True,True,True,0.0,0.0,0.0,0.0
00054B,917,2023-10-18 01:19:32,INACTIVE,True,True,0,True,True,True,True,0.0,0.0,0.0,0.0
0002SC,1259,2022-07-31 00:21:11,INACTIVE,True,True,0,True,True,True,True,0.0,0.0,0.0,0.0
0005YG,554,2024-01-17 00:01:07,INACTIVE,True,True,0,True,True,True,True,0.0,0.0,0.0,0.0
0002RL,1299,2019-06-20 07:53:51,INACTIVE,True,True,0,True,True,True,True,0.0,0.0,0.0,0.0
0000HA,863,2023-12-13 10:52:04,INACTIVE,True,True,0,True,True,True,True,0.0,0.0,0.0,0.0
00065X,65,2025-11-25 03:02:19,INACTIVE,True,True,0,True,True,True,True,0.0,0.0,0.0,0.0
0004H8,698,2024-09-18 15:53:46,INACTIVE,True,True,0,True,True,True,True,0.0,0.0,0.0,0.0
00064D,897,2023-03-03 12:46:01,INACTIVE,True,True,0,True,True,True,True,0.0,0.0,0.0,0.0
00019J,1036,2022-11-20 18:40:37,INACTIVE,True,True,0,True,True,True,True,0.0,0.0,0.0,0.0
0006MW,166,2025-05-09 21:26:38,INACTIVE,True,True,0,True,True,True,True,0.0,0.0,0.0,0.0
0007IX,866,2022-03-31 18:35:07,ACTIVE,2023-07-14,2024-06-11,622846,150719.2100000000,150414.4300000000,0E-10,0E-10,-896660.45,105235.48,226.77,-376829.14
00011Y,312,2025-05-29 18:18:11,INACTIVE,True,True,0,True,True,True,True,0.0,0.0,0.0,0.0
0000BS,3220,2019-12-29 14:44:36,INACTIVE,True,True,0,True,True,True,True,0.0,0.0,0.0,0.0
0001Q9,61,2025-11-15 09:56:53,INACTIVE,True,True,0,True,True,True,True,0.0,0.0,0.0,0.0
0002D4,1698,2019-06-29 15:49:56,INACTIVE,True,True,0,True,True,True,True,0.0,0.0,0.0,0.0
0004N6,875,2023-10-23 00:00:02,INACTIVE,True,True,0,True,True,True,True,0.0,0.0,0.0,0.0
0000PM,732,2019-08-22 14:47:42,ACTIVE,2023-05-03,2023-09-29,224557,361800.0000000000,361061.5800000000,0E-10,0E-10,-57072.31,-3396.2,1583.96,-53098.66
000522,1081,2022-07-20 20:27:34,INACTIVE,True,True,0,True,True,True,True,0.0,0.0,0.0,0.0
0003ZK,97,2025-03-26 13:06:36,ACTIVE,2025-04-09,2025-08-01,29552,76380.6200000000,76252.8800000000,0E-10,0E-10,-5993.44,5931.89,360.77,-5179.09
00050C,267,2024-10-07 08:41:32,INACTIVE,True,True,0,True,True,True,True,0.0,0.0,0.0,0.0
0004KO,1336,2021-11-17 07:46:55,INACTIVE,True,True,0,True,True,True,True,0.0,0.0,0.0,0.0
00050W,2172,2021-11-14 05:26:59,INACTIVE,True,True,0,True,True,True,True,0.0,0.0,0.0,0.0
000157,3341,2018-07-24 19:21:30,INACTIVE,True,True,0,True,True,True,True,0.0,0.0,0.0,0.0
0000EE,1994,2021-09-16 19:54:19,INACTIVE,True,True,0,True,True,True,True,0.0,0.0,0.0,0.0
000363,364,2024-09-06 22:16:06,INACTIVE,True,True,0,True,True,True,True,0.0,0.0,0.0,0.0
0006DN,1796,2022-01-21 21:26:26,INACTIVE,True,True,0,True,True,True,True,0.0,0.0,0.0,0.0
0000TJ,547,2024-05-21 11:18:45,INACTIVE,True,True,0,True,True,True,True,0.0,0.0,0.0,0.0
0006WP,920,2021-07-15 09:07:58,INACTIVE,True,True,0,True,True,True,True,0.0,0.0,0.0,0.0
0001T4,620,2024-02-22 11:53:20,INACTIVE,True,True,0,True,True,True,True,0.0,0.0,0.0,0.0
0003YW,90,2025-08-26 12:26:24,INACTIVE,True,True,0,True,True,True,True,0.0,0.0,0.0,0.0
00001T,2220,2021-07-20 14:08:33,INACTIVE,True,True,0,True,True,True,True,0.0,0.0,0.0,0.0
0007AA,764,2023-02-02 07:37:35,ACTIVE,2023-02-13,2024-06-24,11629310,5262307.3000000000,3638564.5300000000,0E-10,0E-10,777379.46,3959422.31,5844.32,1302015.07
0001UK,209,2025-04-24 00:30:49,INACTIVE,True,True,0,True,True,True,True,0.0,0.0,0.0,0.0
0007DA,535,2024-09-21 21:59:06,INACTIVE,True,True,0,True,True,True,True,0.0,0.0,0.0,0.0
0003QA,2216,2019-01-07 23:47:05,INACTIVE,True,True,0,True,True,True,True,0.0,0.0,0.0,0.0
0000U8,1045,2021-08-31 13:29:57,INACTIVE,True,True,0,True,True,True,True,0.0,0.0,0.0,0.0
0001VC,3419,2017-11-23 10:53:25,INACTIVE,True,True,0,True,True,True,True,0.0,0.0,0.0,0.0
0002TQ,1870,2021-12-23 11:26:02,INACTIVE,True,True,0,True,True,True,True,0.0,0.0,0.0,0.0
0005D9,1706,2022-05-18 16:29:55,INACTIVE,True,True,0,True,True,True,True,0.0,0.0,0.0,0.0
0006SU,1821,2018-05-12 06:32:49,INACTIVE,True,True,0,True,True,True,True,0.0,0.0,0.0,0.0
000203,2526,2019-03-18 16:57:11,INACTIVE,True,True,0,True,True,True,True,0.0,0.0,0.0,0.0
0007E7,214,2024-12-02 13:06:42,INACTIVE,True,True,0,True,True,True,True,0.0,0.0,0.0,0.0
0003O9,727,2018-04-29 21:59:24,INACTIVE,2018-09-01,2022-09-01,136325,True,True,True,True,113873.65,372816.5,0.0,173914.22
00059Z,95,2025-08-05 11:03:17,INACTIVE,True,True,0,True,True,True,True,0.0,0.0,0.0,0.0
0006SK,293,2024-08-08 11:27:36,INACTIVE,True,True,0,True,True,True,True,0.0,0.0,0.0,0.0
00000I,845,2023-04-07 11:59:51,INACTIVE,True,True,0,True,True,True,True,0.0,0.0,0.0,0.0
0005E6,4,2023-10-06 04:34:43,ACTIVE,2023-11-08,2026-01-10,0,30608.0000000000,29747.5000000000,850.0000000000,9750.0000000000,0.0,0.0,35.24,35.72
0002SO,42,2025-12-11 16:58:29,INACTIVE,True,True,0,True,True,True,True,0.0,0.0,0.0,0.0
0003OI,2335,2018-05-03 14:53:53,INACTIVE,True,True,0,True,True,True,True,0.0,0.0,0.0,0.0
0003VG,29,2025-10-10 16:58:44,ACTIVE,2025-11-28,2025-11-30,0,148000.0000000000,146949.1300000000,1000.0000000000,0E-10,0.0,0.0,3209.36,2195.57
000212,1772,2022-09-08 13:41:17,INACTIVE,True,True,0,True,True,True,True,0.0,0.0,0.0,0.0
0004E8,1226,2023-08-08 16:41:55,INACTIVE,True,True,0,True,True,True,True,0.0,0.0,0.0,0.0
0004R7,32,2018-11-27 13:12:12,ACTIVE,2018-12-31,2025-11-24,25053452,14592904.5900000000,7764090.5200000000,0E-10,0E-10,34097.9,3545098.5,5378.41,29182.31
0005V7,72,2025-10-23 18:12:38,INACTIVE,True,True,0,True,True,True,True,0.0,0.0,0.0,0.0
0000MR,38,2025-11-19 15:09:36,INACTIVE,True,True,0,True,True,True,True,0.0,0.0,0.0,0.0
00013L,3296,2019-11-09 22:16:32,INACTIVE,True,True,0,True,True,True,True,0.0,0.0,0.0,0.0
0000MP,2161,2019-02-16 14:44:02,INACTIVE,True,True,0,True,True,True,True,0.0,0.0,0.0,0.0
0005DO,213,2025-01-24 00:00:00,ACTIVE,2025-01-24,2025-01-24,0,50.0000000000,0E-10,0E-10,0E-10,0.0,0.0,1.02,1.26
00049W,2073,2021-05-31 17:18:47,INACTIVE,True,True,0,True,True,True,True,0.0,0.0,0.0,0.0
000743,1297,2023-02-02 00:00:00,ACTIVE,2023-02-02,2023-02-10,0,1100.0000000000,1000.0000000000,100.0000000000,100.0000000000,0.0,0.0,42.05,19.98
0000UN,2020,2018-07-30 21:51:00,INACTIVE,True,True,0,True,True,True,True,0.0,0.0,0.0,0.0
00057O,1944,2019-07-25 14:42:23,INACTIVE,True,True,0,True,True,True,True,0.0,0.0,0.0,0.0
00046M,2939,2017-03-31 15:50:35,INACTIVE,True,True,0,True,True,True,True,0.0,0.0,0.0,0.0
00068A,793,2023-03-19 13:53:43,INACTIVE,True,True,0,True,True,True,True,0.0,0.0,0.0,0.0
0006KJ,819,2023-03-14 20:12:34,INACTIVE,True,True,0,True,True,True,True,0.0,0.0,0.0,0.0
000764,1781,2022-04-18 11:27:48,INACTIVE,True,True,0,True,True,True,True,0.0,0.0,0.0,0.0
0002W7,1202,2023-05-30 09:10:27,EXITED,2023-05-31,2023-05-31,24879,True,True,True,True,-13816.16,-13510.27,0.0,-19670.63
0005UC,2848,2019-07-03 14:29:36,INACTIVE,True,True,0,True,True,True,True,0.0,0.0,0.0,0.0
0003NG,1061,2023-08-05 11:32:40,INACTIVE,True,True,0,True,True,True,True,0.0,0.0,0.0,0.0
0005O6,501,2024-09-12 08:25:13,INACTIVE,True,True,0,True,True,True,True,0.0,0.0,0.0,0.0
00007V,2221,2018-11-22 12:27:15,INACTIVE,2018-11-23,2018-11-23,1031984,True,True,True,True,5406.69,728151.45,0.0,5406.01
00012E,2984,2019-05-07 21:27:24,INACTIVE,True,True,0,True,True,True,True,0.0,0.0,0.0,0.0
0006YB,1162,2020-11-16 12:10:23,INACTIVE,True,True,0,True,True,True,True,0.0,0.0,0.0,0.0
00057Z,1785,2018-06-01 15:07:13,INACTIVE,True,True,0,True,True,True,True,0.0,0.0,0.0,0.0
00032A,253,2024-12-07 08:16:10,INACTIVE,True,True,0,True,True,True,True,0.0,0.0,0.0,0.0
0006Q8,1076,2023-08-26 10:29:13,INACTIVE,True,True,0,True,True,True,True,0.0,0.0,0.0,0.0
0002R2,619,2024-06-27 17:57:59,INACTIVE,True,True,0,True,True,True,True,0.0,0.0,0.0,0.0
0003QH,140,2025-08-21 14:43:03,INACTIVE,True,True,0,True,True,True,True,0.0,0.0,0.0,0.0
00016H,1751,2021-02-16 09:15:27,INACTIVE,True,True,0,True,True,True,True,0.0,0.0,0.0,0.0
0006IS,1917,2022-02-01 19:35:47,INACTIVE,True,True,0,True,True,True,True,0.0,0.0,0.0,0.0
0004PA,1458,2019-08-15 00:00:00,INACTIVE,2019-08-15,2019-08-15,967819,True,True,True,True,1338415.46,1350579.8,0.0,1501200.87
0002K5,561,2023-10-23 11:11:14,ACTIVE,2024-02-27,2024-04-20,9163,18450.0000000000,16693.7500000000,1500.0000000000,0E-10,-4155.14,-6404.62,438.15,-6094.99
00008O,181,2025-08-24 15:03:18,INACTIVE,True,True,0,True,True,True,True,0.0,0.0,0.0,0.0
0001B2,3,2026-01-12 09:07:24,INACTIVE,True,True,0,True,True,True,True,0.0,0.0,0.0,0.0
0005U4,2287,2019-05-06 09:55:55,INACTIVE,True,True,0,True,True,True,True,0.0,0.0,0.0,0.0
0001LC,1597,2020-01-02 21:35:55,INACTIVE,True,True,0,True,True,True,True,0.0,0.0,0.0,0.0
0000DN,6049,2014-08-01 00:00:00,INACTIVE,2014-08-04,2014-08-04,1124589,True,True,True,True,0.0,0.0,0.0,0.0
0004R3,136,2025-08-18 20:20:47,INACTIVE,True,True,0,True,True,True,True,0.0,0.0,0.0,0.0
000437,117,2025-10-22 14:12:20,INACTIVE,True,True,0,True,True,True,True,0.0,0.0,0.0,0.0
0002XV,2885,2019-11-10 08:46:37,INACTIVE,True,True,0,True,True,True,True,0.0,0.0,0.0,0.0
0002TE,48,2025-12-11 12:50:08,INACTIVE,True,True,0,True,True,True,True,0.0,0.0,0.0,0.0
00027I,681,2022-06-08 12:07:32,INACTIVE,True,True,0,True,True,True,True,0.0,0.0,0.0,0.0
0006PX,2091,2020-03-08 21:59:13,INACTIVE,True,True,0,True,True,True,True,0.0,0.0,0.0,0.0
00037L,781,2023-03-24 17:45:04,INACTIVE,True,True,0,True,True,True,True,0.0,0.0,0.0,0.0
0006MG,3132,2014-12-17 00:00:00,INACTIVE,2014-12-18,2014-12-18,89669,True,True,True,True,0.0,0.0,0.0,0.0
0005RV,344,2024-10-23 17:59:22,ACTIVE,2024-10-24,2024-10-25,0,500.0000000000,500.0000000000,0E-10,0E-10,0.0,0.0,8.56,13.69
0002T6,986,2023-01-02 07:54:31,INACTIVE,True,True,0,True,True,True,True,0.0,0.0,0.0,0.0
0001QD,258,2023-02-11 00:00:00,ACTIVE,2023-02-11,2025-04-07,4763,5460.0000000000,5355.9000000000,100.0000000000,0E-10,-9644.94,-9207.25,4.13,-13976.28
0002GO,1590,2022-03-15 07:35:49,INACTIVE,True,True,0,True,True,True,True,0.0,0.0,0.0,0.0
00003D,231,2025-04-02 22:55:42,INACTIVE,True,True,0,True,True,True,True,0.0,0.0,0.0,0.0
0005ZV,1481,2020-10-16 21:30:09,INACTIVE,True,True,0,True,True,True,True,0.0,0.0,0.0,0.0
00034Y,731,2023-08-30 15:35:13,ACTIVE,2023-08-31,2023-09-19,42382,6600.0000000000,6550.0000000000,0E-10,0E-10,-38300.48,-62522.0,73.41,-58713.65
00027R,3043,2019-01-07 11:34:50,INACTIVE,True,True,0,True,True,True,True,0.0,0.0,0.0,0.0
00024Z,89,2025-07-21 02:28:48,INACTIVE,True,True,0,True,True,True,True,0.0,0.0,0.0,0.0
00063Z,2656,2020-03-17 13:19:10,INACTIVE,True,True,0,True,True,True,True,0.0,0.0,0.0,0.0
000640,706,2023-08-24 17:39:26,ACTIVE,2023-08-25,2023-09-26,6663,9900.0000000000,9900.0000000000,0E-10,0E-10,-965.43,-304.45,262.7,-868.47
0007C7,2635,2019-05-04 06:49:59,INACTIVE,True,True,0,True,True,True,True,0.0,0.0,0.0,0.0
0000NB,1414,2022-12-21 12:14:43,INACTIVE,True,True,0,True,True,True,True,0.0,0.0,0.0,0.0
0000NL,2753,2018-07-30 16:43:39,INACTIVE,2018-08-02,2018-08-02,152646,True,True,True,True,21153.55,67331.81,0.0,41010.23
0003CK,1144,2023-04-24 00:00:00,ACTIVE,2023-04-24,2023-04-24,0,200.0000000000,200.0000000000,0E-10,0E-10,0.0,0.0,4.09,6.4
0004QZ,87,2025-11-15 16:03:14,INACTIVE,True,True,0,True,True,True,True,0.0,0.0,0.0,0.0
0005PY,85,2025-08-07 13:53:07,INACTIVE,True,True,0,True,True,True,True,0.0,0.0,0.0,0.0
0003I0,844,2023-04-28 09:02:47,INACTIVE,True,True,0,True,True,True,True,0.0,0.0,0.0,0.0
0005J9,1194,2023-05-15 14:38:45,ACTIVE,2023-05-17,2023-10-01,873422,122600.0000000000,0E-10,0E-10,0E-10,-496330.38,1457158.36,446.45,-291899.59
0004EW,2910,2020-01-31 08:51:39,INACTIVE,True,True,0,True,True,True,True,0.0,0.0,0.0,0.0
0003NH,3958,2016-05-03 09:08:58,INACTIVE,True,True,0,True,True,True,True,0.0,0.0,0.0,0.0
0001BS,1136,2021-10-11 22:15:46,INACTIVE,True,True,0,True,True,True,True,0.0,0.0,0.0,0.0
0002U7,1636,2020-08-24 13:19:18,INACTIVE,True,True,0,True,True,True,True,0.0,0.0,0.0,0.0
0005TY,3112,2019-10-07 06:39:11,INACTIVE,True,True,0,True,True,True,True,0.0,0.0,0.0,0.0
0006WU,3272,2018-07-25 16:04:29,INACTIVE,True,True,0,True,True,True,True,0.0,0.0,0.0,0.0
00021B,362,2024-10-11 14:54:59,INACTIVE,True,True,0,True,True,True,True,0.0,0.0,0.0,0.0
0007EL,522,2023-10-12 08:14:20,INACTIVE,True,True,0,True,True,True,True,0.0,0.0,0.0,0.0
0004RY,2500,2020-09-11 10:02:32,INACTIVE,True,True,0,True,True,True,True,0.0,0.0,0.0,0.0
00060F,169,2025-08-11 11:25:33,INACTIVE,True,True,0,True,True,True,True,0.0,0.0,0.0,0.0
00054Z,1545,2023-02-24 06:27:34,INACTIVE,True,True,0,True,True,True,True,0.0,0.0,0.0,0.0
0005G1,1293,2022-02-19 00:00:00,ACTIVE,2022-02-19,2022-02-19,0,800.0000000000,0E-10,0E-10,0E-10,0.0,0.0,25.62,25.32
00004W,1145,2022-05-07 07:10:05,INACTIVE,True,True,0,True,True,True,True,0.0,0.0,0.0,0.0
0006NP,1472,2020-12-11 12:23:12,INACTIVE,True,True,0,True,True,True,True,0.0,0.0,0.0,0.0
0003D0,2009,2020-06-09 12:26:06,INACTIVE,True,True,0,True,True,True,True,0.0,0.0,0.0,0.0
00062O,486,2024-06-03 06:21:45,INACTIVE,True,True,0,True,True,True,True,0.0,0.0,0.0,0.0
0003VZ,330,2024-06-19 10:08:20,INACTIVE,True,True,0,True,True,True,True,0.0,0.0,0.0,0.0
0006TT,964,2022-10-16 17:02:07,INACTIVE,True,True,0,True,True,True,True,0.0,0.0,0.0,0.0
0000GB,1787,2019-03-27 20:23:35,INACTIVE,True,True,0,True,True,True,True,0.0,0.0,0.0,0.0
0002FA,1150,2023-08-25 15:36:52,INACTIVE,True,True,0,True,True,True,True,0.0,0.0,0.0,0.0
0006CK,193,2019-04-12 06:29:42,ACTIVE,2021-08-19,2025-04-28,747822,1356019.8600000000,1085309.3600000000,0E-10,0E-10,8694.43,430880.84,946.73,7382.22
0004N4,2267,2019-07-27 11:58:32,INACTIVE,True,True,0,True,True,True,True,0.0,0.0,0.0,0.0
0000DR,606,2024-08-16 21:33:13,INACTIVE,True,True,0,True,True,True,True,0.0,0.0,0.0,0.0
0004FH,1303,2020-07-18 14:28:23,INACTIVE,True,True,0,True,True,True,True,0.0,0.0,0.0,0.0
0001YL,87,2025-10-23 07:08:44,INACTIVE,True,True,0,True,True,True,True,0.0,0.0,0.0,0.0
0003M1,1772,2022-06-10 19:42:20,INACTIVE,True,True,0,True,True,True,True,0.0,0.0,0.0,0.0
00072N,1126,2023-03-13 07:33:33,INACTIVE,True,True,0,True,True,True,True,0.0,0.0,0.0,0.0
00027D,1829,2020-12-10 11:10:25,INACTIVE,True,True,0,True,True,True,True,0.0,0.0,0.0,0.0
0007CV,2967,2019-12-22 15:22:03,INACTIVE,True,True,0,True,True,True,True,0.0,0.0,0.0,0.0
0005RS,4932,2016-09-14 11:15:44,INACTIVE,2016-09-16,2016-09-16,297479,True,True,True,True,-21154.03,15870.32,0.0,-32406.38
0004NT,3746,2018-04-11 00:00:00,EXITED,2018-04-11,2018-04-11,9958,True,True,True,True,-12373.64,-9215.01,0.0,-15316.56
0000NM,2483,2018-07-23 19:25:53,INACTIVE,True,True,0,True,True,True,True,0.0,0.0,0.0,0.0
00044W,763,2024-02-29 01:13:31,INACTIVE,True,True,0,True,True,True,True,0.0,0.0,0.0,0.0
0002GW,1102,2023-02-07 05:18:03,INACTIVE,True,True,0,True,True,True,True,0.0,0.0,0.0,0.0
0000L5,20,2024-11-16 09:53:28,ACTIVE,2024-11-29,2025-12-21,206687,600943.3100000000,600276.2900000000,0E-10,0E-10,-79944.6,45636.04,1482.71,-76349.55
0000GA,1344,2022-02-08 16:57:19,INACTIVE,True,True,0,True,True,True,True,0.0,0.0,0.0,0.0
0004OV,2911,2020-01-17 17:19:22,INACTIVE,True,True,0,True,True,True,True,0.0,0.0,0.0,0.0
0006UA,834,2023-03-10 08:44:27,INACTIVE,True,True,0,True,True,True,True,0.0,0.0,0.0,0.0
0002QT,1712,2022-05-13 06:18:38,ACTIVE,2022-05-19,2022-09-01,373206,70100.0000000000,70000.0000000000,0E-10,0E-10,240356.55,231147.29,246.89,201198.03
0001LO,1915,2022-07-11 23:15:47,INACTIVE,True,True,0,True,True,True,True,0.0,0.0,0.0,0.0
0006NG,222,2025-04-15 19:12:35,INACTIVE,True,True,0,True,True,True,True,0.0,0.0,0.0,0.0
0002TH,1,2023-07-19 00:00:00,ACTIVE,2023-07-19,2026-01-14,4804031,2120240.0000000000,2024320.6200000000,450.0000000000,0E-10,-2027705.89,-3022371.89,1208.82,-2426239.28
000402,1932,2022-05-30 22:00:56,INACTIVE,True,True,0,True,True,True,True,0.0,0.0,0.0,0.0
000397,7,2026-01-04 12:20:31,INACTIVE,True,True,0,True,True,True,True,0.0,0.0,0.0,0.0
0006QX,1807,2022-02-24 06:26:39,INACTIVE,True,True,0,True,True,True,True,0.0,0.0,0.0,0.0
0002BK,451,2023-10-01 02:53:33,INACTIVE,True,True,0,True,True,True,True,0.0,0.0,0.0,0.0
000782,737,2023-04-19 20:01:51,INACTIVE,True,True,0,True,True,True,True,0.0,0.0,0.0,0.0
0006FW,1721,2019-11-04 09:06:43,INACTIVE,True,True,0,True,True,True,True,0.0,0.0,0.0,0.0
000440,911,2022-11-29 13:08:38,INACTIVE,True,True,0,True,True,True,True,0.0,0.0,0.0,0.0
0004IM,461,2025-02-24 15:31:55,INACTIVE,True,True,0,True,True,True,True,0.0,0.0,0.0,0.0
00003Y,1680,2019-03-25 03:14:59,INACTIVE,True,True,0,True,True,True,True,0.0,0.0,0.0,0.0
0006Q9,187,2025-04-13 09:44:07,INACTIVE,True,True,0,True,True,True,True,0.0,0.0,0.0,0.0
0001GQ,2927,2019-04-26 04:31:29,INACTIVE,True,True,0,True,True,True,True,0.0,0.0,0.0,0.0
0003AA,415,2025-04-04 15:19:20,INACTIVE,True,True,0,True,True,True,True,0.0,0.0,0.0,0.0
0006IP,2635,2017-12-05 19:23:40,INACTIVE,True,True,0,True,True,True,True,0.0,0.0,0.0,0.0
0000W9,2500,2020-08-30 18:28:03,INACTIVE,True,True,0,True,True,True,True,0.0,0.0,0.0,0.0
0001MV,1202,2019-11-05 15:43:26,INACTIVE,True,True,0,True,True,True,True,0.0,0.0,0.0,0.0
0002ZP,1136,2023-09-10 17:09:20,INACTIVE,True,True,0,True,True,True,True,0.0,0.0,0.0,0.0
0007DS,126,2025-10-04 03:37:04,INACTIVE,True,True,0,True,True,True,True,0.0,0.0,0.0,0.0
0002EH,768,2024-04-09 07:07:17,ACTIVE,2024-05-06,2024-07-14,102808,118250.0000000000,117815.0000000000,200.0000000000,0E-10,-19358.33,-5023.81,1024.18,-10878.38
0004S5,578,2024-08-25 16:36:08,INACTIVE,True,True,0,True,True,True,True,0.0,0.0,0.0,0.0
0000Y5,4673,2017-03-01 22:15:15,INACTIVE,True,True,0,True,True,True,True,0.0,0.0,0.0,0.0
0007N8,876,2023-05-07 16:26:17,INACTIVE,True,True,0,True,True,True,True,0.0,0.0,0.0,0.0
0005Z7,762,2024-05-07 20:13:24,INACTIVE,True,True,0,True,True,True,True,0.0,0.0,0.0,0.0
00067P,1598,2022-06-21 16:07:32,INACTIVE,True,True,0,True,True,True,True,0.0,0.0,0.0,0.0
00033A,1987,2018-12-18 06:32:17,INACTIVE,True,True,0,True,True,True,True,0.0,0.0,0.0,0.0
0003Q3,1713,2022-09-27 00:00:00,ACTIVE,2022-09-27,2022-09-27,0,100.0000000000,0E-10,100.0000000000,0E-10,0.0,0.0,9.64,16.23
0001YF,1914,2021-12-11 09:11:28,INACTIVE,True,True,0,True,True,True,True,0.0,0.0,0.0,0.0
0001XD,372,2025-04-18 09:03:08,INACTIVE,True,True,0,True,True,True,True,0.0,0.0,0.0,0.0
000200,42,2025-11-27 00:00:00,ACTIVE,2025-11-27,2025-11-27,0,2000.0000000000,999.7500000000,1000.0000000000,0E-10,0.0,0.0,209.83,188.91
0003DD,2445,2021-01-18 13:19:19,INACTIVE,True,True,0,True,True,True,True,0.0,0.0,0.0,0.0
0005ZU,1118,2022-04-14 10:50:44,INACTIVE,True,True,0,True,True,True,True,0.0,0.0,0.0,0.0
0004EE,387,2025-04-26 06:29:26,INACTIVE,True,True,0,True,True,True,True,0.0,0.0,0.0,0.0
000199,640,2022-09-12 18:05:50,INACTIVE,True,True,0,True,True,True,True,0.0,0.0,0.0,0.0
0003DA,2564,2019-10-08 17:32:14,INACTIVE,True,True,0,True,True,True,True,0.0,0.0,0.0,0.0
0001KD,979,2021-08-30 05:46:25,INACTIVE,True,True,0,True,True,True,True,0.0,0.0,0.0,0.0
0007I8,184,2025-08-17 18:28:28,INACTIVE,True,True,0,True,True,True,True,0.0,0.0,0.0,0.0
0001IW,1440,2021-06-23 09:54:05,INACTIVE,True,True,0,True,True,True,True,0.0,0.0,0.0,0.0
0002O9,1831,2022-05-20 01:50:46,BLACKLISTED,True,True,0,True,True,True,True,0.0,0.0,0.0,0.0
0006EB,130,2025-10-12 14:42:53,INACTIVE,True,True,0,True,True,True,True,0.0,0.0,0.0,0.0
0001QN,2170,2019-03-13 03:41:12,INACTIVE,True,True,0,True,True,True,True,0.0,0.0,0.0,0.0
0005I9,3017,2019-09-26 16:03:58,INACTIVE,True,True,0,True,True,True,True,0.0,0.0,0.0,0.0
0002U3,1110,2023-06-20 20:25:34,INACTIVE,True,True,0,True,True,True,True,0.0,0.0,0.0,0.0
0003HF,2539,2018-07-16 00:00:00,EXITED,2018-07-16,2018-07-16,7161,True,True,True,True,-11421.8,-10050.56,0.0,-10241.79
0005N6,1366,2021-08-09 08:49:46,INACTIVE,True,True,0,True,True,True,True,0.0,0.0,0.0,0.0
0005YM,133,2025-07-12 10:43:06,INACTIVE,True,True,0,True,True,True,True,0.0,0.0,0.0,0.0
0000UP,461,2023-10-19 00:00:00,ACTIVE,2023-10-19,2023-10-19,0,500.0000000000,0E-10,0E-10,0E-10,0.0,0.0,12.6,10.16
0005R5,632,2024-05-04 11:52:54,INACTIVE,True,True,0,True,True,True,True,0.0,0.0,0.0,0.0
0002LV,1428,2022-04-13 03:11:35,INACTIVE,True,True,0,True,True,True,True,0.0,0.0,0.0,0.0
0003BX,1570,2021-06-27 19:04:08,INACTIVE,True,True,0,True,True,True,True,0.0,0.0,0.0,0.0
0003E2,1786,2022-08-01 12:39:56,ACTIVE,2022-09-02,2022-09-02,0,10000.0000000000,9950.0000000000,0E-10,0E-10,0.0,0.0,305.61,306.75
0004AL,168,2023-07-12 23:06:55,ACTIVE,2025-02-22,2025-02-22,7481,5000.0000000000,4993.7500000000,0E-10,0E-10,-4810.57,-4944.68,161.21,-11126.33
00067C,1881,2022-03-24 07:11:02,INACTIVE,True,True,0,True,True,True,True,0.0,0.0,0.0,0.0
00042Q,43,2024-05-11 08:53:36,ACTIVE,2024-09-12,2025-12-13,1682820,18893892.4700000000,18768129.7100000000,127300.0000000000,282000.0000000000,1385331.86,2930093.96,21203.45,1507571.29
00056J,1046,2023-10-07 19:25:09,INACTIVE,True,True,0,True,True,True,True,0.0,0.0,0.0,0.0
0006WH,577,2024-07-01 18:11:14,INACTIVE,True,True,0,True,True,True,True,0.0,0.0,0.0,0.0
000471,1012,2021-08-26 23:04:42,ACTIVE,2022-01-10,2022-01-10,0,100.0000000000,100.0000000000,0E-10,0E-10,0.0,0.0,3.17,3.0
0001HO,3452,2019-02-08 09:23:04,INACTIVE,True,True,0,True,True,True,True,0.0,0.0,0.0,0.0
0007HL,3004,2019-06-07 04:41:56,INACTIVE,True,True,0,True,True,True,True,0.0,0.0,0.0,0.0
000323,1633,2022-09-08 17:03:47,INACTIVE,True,True,0,True,True,True,True,0.0,0.0,0.0,0.0
0000ZX,444,2024-05-21 03:18:27,INACTIVE,True,True,0,True,True,True,True,0.0,0.0,0.0,0.0
0003DZ,2111,2020-07-23 21:35:12,INACTIVE,True,True,0,True,True,True,True,0.0,0.0,0.0,0.0
0002KH,196,2025-06-15 02:01:37,INACTIVE,True,True,0,True,True,True,True,0.0,0.0,0.0,0.0
0001V1,777,2024-03-04 15:56:01,INACTIVE,True,True,0,True,True,True,True,0.0,0.0,0.0,0.0
00028O,359,2025-04-03 12:39:42,INACTIVE,True,True,0,True,True,True,True,0.0,0.0,0.0,0.0
0003FC,195,2025-03-31 11:41:45,INACTIVE,True,True,0,True,True,True,True,0.0,0.0,0.0,0.0
0003QW,164,2025-05-17 11:27:02,INACTIVE,True,True,0,True,True,True,True,0.0,0.0,0.0,0.0
0001ML,437,2023-11-03 12:58:59,INACTIVE,True,True,0,True,True,True,True,0.0,0.0,0.0,0.0
00046C,1485,2019-11-09 09:03:57,INACTIVE,True,True,0,True,True,True,True,0.0,0.0,0.0,0.0
0003HW,703,2023-06-10 12:36:04,INACTIVE,True,True,0,True,True,True,True,0.0,0.0,0.0,0.0
00040O,11,2025-12-26 11:45:29,INACTIVE,True,True,0,True,True,True,True,0.0,0.0,0.0,0.0
0004Z2,424,2024-09-06 06:54:28,INACTIVE,True,True,0,True,True,True,True,0.0,0.0,0.0,0.0
0002FJ,2407,2020-06-07 17:02:28,INACTIVE,True,True,0,True,True,True,True,0.0,0.0,0.0,0.0
000797,663,2024-08-20 13:52:13,INACTIVE,True,True,0,True,True,True,True,0.0,0.0,0.0,0.0
0007BP,1815,2020-03-01 10:41:41,INACTIVE,True,True,0,True,True,True,True,0.0,0.0,0.0,0.0
0001CL,1289,2015-08-24 00:00:00,INACTIVE,2015-08-25,2019-12-30,1306143,True,True,True,True,-282063.25,12471.71,0.0,-289250.78
0000LS,2203,2021-04-02 17:35:34,INACTIVE,True,True,0,True,True,True,True,0.0,0.0,0.0,0.0
0005R6,142,2025-08-09 13:38:55,INACTIVE,True,True,0,True,True,True,True,0.0,0.0,0.0,0.0
0005IH,721,2023-05-31 12:39:39,INACTIVE,True,True,0,True,True,True,True,0.0,0.0,0.0,0.0
000276,2169,2019-12-03 18:10:20,INACTIVE,True,True,0,True,True,True,True,0.0,0.0,0.0,0.0
0003UA,2303,2021-10-01 11:07:21,INACTIVE,True,True,0,True,True,True,True,0.0,0.0,0.0,0.0
0005OK,122,2025-08-28 12:08:00,INACTIVE,True,True,0,True,True,True,True,0.0,0.0,0.0,0.0
00010S,312,2025-06-15 18:24:34,INACTIVE,True,True,0,True,True,True,True,0.0,0.0,0.0,0.0
0001HP,1042,2019-09-26 11:23:22,ACTIVE,2022-04-02,2022-04-02,0,1000.0000000000,1000.0000000000,0E-10,0E-10,0.0,0.0,11.91,16.17
0005TU,1393,2019-09-29 09:49:55,INACTIVE,True,True,0,True,True,True,True,0.0,0.0,0.0,0.0
00007L,399,2024-05-18 12:17:06,INACTIVE,True,True,0,True,True,True,True,0.0,0.0,0.0,0.0
00016F,146,2025-09-22 15:07:11,INACTIVE,True,True,0,True,True,True,True,0.0,0.0,0.0,0.0
0004LU,878,2023-09-22 09:46:24,INACTIVE,True,True,0,True,True,True,True,0.0,0.0,0.0,0.0
0004NL,642,2024-06-01 07:36:51,INACTIVE,True,True,0,True,True,True,True,0.0,0.0,0.0,0.0
0007OB,3831,2018-11-19 19:01:38,INACTIVE,2018-11-23,2018-11-23,1323895,True,True,True,True,1943.7,201991.67,0.0,3379.29
0006UJ,1221,2022-09-18 10:23:29,INACTIVE,True,True,0,True,True,True,True,0.0,0.0,0.0,0.0
0003R1,1008,2021-07-26 20:30:46,INACTIVE,True,True,0,True,True,True,True,0.0,0.0,0.0,0.0
00055F,3508,2018-02-27 10:43:20,INACTIVE,True,True,0,True,True,True,True,0.0,0.0,0.0,0.0
0006MN,6,2023-01-10 19:04:17,ACTIVE,2023-02-12,2026-01-06,25303,30100.0000000000,30027.1300000000,0E-10,0E-10,-8779.16,1370.4,20.11,-3509.91
0001M8,553,2024-08-22 07:11:35,INACTIVE,True,True,0,True,True,True,True,0.0,0.0,0.0,0.0
0004O0,2724,2020-07-14 17:47:36,INACTIVE,True,True,0,True,True,True,True,0.0,0.0,0.0,0.0
0001U1,11,2022-07-08 19:59:37,ACTIVE,2022-11-07,2026-01-04,9160877,6082156.7100000000,5013193.0100000000,0E-10,0E-10,-6748405.36,-3770359.1,1988.8,-8531567.01
00013T,153,2024-07-18 01:05:35,ACTIVE,2024-08-12,2025-07-11,55014,56618.0000000000,56543.8800000000,0E-10,0E-10,6158.86,8890.86,65.8,3831.9
0003UY,134,2025-06-10 12:00:56,ACTIVE,2025-08-26,2025-09-12,60023,72050.0000000000,71908.5700000000,0E-10,0E-10,-28161.66,-23460.38,839.16,-38796.42
0001TM,281,2024-10-24 00:00:00,ACTIVE,2024-10-24,2024-10-24,5053,5000.0000000000,5000.0000000000,0E-10,0E-10,-4509.11,-5840.55,65.19,-10700.27
0001O4,53,2025-10-29 22:58:05,ACTIVE,2025-10-30,2025-11-10,0,12800.0000000000,12771.3300000000,0E-10,4033.3300000000,0.0,0.0,436.14,452.37
00002S,651,2024-04-07 09:59:47,INACTIVE,True,True,0,True,True,True,True,0.0,0.0,0.0,0.0
0007KZ,254,2025-02-12 06:22:43,INACTIVE,True,True,0,True,True,True,True,0.0,0.0,0.0,0.0
00051U,108,2025-06-29 06:02:48,INACTIVE,True,True,0,True,True,True,True,0.0,0.0,0.0,0.0
0003KI,1675,2021-10-24 05:28:36,INACTIVE,True,True,0,True,True,True,True,0.0,0.0,0.0,0.0
0002G8,1713,2020-11-01 15:28:35,INACTIVE,True,True,0,True,True,True,True,0.0,0.0,0.0,0.0
00035Q,1164,2022-05-07 03:11:21,ACTIVE,2022-06-18,2022-06-18,0,100.0000000000,0E-10,0E-10,0E-10,0.0,0.0,2.37,2.76
0001N3,3327,2019-12-15 17:06:23,INACTIVE,True,True,0,True,True,True,True,0.0,0.0,0.0,0.0
000192,13,2018-09-23 13:30:28,ACTIVE,2018-10-23,2025-12-25,667403,50000.0000000000,49964.3800000000,0E-10,0E-10,-311678.99,80291.24,12.53,-148556.75
0001U7,402,2024-05-11 08:43:57,INACTIVE,True,True,0,True,True,True,True,0.0,0.0,0.0,0.0
0004K6,1631,2022-10-18 00:00:00,EXITED,2022-10-18,2022-10-18,0,500.0000000000,500.0000000000,0E-10,0E-10,0.0,0.0,15.49,14.99
0003WG,1051,2021-06-22 11:43:18,INACTIVE,True,True,0,True,True,True,True,0.0,0.0,0.0,0.0
0000H7,1973,2022-03-25 08:00:24,INACTIVE,True,True,0,True,True,True,True,0.0,0.0,0.0,0.0
00002Q,2209,2020-11-17 09:42:15,INACTIVE,True,True,0,True,True,True,True,0.0,0.0,0.0,0.0
0000P5,577,2024-07-03 17:28:23,INACTIVE,True,True,0,True,True,True,True,0.0,0.0,0.0,0.0
00062E,1549,2020-08-04 11:29:31,INACTIVE,True,True,0,True,True,True,True,0.0,0.0,0.0,0.0
0001QZ,1145,2022-05-24 07:01:19,INACTIVE,True,True,0,True,True,True,True,0.0,0.0,0.0,0.0
0002RE,1078,2023-10-25 06:05:20,INACTIVE,True,True,0,True,True,True,True,0.0,0.0,0.0,0.0
0007IS,1,2026-01-13 07:03:38,ACTIVE,2026-01-14,2026-01-14,0,4080000.0000000000,4078103.7500000000,0E-10,0E-10,-2443765.77,-5242592.07,101667.72,-5317439.84
000461,1024,2023-10-31 09:54:05,INACTIVE,True,True,0,True,True,True,True,0.0,0.0,0.0,0.0
0001O2,187,2025-08-27 07:44:27,INACTIVE,True,True,0,True,True,True,True,0.0,0.0,0.0,0.0
00075G,2007,2021-06-26 00:26:03,INACTIVE,True,True,0,True,True,True,True,0.0,0.0,0.0,0.0
0002GX,124,2025-06-05 14:16:50,INACTIVE,True,True,0,True,True,True,True,0.0,0.0,0.0,0.0
0001TO,2810,2019-11-07 14:58:31,INACTIVE,True,True,0,True,True,True,True,0.0,0.0,0.0,0.0
0004MK,2630,2020-02-26 09:17:27,INACTIVE,True,True,0,True,True,True,True,0.0,0.0,0.0,0.0
0002A3,23,2025-12-01 00:00:00,ACTIVE,2025-12-01,2025-12-01,0,1000.0000000000,0E-10,1000.0000000000,0E-10,0.0,0.0,153.31,110.35
0004SA,3148,2019-11-06 14:33:10,INACTIVE,2019-11-07,2019-11-07,913398,True,True,True,True,638885.51,1200074.39,0.0,389613.85
00032R,1552,2019-04-27 17:34:02,INACTIVE,True,True,0,True,True,True,True,0.0,0.0,0.0,0.0
00001K,2337,2021-08-29 01:44:05,INACTIVE,True,True,0,True,True,True,True,0.0,0.0,0.0,0.0
0004SJ,81,2025-08-22 00:00:00,ACTIVE,2025-08-22,2025-08-26,0,2000.0000000000,1960.7500000000,0E-10,1000.0000000000,0.0,0.0,55.52,75.42
0005MI,1469,2020-08-03 19:11:00,INACTIVE,True,True,0,True,True,True,True,0.0,0.0,0.0,0.0
000279,555,2024-10-06 19:12:50,INACTIVE,True,True,0,True,True,True,True,0.0,0.0,0.0,0.0
0000BG,1450,2019-10-23 02:24:34,INACTIVE,True,True,0,True,True,True,True,0.0,0.0,0.0,0.0
000478,11,2025-12-30 07:49:47,INACTIVE,True,True,0,True,True,True,True,0.0,0.0,0.0,0.0
00057D,700,2022-04-17 22:14:48,INACTIVE,True,True,0,True,True,True,True,0.0,0.0,0.0,0.0
000287,679,2024-08-21 17:16:38,INACTIVE,True,True,0,True,True,True,True,0.0,0.0,0.0,0.0
0000LN,163,2025-03-17 17:11:43,INACTIVE,True,True,0,True,True,True,True,0.0,0.0,0.0,0.0
00011A,2641,2019-08-28 23:40:50,INACTIVE,True,True,0,True,True,True,True,0.0,0.0,0.0,0.0
0005Z2,2870,2018-10-11 13:37:04,EXITED,2018-10-12,2018-10-12,72252,True,True,True,True,-59043.79,-41423.41,0.0,-47758.03
0007LU,1068,2023-02-24 17:05:40,INACTIVE,True,True,0,True,True,True,True,0.0,0.0,0.0,0.0
00065J,490,2024-07-04 17:33:17,INACTIVE,True,True,0,True,True,True,True,0.0,0.0,0.0,0.0
0005RC,2344,2018-01-06 23:30:27,INACTIVE,True,True,0,True,True,True,True,0.0,0.0,0.0,0.0
0004CR,286,2025-07-03 04:59:17,INACTIVE,True,True,0,True,True,True,True,0.0,0.0,0.0,0.0
000643,162,2025-09-11 14:32:11,INACTIVE,True,True,0,True,True,True,True,0.0,0.0,0.0,0.0
00075E,932,2024-03-31 09:04:50,INACTIVE,True,True,0,True,True,True,True,0.0,0.0,0.0,0.0
0000DH,9,2023-09-28 00:00:00,ACTIVE,2023-09-28,2026-01-08,6765229,5788889.1800000000,4986662.1600000000,2500.0000000000,0E-10,-1031119.81,1385043.07,4337.84,-1196047.02
0003IA,3204,2019-06-10 20:37:29,INACTIVE,True,True,0,True,True,True,True,0.0,0.0,0.0,0.0
0004P7,4085,2018-05-27 12:30:00,INACTIVE,True,True,0,True,True,True,True,0.0,0.0,0.0,0.0
0007N9,243,2025-05-05 07:52:30,INACTIVE,True,True,0,True,True,True,True,0.0,0.0,0.0,0.0
0007LY,837,2024-05-30 08:51:33,INACTIVE,True,True,0,True,True,True,True,0.0,0.0,0.0,0.0
00014V,1417,2018-11-24 11:30:51,INACTIVE,True,True,0,True,True,True,True,0.0,0.0,0.0,0.0
0004KG,417,2024-02-29 21:07:49,INACTIVE,True,True,0,True,True,True,True,0.0,0.0,0.0,0.0
0004J8,874,2023-08-17 13:35:31,INACTIVE,True,True,0,True,True,True,True,0.0,0.0,0.0,0.0
0001O1,1346,2022-03-06 12:30:29,INACTIVE,True,True,0,True,True,True,True,0.0,0.0,0.0,0.0
0003MA,1147,2022-09-10 14:59:02,INACTIVE,True,True,0,True,True,True,True,0.0,0.0,0.0,0.0
0002XQ,1049,2019-06-14 16:43:27,ACTIVE,2023-04-10,2023-04-10,0,20.0000000000,0E-10,0E-10,0E-10,0.0,0.0,0.33,0.33
0005WJ,1705,2021-07-18 22:36:32,INACTIVE,True,True,0,True,True,True,True,0.0,0.0,0.0,0.0
0000R3,2198,2021-08-25 11:44:00,INACTIVE,True,True,0,True,True,True,True,0.0,0.0,0.0,0.0
0004YX,1124,2018-01-13 10:03:14,ACTIVE,2022-05-23,2022-05-27,4220396,4000100.0000000000,4028274.8100000000,0E-10,0E-10,-485356.71,92426.86,89901.94,-313465.86
0001Z5,713,2023-08-26 14:41:25,INACTIVE,True,True,0,True,True,True,True,0.0,0.0,0.0,0.0
0006P1,1210,2019-03-14 08:45:47,ACTIVE,2022-05-14,2023-04-14,411341,10000.0000000000,10000.0000000000,0E-10,0E-10,-1411.51,124339.16,15.79,-2771.43
00079H,4200,2016-01-11 00:00:00,INACTIVE,2016-01-11,2016-01-11,14753,True,True,True,True,-5134.29,-5088.7,0.0,-5074.42
0001MJ,3200,2019-06-15 05:36:33,INACTIVE,True,True,0,True,True,True,True,0.0,0.0,0.0,0.0
0000U7,916,2022-12-10 10:57:26,INACTIVE,True,True,0,True,True,True,True,0.0,0.0,0.0,0.0
0002SK,128,2025-04-19 06:56:53,ACTIVE,2025-04-29,2025-05-07,0,20000.0000000000,19600.0000000000,350.0000000000,0E-10,0.0,0.0,554.12,649.77
00068G,947,2024-03-30 13:46:05,INACTIVE,True,True,0,True,True,True,True,0.0,0.0,0.0,0.0
0006BS,122,2025-06-04 21:03:11,INACTIVE,True,True,0,True,True,True,True,0.0,0.0,0.0,0.0
0002XN,1568,2022-05-27 10:29:48,INACTIVE,True,True,0,True,True,True,True,0.0,0.0,0.0,0.0
0006AG,87,2025-09-30 12:52:49,ACTIVE,2025-10-01,2025-10-01,0,200.0000000000,0E-10,200.0000000000,0E-10,0.0,0.0,25.09,23.45
0001PL,104,2024-11-14 16:02:49,ACTIVE,2024-11-23,2025-09-24,0,2212389.9600000000,2259031.0100000000,26634.4800000000,946251.8500000000,0.0,0.0,6333.25,9325.63
00059I,1690,2022-08-01 09:06:56,INACTIVE,True,True,0,True,True,True,True,0.0,0.0,0.0,0.0
0003RN,329,2014-09-23 00:00:00,ACTIVE,2014-09-23,2025-01-22,16194369,2183280.0000000000,2183230.0000000000,0E-10,0E-10,-4339442.33,5346311.46,504.53,-2755609.07
0002YS,836,2022-06-28 14:43:40,INACTIVE,True,True,0,True,True,True,True,0.0,0.0,0.0,0.0
0002IK,642,2024-08-21 22:32:02,INACTIVE,True,True,0,True,True,True,True,0.0,0.0,0.0,0.0
0002GC,887,2021-05-15 10:07:57,INACTIVE,True,True,0,True,True,True,True,0.0,0.0,0.0,0.0
0001W8,1669,2020-02-22 17:12:29,INACTIVE,True,True,0,True,True,True,True,0.0,0.0,0.0,0.0
0001WJ,283,2019-12-31 15:44:41,ACTIVE,2025-04-17,2025-04-17,14393,20000.0000000000,19915.0000000000,0E-10,0E-10,-12072.69,3879.14,439.92,-15878.16
0000F7,2605,2018-06-08 11:26:53,INACTIVE,True,True,0,True,True,True,True,0.0,0.0,0.0,0.0
0001OC,1802,2021-08-20 22:52:54,INACTIVE,True,True,0,True,True,True,True,0.0,0.0,0.0,0.0
0007BA,1088,2022-08-30 11:36:02,INACTIVE,True,True,0,True,True,True,True,0.0,0.0,0.0,0.0
0006KZ,2459,2018-06-25 14:10:49,INACTIVE,True,True,0,True,True,True,True,0.0,0.0,0.0,0.0
0004UB,674,2023-11-13 21:47:57,INACTIVE,True,True,0,True,True,True,True,0.0,0.0,0.0,0.0
0002A1,1817,2022-06-15 06:59:18,INACTIVE,True,True,0,True,True,True,True,0.0,0.0,0.0,0.0
00052H,10,2025-04-26 23:44:35,ACTIVE,2025-04-27,2025-12-26,66362,211300.0000000000,210436.2400000000,481.0000000000,0E-10,-69374.21,4619.04,607.6,-65068.34
0003EH,3330,2019-09-16 04:53:38,INACTIVE,True,True,0,True,True,True,True,0.0,0.0,0.0,0.0
0003PC,1008,2022-10-28 13:12:55,INACTIVE,True,True,0,True,True,True,True,0.0,0.0,0.0,0.0
0003BI,54,2025-11-14 08:33:08,INACTIVE,True,True,0,True,True,True,True,0.0,0.0,0.0,0.0
0006CH,217,2024-10-15 17:59:25,ACTIVE,2025-05-13,2025-07-22,46167,60133.5200000000,59730.0500000000,0E-10,0E-10,-66747.78,-6029.57,629.15,-46030.1
00032M,126,2025-08-05 15:17:11,ACTIVE,2025-08-25,2025-08-26,10896,22700.0000000000,20795.6300000000,1800.0000000000,2200.0000000000,-18941.55,-15498.5,796.87,-21909.66
000519,1349,2022-09-25 22:06:09,INACTIVE,True,True,0,True,True,True,True,0.0,0.0,0.0,0.0
0001RZ,1881,2022-05-16 00:25:58,INACTIVE,True,True,0,True,True,True,True,0.0,0.0,0.0,0.0
0006F8,3283,2019-05-10 14:11:43,INACTIVE,2019-05-13,2019-05-13,51792,True,True,True,True,39509.16,46835.33,0.0,58977.52
0002I3,821,2023-10-29 15:59:20,INACTIVE,True,True,0,True,True,True,True,0.0,0.0,0.0,0.0
0000YG,1652,2022-04-28 18:49:15,INACTIVE,True,True,0,True,True,True,True,0.0,0.0,0.0,0.0
0003UK,672,2023-12-24 21:59:40,INACTIVE,True,True,0,True,True,True,True,0.0,0.0,0.0,0.0
0001WO,28,2025-02-07 00:00:00,ACTIVE,2025-02-07,2025-12-24,0,5217209.3400000000,5224005.2700000000,3000.0000000000,4134870.0000000000,0.0,0.0,21427.6,16739.49
0003LM,600,2023-08-03 17:58:55,INACTIVE,True,True,0,True,True,True,True,0.0,0.0,0.0,0.0
0000PS,296,2024-07-22 11:55:32,INACTIVE,True,True,0,True,True,True,True,0.0,0.0,0.0,0.0
0000KD,266,2025-05-04 14:11:39,INACTIVE,True,True,0,True,True,True,True,0.0,0.0,0.0,0.0
0001KV,1431,2020-07-24 21:08:12,INACTIVE,True,True,0,True,True,True,True,0.0,0.0,0.0,0.0
00011T,917,2023-12-31 12:54:04,INACTIVE,True,True,0,True,True,True,True,0.0,0.0,0.0,0.0
0005D7,108,2018-05-03 10:37:15,ACTIVE,2025-07-20,2025-07-20,27598,20000.0000000000,19941.8800000000,0E-10,0E-10,-25070.86,-27155.71,577.07,-23523.57
000502,57,2025-09-25 12:06:39,INACTIVE,True,True,0,True,True,True,True,0.0,0.0,0.0,0.0
0007PF,387,2025-02-20 17:15:37,INACTIVE,True,True,0,True,True,True,True,0.0,0.0,0.0,0.0
0005A7,1010,2023-04-12 07:54:01,INACTIVE,True,True,0,True,True,True,True,0.0,0.0,0.0,0.0
0000EI,2863,2020-08-22 16:57:09,INACTIVE,True,True,0,True,True,True,True,0.0,0.0,0.0,0.0
0004LG,1675,2019-11-27 00:00:00,EXITED,2019-11-27,2019-11-27,2719002,True,True,True,True,-1242417.94,-911712.92,0.0,-2137183.5
0004PJ,1354,2020-02-04 10:16:45,INACTIVE,True,True,0,True,True,True,True,0.0,0.0,0.0,0.0
0001XL,31,2019-07-11 23:30:10,ACTIVE,2023-12-15,2025-11-17,733054,987655.7900000000,1481955.6200000000,950.0000000000,18783.1200000000,-369976.03,-84493.5,1030.15,-302886.69
0005C9,2530,2016-04-08 10:31:09,EXITED,2018-09-15,2018-09-15,111530,True,True,True,True,376707.89,446328.64,0.0,379802.28
00071C,35,2025-11-18 06:56:59,INACTIVE,True,True,0,True,True,True,True,0.0,0.0,0.0,0.0
0006QZ,388,2025-03-17 00:35:40,INACTIVE,True,True,0,True,True,True,True,0.0,0.0,0.0,0.0
0000GY,994,2021-04-14 10:48:26,INACTIVE,True,True,0,True,True,True,True,0.0,0.0,0.0,0.0
000252,1345,2023-06-13 00:00:00,EXITED,2023-06-13,2023-06-13,231480,True,True,True,True,-156333.97,-137786.76,0.0,-235847.44
00049D,2840,2018-07-27 04:54:14,INACTIVE,True,True,0,True,True,True,True,0.0,0.0,0.0,0.0
00031J,998,2023-10-04 12:56:45,INACTIVE,True,True,0,True,True,True,True,0.0,0.0,0.0,0.0
0006IY,1421,2019-11-16 16:09:59,INACTIVE,True,True,0,True,True,True,True,0.0,0.0,0.0,0.0
000523,973,2021-07-10 19:21:32,INACTIVE,True,True,0,True,True,True,True,0.0,0.0,0.0,0.0
00029L,1152,2022-05-06 10:43:26,INACTIVE,True,True,0,True,True,True,True,0.0,0.0,0.0,0.0
0007MT,1158,2022-12-07 18:34:11,INACTIVE,True,True,0,True,True,True,True,0.0,0.0,0.0,0.0
000128,1158,2023-02-03 20:56:48,INACTIVE,True,True,0,True,True,True,True,0.0,0.0,0.0,0.0
0000UX,1080,2022-06-23 12:19:08,INACTIVE,True,True,0,True,True,True,True,0.0,0.0,0.0,0.0
0005FD,1849,2019-06-28 03:21:46,INACTIVE,True,True,0,True,True,True,True,0.0,0.0,0.0,0.0
0000UA,1954,2022-06-06 09:35:12,INACTIVE,True,True,0,True,True,True,True,0.0,0.0,0.0,0.0
0004CF,89,2025-09-22 23:22:26,INACTIVE,True,True,0,True,True,True,True,0.0,0.0,0.0,0.0
0001TU,37,2025-11-18 18:58:26,INACTIVE,True,True,0,True,True,True,True,0.0,0.0,0.0,0.0
0000IX,88,2025-10-05 10:47:01,INACTIVE,True,True,0,True,True,True,True,0.0,0.0,0.0,0.0
0001X1,1038,2022-07-04 13:57:38,INACTIVE,True,True,0,True,True,True,True,0.0,0.0,0.0,0.0
0000MN,105,2025-09-23 10:35:29,INACTIVE,True,True,0,True,True,True,True,0.0,0.0,0.0,0.0
0000YX,523,2024-10-07 19:38:50,INACTIVE,True,True,0,True,True,True,True,0.0,0.0,0.0,0.0
0001B6,2464,2019-12-04 08:10:54,INACTIVE,True,True,0,True,True,True,True,0.0,0.0,0.0,0.0
00003O,1158,2023-05-25 20:57:12,INACTIVE,True,True,0,True,True,True,True,0.0,0.0,0.0,0.0
0005ZC,1606,2019-05-06 05:20:02,INACTIVE,True,True,0,True,True,True,True,0.0,0.0,0.0,0.0
0000EA,127,2025-05-28 00:16:13,INACTIVE,True,True,0,True,True,True,True,0.0,0.0,0.0,0.0
0005R9,1128,2022-11-20 12:11:13,ACTIVE,2023-08-25,2023-08-25,3229,5000.0000000000,4950.0000000000,0E-10,0E-10,-6804.43,-4787.76,130.87,-9585.12
000210,281,2024-12-19 16:52:46,INACTIVE,True,True,0,True,True,True,True,0.0,0.0,0.0,0.0
0001MY,369,2024-10-19 16:54:10,INACTIVE,True,True,0,True,True,True,True,0.0,0.0,0.0,0.0
0003HK,1318,2022-04-07 09:45:01,INACTIVE,True,True,0,True,True,True,True,0.0,0.0,0.0,0.0
0004IA,995,2023-10-20 11:03:35,INACTIVE,True,True,0,True,True,True,True,0.0,0.0,0.0,0.0
0007LQ,494,2024-01-01 00:00:00,ACTIVE,2024-01-01,2024-01-01,2629,5000.0000000000,5000.0000000000,0E-10,0E-10,-3814.36,-4974.51,132.31,-7204.78
0007H8,524,2025-01-06 16:05:51,INACTIVE,True,True,0,True,True,True,True,0.0,0.0,0.0,0.0
0000IF,1811,2020-01-03 09:40:02,INACTIVE,True,True,0,True,True,True,True,0.0,0.0,0.0,0.0
00025R,1444,2023-05-17 08:21:05,INACTIVE,True,True,0,True,True,True,True,0.0,0.0,0.0,0.0
0004Y9,759,2023-05-24 16:08:42,INACTIVE,True,True,0,True,True,True,True,0.0,0.0,0.0,0.0
0000QC,335,2025-04-17 18:02:05,INACTIVE,True,True,0,True,True,True,True,0.0,0.0,0.0,0.0
0006HN,717,2023-10-20 18:02:32,INACTIVE,True,True,0,True,True,True,True,0.0,0.0,0.0,0.0
0005GH,55,2024-03-22 09:10:54,ACTIVE,2025-03-26,2025-12-05,44823,181139.0000000000,180519.8600000000,0E-10,41461.0000000000,-24629.78,-6823.35,775.22,-31191.54
0005FM,1840,2020-10-21 18:05:26,INACTIVE,True,True,0,True,True,True,True,0.0,0.0,0.0,0.0
0000E4,1702,2022-08-22 00:00:00,ACTIVE,2022-08-22,2022-08-22,0,100.0000000000,0E-10,0E-10,0E-10,0.0,0.0,2.97,2.46
0005T0,1429,2022-05-22 13:35:03,ACTIVE,2022-12-01,2022-12-02,135197,101.0000000000,100.0000000000,0E-10,0E-10,33007.36,54332.88,2.88,23443.33
0007K1,2713,2018-09-14 12:01:14,INACTIVE,2018-09-18,2019-03-15,445166,True,True,True,True,46103.01,74958.13,0.0,48451.78
0000FU,331,2024-10-31 10:31:33,INACTIVE,True,True,0,True,True,True,True,0.0,0.0,0.0,0.0
0005PC,272,2025-01-22 08:30:51,INACTIVE,True,True,0,True,True,True,True,0.0,0.0,0.0,0.0
0007I7,242,2025-08-06 18:27:53,INACTIVE,True,True,0,True,True,True,True,0.0,0.0,0.0,0.0
00032U,2301,2021-08-15 15:30:48,INACTIVE,True,True,0,True,True,True,True,0.0,0.0,0.0,0.0
00036F,998,2021-10-05 00:00:00,ACTIVE,2021-10-05,2021-10-05,0,200.0000000000,0E-10,0E-10,0E-10,0.0,0.0,3.86,5.53
0005DS,187,2025-04-24 18:54:10,INACTIVE,True,True,0,True,True,True,True,0.0,0.0,0.0,0.0
0007KW,417,2020-08-03 20:13:12,ACTIVE,2023-11-24,2024-02-27,21605,33367.0000000000,32964.4400000000,350.0000000000,0E-10,-10546.53,-7116.51,318.98,-12702.88
0002SS,376,2024-07-28 10:17:06,INACTIVE,True,True,0,True,True,True,True,0.0,0.0,0.0,0.0
0006DS,523,2024-03-24 07:41:12,INACTIVE,True,True,0,True,True,True,True,0.0,0.0,0.0,0.0
00059C,3513,2018-11-07 10:07:14,INACTIVE,True,True,0,True,True,True,True,0.0,0.0,0.0,0.0
0004S8,55,2018-12-27 16:10:09,ACTIVE,2018-12-31,2025-10-14,256272,192166.0000000000,192019.9600000000,0E-10,0E-10,-706923.08,48577.31,57.44,-695521.2
0002GT,1823,2022-06-06 09:12:31,INACTIVE,True,True,0,True,True,True,True,0.0,0.0,0.0,0.0
0002RF,291,2025-07-01 07:46:00,INACTIVE,True,True,0,True,True,True,True,0.0,0.0,0.0,0.0
0001GP,2468,2017-05-25 19:35:53,INACTIVE,True,True,0,True,True,True,True,0.0,0.0,0.0,0.0
00062G,1352,2022-03-03 11:08:21,INACTIVE,True,True,0,True,True,True,True,0.0,0.0,0.0,0.0
0001PF,2596,2019-02-19 19:43:06,INACTIVE,True,True,0,True,True,True,True,0.0,0.0,0.0,0.0
0002VO,1627,2018-11-26 16:08:53,EXITED,2019-09-23,2019-09-23,577751,True,True,True,True,-156305.5,150340.51,0.0,-153192.91
00003E,38,2025-12-15 00:51:32,INACTIVE,True,True,0,True,True,True,True,0.0,0.0,0.0,0.0
0004YW,2849,2018-10-26 08:49:05,INACTIVE,True,True,0,True,True,True,True,0.0,0.0,0.0,0.0
00071V,72,2025-09-19 10:07:01,INACTIVE,True,True,0,True,True,True,True,0.0,0.0,0.0,0.0
0001XB,1438,2023-03-22 10:35:31,INACTIVE,True,True,0,True,True,True,True,0.0,0.0,0.0,0.0
0000ZQ,59,2024-11-04 00:00:00,ACTIVE,2024-11-04,2025-11-03,0,5547968.1700000000,5854355.0600000000,300.0000000000,4794326.1800000000,0.0,0.0,26526.55,27430.88
0000PY,1277,2020-09-17 18:21:42,INACTIVE,True,True,0,True,True,True,True,0.0,0.0,0.0,0.0
0006Z2,3805,2019-01-04 17:19:31,INACTIVE,True,True,0,True,True,True,True,0.0,0.0,0.0,0.0
0007L4,242,2024-12-09 20:41:06,INACTIVE,True,True,0,True,True,True,True,0.0,0.0,0.0,0.0
0004SY,271,2024-09-18 13:13:16,INACTIVE,True,True,0,True,True,True,True,0.0,0.0,0.0,0.0
000177,1670,2019-11-04 17:25:04,INACTIVE,True,True,0,True,True,True,True,0.0,0.0,0.0,0.0
00066W,42,2025-11-25 10:54:01,INACTIVE,True,True,0,True,True,True,True,0.0,0.0,0.0,0.0
00058A,1844,2020-08-19 20:50:19,INACTIVE,True,True,0,True,True,True,True,0.0,0.0,0.0,0.0
0003MZ,539,2024-10-17 10:07:55,INACTIVE,True,True,0,True,True,True,True,0.0,0.0,0.0,0.0
0005LT,867,2023-04-19 06:40:21,INACTIVE,True,True,0,True,True,True,True,0.0,0.0,0.0,0.0
000335,849,2023-11-06 12:40:11,INACTIVE,True,True,0,True,True,True,True,0.0,0.0,0.0,0.0
0004N3,1090,2020-02-21 14:09:02,INACTIVE,True,True,0,True,True,True,True,0.0,0.0,0.0,0.0
0007MP,2197,2019-03-30 07:18:37,INACTIVE,True,True,0,True,True,True,True,0.0,0.0,0.0,0.0
0003YJ,9,2026-01-09 05:31:48,INACTIVE,True,True,0,True,True,True,True,0.0,0.0,0.0,0.0
00038F,1520,2022-04-01 12:33:17,ACTIVE,2022-09-07,2022-10-11,5043,9085.0000000000,8700.0000000000,200.0000000000,0E-10,-1301.68,-5.52,151.84,-497.23
0001GR,834,2024-03-14 15:07:56,INACTIVE,True,True,0,True,True,True,True,0.0,0.0,0.0,0.0
0007D6,1544,2020-10-14 21:59:56,INACTIVE,True,True,0,True,True,True,True,0.0,0.0,0.0,0.0
0004WQ,101,2025-09-20 00:00:00,ACTIVE,2025-09-20,2025-10-05,0,18470.0000000000,18175.2500000000,75.0000000000,0E-10,0.0,0.0,346.31,246.73
0003K2,3230,2019-06-19 15:19:54,INACTIVE,True,True,0,True,True,True,True,0.0,0.0,0.0,0.0
0004DP,1300,2023-06-17 19:06:41,EXITED,2023-06-18,2023-06-18,248821,True,True,True,True,-267147.16,-252810.38,0.0,-272311.25
0006I9,2421,2020-07-25 09:36:18,INACTIVE,True,True,0,True,True,True,True,0.0,0.0,0.0,0.0
0000OQ,788,2023-10-14 13:04:17,INACTIVE,True,True,0,True,True,True,True,0.0,0.0,0.0,0.0
00022E,1135,2020-08-13 06:38:55,INACTIVE,True,True,0,True,True,True,True,0.0,0.0,0.0,0.0
0005PW,980,2021-09-16 07:04:49,INACTIVE,True,True,0,True,True,True,True,0.0,0.0,0.0,0.0
0006YI,395,2023-11-18 07:30:42,INACTIVE,True,True,0,True,True,True,True,0.0,0.0,0.0,0.0
00064W,781,2023-07-21 00:03:42,INACTIVE,True,True,0,True,True,True,True,0.0,0.0,0.0,0.0
0004UD,408,2023-11-27 19:32:38,INACTIVE,True,True,0,True,True,True,True,0.0,0.0,0.0,0.0
00074H,864,2019-03-12 22:37:48,ACTIVE,2023-04-13,2023-07-06,6263,7800.0000000000,5491.6500000000,2200.0000000000,0E-10,-555.51,420.83,94.0,-957.67
0000HJ,769,2024-02-14 16:52:59,INACTIVE,True,True,0,True,True,True,True,0.0,0.0,0.0,0.0
0003XV,921,2023-09-28 13:27:12,INACTIVE,True,True,0,True,True,True,True,0.0,0.0,0.0,0.0
0000MK,2095,2020-08-09 22:35:51,INACTIVE,True,True,0,True,True,True,True,0.0,0.0,0.0,0.0
000309,80,2025-08-27 00:00:00,ACTIVE,2025-08-27,2025-09-27,0,10065.0000000000,10010.7500000000,0E-10,5000.0000000000,0.0,0.0,255.57,196.2
0006FS,2244,2020-01-05 17:00:44,INACTIVE,True,True,0,True,True,True,True,0.0,0.0,0.0,0.0
0002GV,2594,2021-03-29 19:37:05,INACTIVE,True,True,0,True,True,True,True,0.0,0.0,0.0,0.0
0001Y1,1119,2022-08-30 18:20:24,ACTIVE,2022-09-01,2022-10-18,0,20000.0000000000,10500.0000000000,9700.0000000000,0E-10,0.0,0.0,524.29,981.74
0000D1,263,2025-07-07 13:30:00,ACTIVE,2025-07-08,2025-07-08,0,1000.0000000000,921.5000000000,0E-10,0E-10,0.0,0.0,27.42,20.28
0002A8,2059,2019-08-24 14:19:53,INACTIVE,True,True,0,True,True,True,True,0.0,0.0,0.0,0.0
0007FU,1159,2023-03-20 14:29:25,INACTIVE,True,True,0,True,True,True,True,0.0,0.0,0.0,0.0
0001DT,965,2023-05-08 22:03:54,INACTIVE,True,True,0,True,True,True,True,0.0,0.0,0.0,0.0
00028A,4029,2016-10-04 10:18:55,INACTIVE,True,True,0,True,True,True,True,0.0,0.0,0.0,0.0
0000JC,2253,2021-08-17 21:20:28,INACTIVE,True,True,0,True,True,True,True,0.0,0.0,0.0,0.0
0004DZ,445,2024-09-18 00:00:00,ACTIVE,2024-09-18,2024-09-29,9401,28500.0000000000,28280.6300000000,0E-10,0E-10,-14279.26,-11317.43,363.52,-20161.52
0005CL,3118,2019-04-02 16:04:51,INACTIVE,True,True,0,True,True,True,True,0.0,0.0,0.0,0.0
0005NM,435,2025-03-06 17:24:00,INACTIVE,True,True,0,True,True,True,True,0.0,0.0,0.0,0.0
00020Y,754,2024-06-09 19:00:24,INACTIVE,True,True,0,True,True,True,True,0.0,0.0,0.0,0.0
00001X,34,2025-11-11 07:00:59,INACTIVE,True,True,0,True,True,True,True,0.0,0.0,0.0,0.0
00073T,631,2022-08-02 11:55:05,INACTIVE,True,True,0,True,True,True,True,0.0,0.0,0.0,0.0
0003UU,246,2025-07-21 15:56:18,INACTIVE,True,True,0,True,True,True,True,0.0,0.0,0.0,0.0
0000RI,1,2019-03-07 16:43:42,ACTIVE,2019-03-12,2026-01-14,991727,544500.0000000000,548952.6400000000,0E-10,279500.0000000000,369413.85,587142.18,290.39,394491.53
0005QP,5469,2015-06-02 00:00:00,INACTIVE,2015-06-09,2015-10-09,532782,True,True,True,True,-376444.39,-281376.05,0.0,-353417.97
0005LW,2560,2017-03-13 16:09:15,INACTIVE,True,True,0,True,True,True,True,0.0,0.0,0.0,0.0
0004BO,255,2025-07-01 11:51:48,INACTIVE,True,True,0,True,True,True,True,0.0,0.0,0.0,0.0
0003CJ,420,2025-02-26 12:36:51,INACTIVE,True,True,0,True,True,True,True,0.0,0.0,0.0,0.0
0006GI,1189,2023-08-23 01:24:52,INACTIVE,True,True,0,True,True,True,True,0.0,0.0,0.0,0.0
0006Z3,2670,2019-11-28 15:27:43,INACTIVE,True,True,0,True,True,True,True,0.0,0.0,0.0,0.0
000544,889,2022-03-25 00:29:39,INACTIVE,True,True,0,True,True,True,True,0.0,0.0,0.0,0.0
0006UV,1575,2022-05-22 00:00:00,ACTIVE,2022-05-22,2022-05-22,0,100.0000000000,0E-10,0E-10,0E-10,0.0,0.0,2.32,2.9
0002GU,877,2023-11-13 12:17:15,INACTIVE,True,True,0,True,True,True,True,0.0,0.0,0.0,0.0
000286,39,2025-11-29 00:00:00,ACTIVE,2025-11-29,2025-11-29,0,2000.0000000000,1000.0000000000,1000.0000000000,0E-10,0.0,0.0,161.47,224.68
0007OQ,109,2025-08-01 18:24:29,ACTIVE,2025-08-05,2025-08-14,0,7500.0000000000,0E-10,7500.0000000000,0E-10,0.0,0.0,1204.96,1322.59
0003A8,3219,2019-09-05 13:36:26,INACTIVE,True,True,0,True,True,True,True,0.0,0.0,0.0,0.0
0005L5,400,2024-05-02 12:41:12,INACTIVE,True,True,0,True,True,True,True,0.0,0.0,0.0,0.0
0003YX,163,2025-07-22 12:01:03,INACTIVE,True,True,0,True,True,True,True,0.0,0.0,0.0,0.0
0000XZ,2036,2021-01-28 11:48:37,INACTIVE,True,True,0,True,True,True,True,0.0,0.0,0.0,0.0
0003TC,1007,2024-03-02 14:10:31,INACTIVE,True,True,0,True,True,True,True,0.0,0.0,0.0,0.0
0004V0,2728,2019-08-30 14:40:52,INACTIVE,True,True,0,True,True,True,True,0.0,0.0,0.0,0.0
0000B9,2317,2018-01-16 00:00:00,EXITED,2018-01-16,2018-02-27,24253,True,True,True,True,-27984.4,-28235.82,0.0,-18152.0
0002V8,161,2022-05-10 14:43:35,ACTIVE,2025-03-18,2025-04-02,0,1200.0000000000,1200.0000000000,0E-10,0E-10,0.0,0.0,16.17,15.44
0004IW,1297,2021-09-12 13:30:27,INACTIVE,True,True,0,True,True,True,True,0.0,0.0,0.0,0.0
0006TQ,2368,2017-11-11 00:45:30,INACTIVE,True,True,0,True,True,True,True,0.0,0.0,0.0,0.0
00010T,178,2025-09-02 00:00:00,ACTIVE,2025-09-02,2025-09-02,0,4000.0000000000,3981.5000000000,0E-10,0E-10,0.0,0.0,51.7,118.88
00066G,182,2025-06-21 12:14:42,INACTIVE,True,True,0,True,True,True,True,0.0,0.0,0.0,0.0
0007N5,227,2024-09-20 20:57:22,ACTIVE,2024-09-23,2025-01-01,28952,68609.7500000000,45650.2500000000,270.0000000000,0E-10,-14237.27,7999.66,498.95,-7701.73
0005UO,2599,2020-11-05 07:31:40,INACTIVE,True,True,0,True,True,True,True,0.0,0.0,0.0,0.0
0006P9,604,2022-11-07 07:37:37,INACTIVE,True,True,0,True,True,True,True,0.0,0.0,0.0,0.0
0000O6,324,2024-04-11 02:38:11,INACTIVE,True,True,0,True,True,True,True,0.0,0.0,0.0,0.0
0004MB,2498,2019-01-04 13:30:41,INACTIVE,2019-01-09,2019-01-09,73046,True,True,True,True,348228.72,583756.98,0.0,217448.97
00023S,43,2025-11-01 00:40:05,INACTIVE,True,True,0,True,True,True,True,0.0,0.0,0.0,0.0
0006JE,337,2024-09-05 22:25:07,INACTIVE,True,True,0,True,True,True,True,0.0,0.0,0.0,0.0
0003E3,951,2024-04-15 09:03:24,INACTIVE,True,True,0,True,True,True,True,0.0,0.0,0.0,0.0
0003QR,5130,2013-07-24 00:00:00,INACTIVE,2013-07-24,2015-08-05,1256401,True,True,True,True,-383464.52,-329383.26,0.0,-558620.79
00005P,923,2024-01-16 05:00:49,INACTIVE,True,True,0,True,True,True,True,0.0,0.0,0.0,0.0
0000M3,1386,2022-10-19 13:26:22,INACTIVE,True,True,0,True,True,True,True,0.0,0.0,0.0,0.0
000026,162,2025-03-26 08:04:00,INACTIVE,True,True,0,True,True,True,True,0.0,0.0,0.0,0.0
0005IX,3626,2018-08-11 18:06:46,INACTIVE,True,True,0,True,True,True,True,0.0,0.0,0.0,0.0
0005NW,1250,2022-07-08 00:52:23,INACTIVE,True,True,0,True,True,True,True,0.0,0.0,0.0,0.0
0003P9,270,2024-10-21 00:00:00,ACTIVE,2024-10-21,2024-10-21,0,2000.0000000000,2000.0000000000,0E-10,0E-10,0.0,0.0,22.9,61.65
00014Y,82,2025-10-05 09:23:40,INACTIVE,True,True,0,True,True,True,True,0.0,0.0,0.0,0.0
00035A,183,2025-07-16 16:19:30,INACTIVE,True,True,0,True,True,True,True,0.0,0.0,0.0,0.0
0003CH,1387,2018-07-23 00:00:00,EXITED,2018-07-23,2018-08-25,22112,True,True,True,True,-3126.54,-1041.36,0.0,-4492.32
0003JJ,41,2025-09-26 13:54:33,ACTIVE,2025-10-19,2025-11-22,24729,67400.0000000000,56908.1500000000,10300.0000000000,0E-10,-17528.09,-11473.97,1409.46,-25438.43
0005UM,1828,2020-01-20 11:31:40,INACTIVE,True,True,0,True,True,True,True,0.0,0.0,0.0,0.0
0005KO,168,2025-07-25 08:54:36,INACTIVE,True,True,0,True,True,True,True,0.0,0.0,0.0,0.0
00033W,287,2024-06-22 09:29:35,INACTIVE,True,True,0,True,True,True,True,0.0,0.0,0.0,0.0
000358,506,2024-09-27 21:24:08,INACTIVE,True,True,0,True,True,True,True,0.0,0.0,0.0,0.0
0001HK,388,2024-07-08 07:40:56,INACTIVE,True,True,0,True,True,True,True,0.0,0.0,0.0,0.0
0001XT,1735,2021-09-17 02:36:11,INACTIVE,True,True,0,True,True,True,True,0.0,0.0,0.0,0.0
00036R,1849,2019-03-11 17:35:54,INACTIVE,True,True,0,True,True,True,True,0.0,0.0,0.0,0.0
0006HS,2050,2019-10-28 10:28:05,INACTIVE,True,True,0,True,True,True,True,0.0,0.0,0.0,0.0
0005AK,104,2025-10-14 00:00:00,ACTIVE,2025-10-14,2025-10-14,0,0E-10,0E-10,0E-10,0E-10,0.0,0.0,0.0,0.0
0005O7,1531,2022-06-01 21:43:30,INACTIVE,True,True,0,True,True,True,True,0.0,0.0,0.0,0.0
0004H7,185,2025-01-31 12:56:07,INACTIVE,True,True,0,True,True,True,True,0.0,0.0,0.0,0.0
0001BK,2230,2020-02-22 09:07:16,INACTIVE,True,True,0,True,True,True,True,0.0,0.0,0.0,0.0
00066L,3523,2018-09-18 10:15:07,INACTIVE,True,True,0,True,True,True,True,0.0,0.0,0.0,0.0
000161,397,2024-07-02 08:18:53,INACTIVE,True,True,0,True,True,True,True,0.0,0.0,0.0,0.0
0004DB,3531,2016-08-03 00:00:00,INACTIVE,2016-08-03,2016-09-02,0,0E-10,0E-10,0E-10,0E-10,0.0,0.0,0.0,0.0
00024E,1918,2020-07-01 17:08:08,INACTIVE,True,True,0,True,True,True,True,0.0,0.0,0.0,0.0
0004D1,3014,2019-12-05 12:53:24,INACTIVE,True,True,0,True,True,True,True,0.0,0.0,0.0,0.0
0006M8,2565,2018-07-24 09:17:33,INACTIVE,True,True,0,True,True,True,True,0.0,0.0,0.0,0.0
00053L,2794,2020-09-28 13:45:20,INACTIVE,True,True,0,True,True,True,True,0.0,0.0,0.0,0.0
0005MD,2566,2019-12-11 10:51:46,INACTIVE,True,True,0,True,True,True,True,0.0,0.0,0.0,0.0
000722,283,2025-04-23 20:24:16,INACTIVE,True,True,0,True,True,True,True,0.0,0.0,0.0,0.0
00005C,2186,2018-06-26 00:00:00,EXITED,2018-06-26,2018-06-26,7868,True,True,True,True,-14146.02,-6099.14,0.0,-7589.09
0005QB,75,2025-11-08 09:49:20,INACTIVE,True,True,0,True,True,True,True,0.0,0.0,0.0,0.0
0006QK,1538,2019-05-16 11:52:43,INACTIVE,True,True,0,True,True,True,True,0.0,0.0,0.0,0.0
0004PO,26,2023-08-12 17:40:40,ACTIVE,2023-08-15,2025-12-18,6303189,3544973.6900000000,3516112.9100000000,0E-10,0E-10,1196785.48,1937686.24,2223.07,994729.78
00051X,450,2024-06-20 15:24:08,INACTIVE,True,True,0,True,True,True,True,0.0,0.0,0.0,0.0
0001NU,2578,2020-01-04 04:55:30,INACTIVE,True,True,0,True,True,True,True,0.0,0.0,0.0,0.0
0004ME,2065,2021-07-26 21:59:15,INACTIVE,True,True,0,True,True,True,True,0.0,0.0,0.0,0.0
0004C6,1170,2023-10-19 13:53:56,INACTIVE,True,True,0,True,True,True,True,0.0,0.0,0.0,0.0
0007E0,12,2021-04-06 14:22:50,ACTIVE,2025-04-19,2025-12-30,50792,132800.0000000000,121987.7500000000,10600.0000000000,0E-10,-15604.78,10748.66,665.17,-19030.1
000093,975,2024-02-11 19:25:23,INACTIVE,True,True,0,True,True,True,True,0.0,0.0,0.0,0.0
0005UY,2079,2021-10-23 16:05:04,INACTIVE,True,True,0,True,True,True,True,0.0,0.0,0.0,0.0
00007Z,74,2025-11-22 00:00:00,ACTIVE,2025-11-22,2025-11-22,0,1000.0000000000,0E-10,1000.0000000000,0E-10,0.0,0.0,178.66,129.73
00013E,129,2025-10-03 00:00:00,ACTIVE,2025-10-03,2025-10-03,0,2000.0000000000,1910.7500000000,0E-10,0E-10,0.0,0.0,42.36,60.43
0001E7,352,2024-10-14 07:45:47,INACTIVE,True,True,0,True,True,True,True,0.0,0.0,0.0,0.0
0007D0,3742,2018-08-09 12:50:21,INACTIVE,True,True,0,True,True,True,True,0.0,0.0,0.0,0.0
0005VC,3535,2017-03-28 08:24:17,INACTIVE,True,True,0,True,True,True,True,0.0,0.0,0.0,0.0
000190,3334,2018-09-07 17:14:38,INACTIVE,True,True,0,True,True,True,True,0.0,0.0,0.0,0.0
0004E9,235,2025-02-16 05:22:27,INACTIVE,True,True,0,True,True,True,True,0.0,0.0,0.0,0.0
000727,1853,2018-04-29 21:01:15,INACTIVE,True,True,0,True,True,True,True,0.0,0.0,0.0,0.0
0004D3,490,2023-06-14 18:47:46,ACTIVE,2023-07-27,2024-04-24,162214,474296.0000000000,463217.1100000000,3292.0000000000,0E-10,-14360.61,2157.95,1103.82,-26593.82
0003N2,218,2025-06-13 11:00:10,INACTIVE,True,True,0,True,True,True,True,0.0,0.0,0.0,0.0
00036V,2518,2018-06-09 00:00:00,EXITED,2018-06-09,2018-07-09,16460,True,True,True,True,-14218.3,-11566.06,0.0,-32624.27
0004IP,137,2025-10-08 17:52:14,INACTIVE,True,True,0,True,True,True,True,0.0,0.0,0.0,0.0
0001W3,894,2021-04-09 06:54:49,INACTIVE,True,True,0,True,True,True,True,0.0,0.0,0.0,0.0
0002P8,595,2022-07-19 13:51:25,ACTIVE,2023-03-26,2023-03-26,0,500.0000000000,0E-10,0E-10,0E-10,0.0,0.0,9.0,10.35
00008W,693,2023-09-29 12:35:36,INACTIVE,True,True,0,True,True,True,True,0.0,0.0,0.0,0.0
000680,1691,2019-02-09 00:13:07,INACTIVE,True,True,0,True,True,True,True,0.0,0.0,0.0,0.0
0003NU,1749,2020-10-04 15:08:48,INACTIVE,True,True,0,True,True,True,True,0.0,0.0,0.0,0.0
0001RV,1487,2022-09-12 00:00:00,ACTIVE,2022-09-12,2022-09-12,0,100.0000000000,0E-10,0E-10,0E-10,0.0,0.0,2.58,2.89
00019P,1768,2022-10-19 13:43:45,INACTIVE,True,True,0,True,True,True,True,0.0,0.0,0.0,0.0
0006NI,1565,2016-12-20 09:27:45,INACTIVE,2016-12-21,2019-12-09,447592,True,True,True,True,68762.68,284906.81,0.0,80773.19
0001PR,142,2025-07-14 22:02:42,INACTIVE,True,True,0,True,True,True,True,0.0,0.0,0.0,0.0
000676,212,2025-08-01 17:02:11,INACTIVE,True,True,0,True,True,True,True,0.0,0.0,0.0,0.0
00046I,1478,2020-10-18 19:38:20,INACTIVE,True,True,0,True,True,True,True,0.0,0.0,0.0,0.0
00013X,1893,2021-04-16 14:43:32,INACTIVE,2021-09-25,2021-09-25,872762,True,True,True,True,-163504.78,200367.09,0.0,-197649.97
0002S4,187,2025-07-26 15:15:23,INACTIVE,True,True,0,True,True,True,True,0.0,0.0,0.0,0.0
000431,1309,2023-05-25 16:58:48,INACTIVE,True,True,0,True,True,True,True,0.0,0.0,0.0,0.0
0003U8,485,2023-07-20 08:05:43,INACTIVE,True,True,0,True,True,True,True,0.0,0.0,0.0,0.0
0001O9,1700,2022-11-23 07:06:22,INACTIVE,True,True,0,True,True,True,True,0.0,0.0,0.0,0.0
0004SX,3346,2016-02-03 17:14:43,INACTIVE,2019-10-14,2019-10-14,2337087,True,True,True,True,71294.91,902264.17,0.0,75075.52
0005FZ,237,2024-10-19 12:21:01,INACTIVE,True,True,0,True,True,True,True,0.0,0.0,0.0,0.0
0000AN,366,2025-01-14 19:17:58,INACTIVE,True,True,0,True,True,True,True,0.0,0.0,0.0,0.0
0007CF,746,2023-10-10 08:25:34,INACTIVE,True,True,0,True,True,True,True,0.0,0.0,0.0,0.0
0002UO,762,2023-04-11 07:26:06,INACTIVE,True,True,0,True,True,True,True,0.0,0.0,0.0,0.0
0001UB,1872,2019-11-16 23:44:40,ACTIVE,2022-07-28,2022-07-28,0,200.0000000000,0E-10,200.0000000000,0E-10,0.0,0.0,16.96,22.13
0002PY,932,2022-04-05 08:31:56,INACTIVE,True,True,0,True,True,True,True,0.0,0.0,0.0,0.0
0006W9,133,2025-07-25 09:55:44,INACTIVE,True,True,0,True,True,True,True,0.0,0.0,0.0,0.0
0004WZ,292,2024-06-20 10:06:55,INACTIVE,True,True,0,True,True,True,True,0.0,0.0,0.0,0.0
0005UX,1720,2021-09-06 08:51:25,INACTIVE,True,True,0,True,True,True,True,0.0,0.0,0.0,0.0
0005E2,1705,2022-08-11 09:55:32,INACTIVE,True,True,0,True,True,True,True,0.0,0.0,0.0,0.0
00042O,747,2024-03-20 17:26:23,INACTIVE,True,True,0,True,True,True,True,0.0,0.0,0.0,0.0
0001KF,1718,2021-12-15 10:48:05,INACTIVE,True,True,0,True,True,True,True,0.0,0.0,0.0,0.0
0002Y6,1,2026-01-13 09:02:21,INACTIVE,True,True,0,True,True,True,True,0.0,0.0,0.0,0.0
0007CN,2346,2020-10-02 13:44:05,INACTIVE,True,True,0,True,True,True,True,0.0,0.0,0.0,0.0
00047C,1142,2022-07-26 21:11:35,ACTIVE,2022-08-08,2022-08-08,0,200.0000000000,0E-10,0E-10,0E-10,0.0,0.0,3.04,2.46
000669,61,2025-11-12 23:59:53,ACTIVE,2025-11-13,2025-11-13,0,1000.0000000000,0E-10,0E-10,0E-10,0.0,0.0,27.8,14.42
000567,1485,2022-04-17 19:59:47,INACTIVE,True,True,0,True,True,True,True,0.0,0.0,0.0,0.0
0002JQ,2849,2020-10-02 13:04:45,INACTIVE,True,True,0,True,True,True,True,0.0,0.0,0.0,0.0
0003CG,2393,2020-10-16 10:33:29,INACTIVE,True,True,0,True,True,True,True,0.0,0.0,0.0,0.0
00021W,265,2025-03-26 22:51:18,ACTIVE,2025-04-27,2025-06-05,49431,92100.0000000000,90926.7600000000,1000.0000000000,0E-10,-40907.43,-3425.81,1892.87,-25491.25
0005SW,1002,2023-02-05 16:11:12,INACTIVE,True,True,0,True,True,True,True,0.0,0.0,0.0,0.0
0003T5,404,2023-12-22 12:46:25,INACTIVE,True,True,0,True,True,True,True,0.0,0.0,0.0,0.0
0000VP,434,2024-11-23 22:52:36,INACTIVE,True,True,0,True,True,True,True,0.0,0.0,0.0,0.0
00009R,2713,2019-08-23 00:00:00,INACTIVE,2019-08-23,2019-08-23,645520,True,True,True,True,-46028.47,518897.51,0.0,-57821.21
0001CK,665,2024-07-12 18:35:26,INACTIVE,True,True,0,True,True,True,True,0.0,0.0,0.0,0.0
0004GY,259,2025-05-26 06:53:31,INACTIVE,True,True,0,True,True,True,True,0.0,0.0,0.0,0.0
0002W8,2152,2018-09-05 17:03:38,INACTIVE,True,True,0,True,True,True,True,0.0,0.0,0.0,0.0
00006A,1940,2018-09-04 00:00:00,INACTIVE,2018-09-04,2018-09-04,10920,True,True,True,True,-409.42,1588.78,0.0,-261.25
0006PU,211,2025-01-22 08:02:13,INACTIVE,True,True,0,True,True,True,True,0.0,0.0,0.0,0.0
0006YT,2587,2020-02-25 07:08:52,INACTIVE,True,True,0,True,True,True,True,0.0,0.0,0.0,0.0
0005TZ,2199,2020-02-22 09:47:43,EXITED,2021-12-12,2021-12-12,28636,True,True,True,True,-17087.3,-16579.13,0.0,-26914.9
0003KN,1346,2022-06-12 07:03:27,INACTIVE,True,True,0,True,True,True,True,0.0,0.0,0.0,0.0
000296,187,2025-08-09 06:52:19,INACTIVE,True,True,0,True,True,True,True,0.0,0.0,0.0,0.0
00070T,2222,2020-12-09 12:14:28,INACTIVE,True,True,0,True,True,True,True,0.0,0.0,0.0,0.0
0004JU,415,2024-04-28 14:11:24,INACTIVE,True,True,0,True,True,True,True,0.0,0.0,0.0,0.0
00036B,19,2025-12-19 11:22:21,INACTIVE,True,True,0,True,True,True,True,0.0,0.0,0.0,0.0
00007J,1669,2019-08-03 10:33:02,INACTIVE,True,True,0,True,True,True,True,0.0,0.0,0.0,0.0
0002R6,34,2019-11-07 15:15:14,ACTIVE,2025-08-14,2025-12-22,20418,17000.0000000000,16983.5000000000,0E-10,0E-10,1168.61,3207.15,85.46,1851.59
0001S5,824,2021-08-31 10:54:14,INACTIVE,True,True,0,True,True,True,True,0.0,0.0,0.0,0.0
0007M8,883,2023-09-20 07:54:00,INACTIVE,True,True,0,True,True,True,True,0.0,0.0,0.0,0.0
00065L,1394,2021-09-09 02:38:36,INACTIVE,True,True,0,True,True,True,True,0.0,0.0,0.0,0.0
0001XG,1065,2019-08-22 03:50:50,ACTIVE,2023-02-27,2023-07-11,28012,43300.0000000000,43250.0000000000,0E-10,0E-10,-40335.16,-27260.36,287.19,-28441.58
00032L,557,2023-12-04 22:04:55,INACTIVE,True,True,0,True,True,True,True,0.0,0.0,0.0,0.0
0006I4,1981,2022-04-30 08:09:46,INACTIVE,True,True,0,True,True,True,True,0.0,0.0,0.0,0.0
0000YO,2545,2017-08-28 20:17:41,INACTIVE,True,True,0,True,True,True,True,0.0,0.0,0.0,0.0
0005S9,227,2025-08-09 17:53:49,INACTIVE,True,True,0,True,True,True,True,0.0,0.0,0.0,0.0
0005T2,901,2023-02-22 20:41:46,INACTIVE,2023-10-11,2023-10-11,6500,True,True,True,True,-5920.09,-9128.17,0.0,-6969.25
00069B,873,2018-05-18 09:11:41,EXITED,2018-05-23,2023-06-05,202776,True,True,True,True,-127462.89,-31882.84,0.0,-55712.69
00079E,111,2025-10-17 07:41:26,INACTIVE,True,True,0,True,True,True,True,0.0,0.0,0.0,0.0
0001GZ,811,2023-10-10 00:00:00,ACTIVE,2023-10-10,2023-12-07,18368,16441.0000000000,16431.0600000000,0E-10,0E-10,-5497.02,-11666.5,127.39,-5876.3
00018Z,1190,2020-12-08 12:03:36,INACTIVE,True,True,0,True,True,True,True,0.0,0.0,0.0,0.0
00015S,3323,2018-06-27 19:44:14,INACTIVE,True,True,0,True,True,True,True,0.0,0.0,0.0,0.0
0006ZJ,66,2025-11-15 12:04:41,INACTIVE,True,True,0,True,True,True,True,0.0,0.0,0.0,0.0
000464,2657,2019-03-13 15:30:56,INACTIVE,2019-03-20,2019-03-20,2251170,True,True,True,True,-487495.71,1069905.08,0.0,-316379.29
0004OT,1537,2022-08-23 14:34:53,INACTIVE,True,True,0,True,True,True,True,0.0,0.0,0.0,0.0
0004LZ,2498,2020-02-10 11:51:25,INACTIVE,True,True,0,True,True,True,True,0.0,0.0,0.0,0.0
0000GT,2275,2018-11-07 00:00:00,EXITED,2018-11-07,2018-11-07,56135,True,True,True,True,-679.69,6573.6,0.0,-1311.12
0004CC,93,2025-09-23 05:45:20,INACTIVE,True,True,0,True,True,True,True,0.0,0.0,0.0,0.0
0001T3,319,2024-11-16 15:44:22,INACTIVE,True,True,0,True,True,True,True,0.0,0.0,0.0,0.0
0003GD,91,2021-12-06 16:49:49,ACTIVE,2024-10-23,2025-10-22,0,195700.0000000000,191306.9200000000,4450.0000000000,0E-10,0.0,0.0,414.59,231.75
00010U,1259,2021-09-24 22:14:00,INACTIVE,True,True,0,True,True,True,True,0.0,0.0,0.0,0.0
00079A,38,2025-11-14 05:32:56,INACTIVE,True,True,0,True,True,True,True,0.0,0.0,0.0,0.0
00012D,2444,2020-10-28 06:45:57,INACTIVE,True,True,0,True,True,True,True,0.0,0.0,0.0,0.0
0001ZV,380,2024-07-28 14:33:42,INACTIVE,True,True,0,True,True,True,True,0.0,0.0,0.0,0.0
0001QF,668,2022-04-18 08:38:37,INACTIVE,2023-04-16,2023-04-16,20697,True,True,True,True,-18223.22,-10583.29,0.0,-20148.57
0002AF,1349,2019-12-31 19:26:46,ACTIVE,2022-10-07,2023-04-21,0,268050.5700000000,271450.0000000000,10050.0000000000,5800.1500000000,0.0,0.0,615.12,1160.97
000589,3016,2019-03-04 08:07:15,INACTIVE,True,True,0,True,True,True,True,0.0,0.0,0.0,0.0
00048W,2881,2019-10-24 09:19:41,INACTIVE,True,True,0,True,True,True,True,0.0,0.0,0.0,0.0
0005PV,1612,2020-11-06 15:48:02,INACTIVE,True,True,0,True,True,True,True,0.0,0.0,0.0,0.0
0002ZU,809,2022-09-09 00:00:00,ACTIVE,2022-09-09,2024-01-22,73333,50413.0000000000,50202.1300000000,0E-10,0E-10,-55467.96,-20756.77,83.21,-75145.32
00040A,1704,2022-10-13 07:35:04,INACTIVE,True,True,0,True,True,True,True,0.0,0.0,0.0,0.0
0003OL,1182,2021-11-27 11:44:29,INACTIVE,True,True,0,True,True,True,True,0.0,0.0,0.0,0.0
0002SX,162,2025-04-06 14:11:26,INACTIVE,True,True,0,True,True,True,True,0.0,0.0,0.0,0.0
0000CI,1553,2019-01-07 11:12:22,INACTIVE,2019-01-09,2019-09-14,545272,True,True,True,True,269431.59,474180.03,0.0,391129.05
0003YA,3241,2019-09-10 17:58:03,INACTIVE,True,True,0,True,True,True,True,0.0,0.0,0.0,0.0
00003I,1872,2019-06-26 19:31:09,INACTIVE,True,True,0,True,True,True,True,0.0,0.0,0.0,0.0
0001TZ,2281,2019-09-28 10:44:18,INACTIVE,True,True,0,True,True,True,True,0.0,0.0,0.0,0.0
0002HC,1232,2022-10-12 15:23:22,INACTIVE,True,True,0,True,True,True,True,0.0,0.0,0.0,0.0
0004IV,879,2024-05-23 11:20:06,INACTIVE,True,True,0,True,True,True,True,0.0,0.0,0.0,0.0
0002TD,2581,2017-03-23 00:00:00,INACTIVE,2017-03-23,2017-03-23,34137,True,True,True,True,-8817.63,1514.52,0.0,-5629.26
0000UR,2236,2020-01-18 21:40:21,INACTIVE,True,True,0,True,True,True,True,0.0,0.0,0.0,0.0
0005VZ,601,2024-11-29 17:03:12,INACTIVE,True,True,0,True,True,True,True,0.0,0.0,0.0,0.0
0003TF,971,2022-04-01 09:51:14,INACTIVE,True,True,0,True,True,True,True,0.0,0.0,0.0,0.0
0005NV,243,2025-06-08 17:32:15,INACTIVE,True,True,0,True,True,True,True,0.0,0.0,0.0,0.0
0006VO,816,2022-01-29 11:59:38,INACTIVE,True,True,0,True,True,True,True,0.0,0.0,0.0,0.0
0004U4,253,2025-02-18 00:52:09,INACTIVE,True,True,0,True,True,True,True,0.0,0.0,0.0,0.0
0007ED,48,2025-10-05 00:00:00,ACTIVE,2025-10-05,2025-10-22,16422,18964.5000000000,18890.7600000000,0E-10,0E-10,-12107.08,-8987.78,440.46,-14565.75
0000S9,478,2024-06-18 08:12:48,INACTIVE,True,True,0,True,True,True,True,0.0,0.0,0.0,0.0
0002G4,461,2023-09-26 19:11:36,ACTIVE,2024-02-29,2024-04-02,0,52000.0000000000,52000.0000000000,0E-10,0E-10,0.0,0.0,753.37,1012.68
0006PY,174,2025-09-03 11:05:07,INACTIVE,True,True,0,True,True,True,True,0.0,0.0,0.0,0.0
0005FO,453,2024-10-02 08:39:20,INACTIVE,True,True,0,True,True,True,True,0.0,0.0,0.0,0.0
00020B,2396,2018-10-15 21:03:03,INACTIVE,2018-10-17,2018-10-17,30975,True,True,True,True,-5903.7,1400.16,0.0,-5781.13
0006G0,128,2025-09-30 13:04:40,INACTIVE,True,True,0,True,True,True,True,0.0,0.0,0.0,0.0
0005LA,3224,2019-12-10 13:04:08,INACTIVE,True,True,0,True,True,True,True,0.0,0.0,0.0,0.0
0005IE,906,2019-01-28 19:37:04,ACTIVE,2022-01-19,2022-12-12,1265428,500200.0000000000,506261.2700000000,0E-10,0E-10,-215223.16,144517.73,826.36,-122670.85
0001FX,938,2021-07-05 13:51:14,INACTIVE,True,True,0,True,True,True,True,0.0,0.0,0.0,0.0
0002WZ,1364,2019-12-01 18:34:52,INACTIVE,True,True,0,True,True,True,True,0.0,0.0,0.0,0.0
0001NH,1971,2022-01-24 15:20:33,INACTIVE,True,True,0,True,True,True,True,0.0,0.0,0.0,0.0
00051B,3542,2018-11-01 15:37:07,INACTIVE,True,True,0,True,True,True,True,0.0,0.0,0.0,0.0
0001S7,1512,2021-10-18 22:18:39,INACTIVE,True,True,0,True,True,True,True,0.0,0.0,0.0,0.0
000619,326,2024-08-29 11:00:02,INACTIVE,True,True,0,True,True,True,True,0.0,0.0,0.0,0.0
0006WF,760,2024-01-06 17:20:49,INACTIVE,True,True,0,True,True,True,True,0.0,0.0,0.0,0.0
0006FQ,3114,2018-09-29 17:03:25,INACTIVE,True,True,0,True,True,True,True,0.0,0.0,0.0,0.0
0002RV,1175,2022-03-05 10:38:54,INACTIVE,True,True,0,True,True,True,True,0.0,0.0,0.0,0.0
0000PN,965,2021-07-03 06:27:47,INACTIVE,True,True,0,True,True,True,True,0.0,0.0,0.0,0.0
0006RS,2024,2019-04-20 10:16:00,INACTIVE,True,True,0,True,True,True,True,0.0,0.0,0.0,0.0
0001OF,1941,2021-07-30 22:12:52,INACTIVE,True,True,0,True,True,True,True,0.0,0.0,0.0,0.0
0003GS,4024,2018-08-03 14:07:35,INACTIVE,True,True,0,True,True,True,True,0.0,0.0,0.0,0.0
0006YG,653,2023-06-14 23:14:28,INACTIVE,True,True,0,True,True,True,True,0.0,0.0,0.0,0.0
00063G,383,2025-04-19 08:55:47,INACTIVE,True,True,0,True,True,True,True,0.0,0.0,0.0,0.0
00021P,1596,2021-06-22 15:28:19,INACTIVE,True,True,0,True,True,True,True,0.0,0.0,0.0,0.0
0002H9,2681,2019-09-24 14:10:49,INACTIVE,True,True,0,True,True,True,True,0.0,0.0,0.0,0.0
0004Z9,796,2024-06-10 08:44:30,INACTIVE,True,True,0,True,True,True,True,0.0,0.0,0.0,0.0
0000ML,2155,2020-06-17 20:42:19,INACTIVE,True,True,0,True,True,True,True,0.0,0.0,0.0,0.0
0004EI,923,2021-07-16 21:11:49,INACTIVE,True,True,0,True,True,True,True,0.0,0.0,0.0,0.0
00048Y,51,2025-11-10 22:54:26,INACTIVE,True,True,0,True,True,True,True,0.0,0.0,0.0,0.0
0002SA,649,2024-09-04 19:58:47,INACTIVE,True,True,0,True,True,True,True,0.0,0.0,0.0,0.0
0007FT,2088,2020-08-11 11:36:33,INACTIVE,True,True,0,True,True,True,True,0.0,0.0,0.0,0.0
0007L1,1761,2020-03-23 09:10:18,INACTIVE,True,True,0,True,True,True,True,0.0,0.0,0.0,0.0
00044J,590,2024-06-22 00:00:00,ACTIVE,2024-06-22,2024-07-19,11344,21604.0000000000,21536.5000000000,0E-10,0E-10,-1066.67,1223.09,486.41,-394.2
0007E3,586,2023-12-14 00:31:46,INACTIVE,True,True,0,True,True,True,True,0.0,0.0,0.0,0.0
0001NX,116,2024-02-25 00:00:00,ACTIVE,2024-02-25,2025-08-12,38443,70715.9900000000,70665.5500000000,0E-10,0E-10,-18383.53,11558.96,62.78,-14590.4
0003QX,1153,2023-06-19 00:00:00,ACTIVE,2023-06-19,2023-08-31,6493,5050.0000000000,5050.0000000000,0E-10,0E-10,-8966.14,-7655.64,54.45,-9910.34
00030W,507,2024-07-01 17:57:32,INACTIVE,True,True,0,True,True,True,True,0.0,0.0,0.0,0.0
0001A7,619,2023-11-07 06:54:48,INACTIVE,True,True,0,True,True,True,True,0.0,0.0,0.0,0.0
0000PF,154,2025-07-30 12:37:32,INACTIVE,True,True,0,True,True,True,True,0.0,0.0,0.0,0.0
0002G0,1419,2023-04-22 08:35:53,INACTIVE,True,True,0,True,True,True,True,0.0,0.0,0.0,0.0
0003H7,679,2019-05-16 06:00:09,EXITED,2023-04-24,2023-04-24,11111,True,True,True,True,-17714.95,-18188.96,0.0,-12229.48
00007Q,2374,2016-01-28 14:56:05,INACTIVE,2016-01-29,2016-07-22,2320542,True,True,True,True,-486612.84,-23032.89,0.0,-394842.53
0002F0,1384,2021-08-08 13:26:29,INACTIVE,True,True,0,True,True,True,True,0.0,0.0,0.0,0.0
0004FA,843,2021-12-02 11:52:37,INACTIVE,True,True,0,True,True,True,True,0.0,0.0,0.0,0.0
0005C0,50,2025-10-20 11:29:17,INACTIVE,True,True,0,True,True,True,True,0.0,0.0,0.0,0.0
0002YP,48,2025-10-13 23:36:47,INACTIVE,True,True,0,True,True,True,True,0.0,0.0,0.0,0.0
0000X9,67,2025-10-04 12:47:04,INACTIVE,True,True,0,True,True,True,True,0.0,0.0,0.0,0.0
0003MF,1506,2022-06-04 23:12:08,INACTIVE,True,True,0,True,True,True,True,0.0,0.0,0.0,0.0
0002DV,671,2023-05-27 00:00:00,EXITED,2023-05-27,2023-05-27,27841,True,True,True,True,-26544.08,-29578.85,0.0,-34591.35
0001LP,1710,2020-09-15 10:59:09,INACTIVE,True,True,0,True,True,True,True,0.0,0.0,0.0,0.0
0000Z3,442,2025-01-13 09:55:12,INACTIVE,True,True,0,True,True,True,True,0.0,0.0,0.0,0.0
0004YC,604,2022-12-06 15:13:41,INACTIVE,True,True,0,True,True,True,True,0.0,0.0,0.0,0.0
00038M,3156,2013-11-07 00:00:00,EXITED,2013-11-08,2013-11-08,227794,True,True,True,True,0.0,0.0,0.0,0.0
0002F7,2896,2020-09-27 06:46:30,INACTIVE,True,True,0,True,True,True,True,0.0,0.0,0.0,0.0
0002FS,817,2024-01-01 16:29:25,INACTIVE,True,True,0,True,True,True,True,0.0,0.0,0.0,0.0
0004Q1,1472,2022-07-26 15:43:17,INACTIVE,True,True,0,True,True,True,True,0.0,0.0,0.0,0.0
0002CG,627,2024-05-08 15:19:39,INACTIVE,True,True,0,True,True,True,True,0.0,0.0,0.0,0.0
0005WM,277,2025-07-10 08:27:24,INACTIVE,True,True,0,True,True,True,True,0.0,0.0,0.0,0.0
0004GO,1648,2019-01-14 21:56:44,INACTIVE,True,True,0,True,True,True,True,0.0,0.0,0.0,0.0
0003N9,549,2023-05-24 11:39:58,INACTIVE,True,True,0,True,True,True,True,0.0,0.0,0.0,0.0
00036A,2677,2020-06-21 18:53:16,INACTIVE,True,True,0,True,True,True,True,0.0,0.0,0.0,0.0
0003PR,131,2025-05-01 16:34:58,INACTIVE,True,True,0,True,True,True,True,0.0,0.0,0.0,0.0
000048,144,2025-09-01 11:05:26,INACTIVE,True,True,0,True,True,True,True,0.0,0.0,0.0,0.0
00073C,665,2022-05-29 19:53:42,INACTIVE,True,True,0,True,True,True,True,0.0,0.0,0.0,0.0
00054M,1469,2021-04-19 15:22:04,INACTIVE,True,True,0,True,True,True,True,0.0,0.0,0.0,0.0
0006B5,2601,2019-11-08 14:14:30,INACTIVE,True,True,0,True,True,True,True,0.0,0.0,0.0,0.0
00063W,158,2025-04-23 17:12:13,ACTIVE,2025-08-17,2025-08-17,5492,5000.0000000000,4984.5000000000,0E-10,0E-10,-16241.61,-8858.78,147.92,-14001.34
00067E,364,2025-02-06 10:44:22,INACTIVE,True,True,0,True,True,True,True,0.0,0.0,0.0,0.0
0003KH,1233,2020-11-26 21:11:15,INACTIVE,True,True,0,True,True,True,True,0.0,0.0,0.0,0.0
0004SE,800,2023-04-15 05:18:48,INACTIVE,True,True,0,True,True,True,True,0.0,0.0,0.0,0.0
000259,319,2021-04-16 03:27:34,ACTIVE,2025-03-23,2025-04-26,10874,18000.0000000000,15464.0000000000,2500.0000000000,0E-10,-8378.59,-6912.31,668.19,-9338.95
00075N,1177,2019-11-18 09:18:22,INACTIVE,True,True,0,True,True,True,True,0.0,0.0,0.0,0.0
0007AD,2493,2019-10-23 16:24:36,INACTIVE,True,True,0,True,True,True,True,0.0,0.0,0.0,0.0
0005L1,612,2024-05-23 09:43:30,INACTIVE,True,True,0,True,True,True,True,0.0,0.0,0.0,0.0
0003O1,249,2022-12-27 21:37:40,ACTIVE,2025-03-26,2025-03-26,0,100.0000000000,100.0000000000,0E-10,0E-10,0.0,0.0,2.47,1.82
0000HL,63,2021-01-02 16:09:42,ACTIVE,2025-02-21,2025-10-31,441246,1003999.0000000000,1020883.2200000000,2550.0000000000,200.0000000000,-537524.91,-164471.78,3690.45,-444495.91
00035E,1151,2023-08-13 17:36:40,INACTIVE,True,True,0,True,True,True,True,0.0,0.0,0.0,0.0
0003MJ,2183,2019-04-07 19:04:20,INACTIVE,True,True,0,True,True,True,True,0.0,0.0,0.0,0.0
00025S,586,2023-04-11 14:17:57,INACTIVE,True,True,0,True,True,True,True,0.0,0.0,0.0,0.0
0005TE,3668,2019-03-04 17:56:20,INACTIVE,True,True,0,True,True,True,True,0.0,0.0,0.0,0.0
00058N,1228,2020-09-15 10:31:05,INACTIVE,True,True,0,True,True,True,True,0.0,0.0,0.0,0.0
00054E,900,2024-02-21 12:39:08,INACTIVE,True,True,0,True,True,True,True,0.0,0.0,0.0,0.0
0004WA,498,2023-05-22 19:27:05,INACTIVE,True,True,0,True,True,True,True,0.0,0.0,0.0,0.0
0004QE,1432,2021-07-03 23:17:18,INACTIVE,True,True,0,True,True,True,True,0.0,0.0,0.0,0.0
0004D0,3,2026-01-12 13:17:39,INACTIVE,True,True,0,True,True,True,True,0.0,0.0,0.0,0.0
0001X0,97,2025-07-15 13:39:00,INACTIVE,True,True,0,True,True,True,True,0.0,0.0,0.0,0.0
000330,2034,2021-07-12 08:28:16,INACTIVE,True,True,0,True,True,True,True,0.0,0.0,0.0,0.0
0005S5,1937,2019-01-25 18:20:25,INACTIVE,True,True,0,True,True,True,True,0.0,0.0,0.0,0.0
0004DY,1030,2023-05-02 22:05:50,INACTIVE,True,True,0,True,True,True,True,0.0,0.0,0.0,0.0
0003K4,570,2024-10-31 09:34:19,INACTIVE,True,True,0,True,True,True,True,0.0,0.0,0.0,0.0
0005WL,502,2024-10-12 22:03:38,INACTIVE,True,True,0,True,True,True,True,0.0,0.0,0.0,0.0
0005M3,24,2025-12-21 03:47:59,INACTIVE,True,True,0,True,True,True,True,0.0,0.0,0.0,0.0
0005UR,1698,2020-06-24 09:55:49,INACTIVE,True,True,0,True,True,True,True,0.0,0.0,0.0,0.0
0007O6,1481,2018-06-04 00:00:00,EXITED,2018-06-04,2018-08-08,61827,True,True,True,True,-31990.39,-32442.03,0.0,-19163.11
0000ZI,321,2024-08-03 10:14:21,ACTIVE,2025-01-17,2025-06-02,0,28000.0000000000,27748.3800000000,0E-10,0E-10,0.0,0.0,169.98,170.61
00046P,2457,2019-11-18 10:41:37,INACTIVE,True,True,0,True,True,True,True,0.0,0.0,0.0,0.0
0005DE,751,2024-03-22 12:02:39,INACTIVE,True,True,0,True,True,True,True,0.0,0.0,0.0,0.0
000715,1556,2021-07-06 07:31:35,INACTIVE,True,True,0,True,True,True,True,0.0,0.0,0.0,0.0
0001CT,2031,2019-09-02 12:46:14,INACTIVE,True,True,0,True,True,True,True,0.0,0.0,0.0,0.0
0005N8,232,2024-11-17 12:27:37,INACTIVE,True,True,0,True,True,True,True,0.0,0.0,0.0,0.0
00017L,1919,2018-03-10 10:28:27,INACTIVE,True,True,0,True,True,True,True,0.0,0.0,0.0,0.0
00061K,2160,2019-08-26 14:05:23,INACTIVE,True,True,0,True,True,True,True,0.0,0.0,0.0,0.0
000766,70,2021-06-05 12:15:46,ACTIVE,2024-03-05,2025-10-13,29849,68010.0000000000,67777.0900000000,0E-10,0E-10,-24075.43,-12897.15,40.52,-30692.74
0003GG,250,2024-10-13 20:25:44,INACTIVE,True,True,0,True,True,True,True,0.0,0.0,0.0,0.0
0002WC,2090,2020-07-27 11:58:53,INACTIVE,True,True,0,True,True,True,True,0.0,0.0,0.0,0.0
0007FX,968,2023-04-17 07:00:39,INACTIVE,True,True,0,True,True,True,True,0.0,0.0,0.0,0.0
0000ZJ,413,2024-10-24 23:38:34,INACTIVE,True,True,0,True,True,True,True,0.0,0.0,0.0,0.0
00071Q,405,2023-03-19 12:44:37,ACTIVE,2025-03-06,2025-03-06,211489,320000.0000000000,320000.0000000000,0E-10,0E-10,-323327.44,-312986.49,8193.05,-268746.11
0004I6,2229,2020-06-28 20:25:19,INACTIVE,True,True,0,True,True,True,True,0.0,0.0,0.0,0.0
0003KO,1237,2018-11-01 11:11:52,INACTIVE,2018-11-12,2019-04-15,910820,True,True,True,True,129508.35,769972.18,0.0,222315.15
0006LB,707,2019-06-09 06:39:53,ACTIVE,2024-07-01,2024-07-04,0,6500.0000000000,6100.0000000000,350.0000000000,0E-10,0.0,0.0,174.09,169.37
0001T1,497,2024-08-27 14:56:56,INACTIVE,True,True,0,True,True,True,True,0.0,0.0,0.0,0.0
000398,1153,2022-12-08 16:15:44,INACTIVE,True,True,0,True,True,True,True,0.0,0.0,0.0,0.0
0004PR,1153,2023-10-08 10:13:31,INACTIVE,True,True,0,True,True,True,True,0.0,0.0,0.0,0.0
00002P,111,2020-01-01 18:30:31,ACTIVE,2025-07-15,2025-07-16,21025,19100.0000000000,19023.2100000000,0E-10,0E-10,-9384.63,6856.47,525.54,-11311.5
0004LH,65,2025-11-17 16:50:11,INACTIVE,True,True,0,True,True,True,True,0.0,0.0,0.0,0.0
0005MA,411,2024-08-07 03:40:57,INACTIVE,True,True,0,True,True,True,True,0.0,0.0,0.0,0.0
00043G,34,2025-11-12 23:32:26,INACTIVE,True,True,0,True,True,True,True,0.0,0.0,0.0,0.0
0002NT,1813,2020-09-29 07:04:26,INACTIVE,True,True,0,True,True,True,True,0.0,0.0,0.0,0.0
0006DI,942,2022-10-01 22:35:31,INACTIVE,True,True,0,True,True,True,True,0.0,0.0,0.0,0.0
0005N3,552,2023-01-11 14:28:47,INACTIVE,True,True,0,True,True,True,True,0.0,0.0,0.0,0.0
0001JR,301,2025-03-18 23:36:34,INACTIVE,True,True,0,True,True,True,True,0.0,0.0,0.0,0.0
0000XO,44,2025-11-22 12:59:04,INACTIVE,True,True,0,True,True,True,True,0.0,0.0,0.0,0.0
0007JV,1283,2022-04-13 07:47:40,INACTIVE,True,True,0,True,True,True,True,0.0,0.0,0.0,0.0
0003LG,253,2024-09-08 20:03:40,INACTIVE,True,True,0,True,True,True,True,0.0,0.0,0.0,0.0
0006YO,2037,2019-11-09 00:51:00,INACTIVE,True,True,0,True,True,True,True,0.0,0.0,0.0,0.0
0005YA,2302,2019-07-19 00:00:00,INACTIVE,2019-07-19,2019-07-19,196415,True,True,True,True,-2019.16,36766.14,0.0,-1458.07
00046Z,355,2025-01-12 17:28:39,ACTIVE,2025-01-13,2025-01-13,0,15000.0000000000,14950.0000000000,0E-10,0E-10,0.0,0.0,304.69,467.91
0003HX,2837,2019-08-29 05:39:22,INACTIVE,True,True,0,True,True,True,True,0.0,0.0,0.0,0.0
0006UU,298,2025-06-29 09:40:11,INACTIVE,True,True,0,True,True,True,True,0.0,0.0,0.0,0.0
0002DS,87,2025-08-04 16:30:49,INACTIVE,True,True,0,True,True,True,True,0.0,0.0,0.0,0.0
000395,1981,2019-12-27 06:21:14,INACTIVE,True,True,0,True,True,True,True,0.0,0.0,0.0,0.0
0005TQ,168,2025-09-13 06:59:29,INACTIVE,True,True,0,True,True,True,True,0.0,0.0,0.0,0.0
0000EM,741,2024-03-28 09:29:57,INACTIVE,True,True,0,True,True,True,True,0.0,0.0,0.0,0.0
00057I,162,2025-09-28 13:38:15,INACTIVE,True,True,0,True,True,True,True,0.0,0.0,0.0,0.0
0002EN,4064,2016-11-14 11:12:28,INACTIVE,True,True,0,True,True,True,True,0.0,0.0,0.0,0.0
000041,198,2025-08-06 18:43:41,INACTIVE,True,True,0,True,True,True,True,0.0,0.0,0.0,0.0
0007IP,1505,2018-11-21 09:03:49,INACTIVE,True,True,0,True,True,True,True,0.0,0.0,0.0,0.0
0000C5,535,2024-02-25 00:00:00,ACTIVE,2024-02-25,2024-02-25,6158,5000.0000000000,4950.0000000000,0E-10,0E-10,-9377.14,-7030.6,117.46,-7971.37
0003F1,62,2025-11-19 19:34:57,INACTIVE,True,True,0,True,True,True,True,0.0,0.0,0.0,0.0
0006QP,284,2025-04-12 06:03:40,INACTIVE,True,True,0,True,True,True,True,0.0,0.0,0.0,0.0
00067M,674,2024-07-30 23:26:18,INACTIVE,True,True,0,True,True,True,True,0.0,0.0,0.0,0.0
0006RI,954,2024-04-16 16:51:48,INACTIVE,True,True,0,True,True,True,True,0.0,0.0,0.0,0.0
000373,1366,2020-10-01 09:07:12,INACTIVE,True,True,0,True,True,True,True,0.0,0.0,0.0,0.0
0000DT,1881,2020-06-29 20:30:29,INACTIVE,True,True,0,True,True,True,True,0.0,0.0,0.0,0.0
0003C5,1286,2023-03-20 00:00:00,ACTIVE,2023-03-20,2023-06-19,250203,292022.3300000000,293238.7100000000,0E-10,0E-10,79535.29,101574.31,2469.21,40267.58
0000VL,1582,2022-10-21 16:00:55,INACTIVE,True,True,0,True,True,True,True,0.0,0.0,0.0,0.0
00007K,2101,2021-09-03 15:47:32,INACTIVE,True,True,0,True,True,True,True,0.0,0.0,0.0,0.0
000311,549,2024-09-12 14:27:25,INACTIVE,True,True,0,True,True,True,True,0.0,0.0,0.0,0.0
0006YK,1311,2023-08-21 06:13:01,INACTIVE,True,True,0,True,True,True,True,0.0,0.0,0.0,0.0
000528,752,2023-08-23 09:33:34,INACTIVE,True,True,0,True,True,True,True,0.0,0.0,0.0,0.0
0006ZN,28,2025-12-01 06:10:51,INACTIVE,True,True,0,True,True,True,True,0.0,0.0,0.0,0.0
0000VG,297,2017-11-23 14:56:35,ACTIVE,2024-07-23,2024-10-03,73308,104440.0000000000,103768.6800000000,600.0000000000,0E-10,-23953.56,-17213.25,1271.15,-17245.82
000037,1402,2021-12-09 17:49:55,INACTIVE,True,True,0,True,True,True,True,0.0,0.0,0.0,0.0
00069W,3043,2019-08-28 16:54:09,INACTIVE,True,True,0,True,True,True,True,0.0,0.0,0.0,0.0
00026G,94,2025-10-08 08:55:56,INACTIVE,True,True,0,True,True,True,True,0.0,0.0,0.0,0.0
0001J3,2047,2020-12-30 12:08:18,INACTIVE,True,True,0,True,True,True,True,0.0,0.0,0.0,0.0
00051W,1003,2022-11-03 18:11:37,INACTIVE,True,True,0,True,True,True,True,0.0,0.0,0.0,0.0
00071Y,290,2025-05-21 21:06:44,INACTIVE,True,True,0,True,True,True,True,0.0,0.0,0.0,0.0
0002DP,2972,2013-07-31 00:00:00,INACTIVE,2013-08-01,2013-08-01,38124,True,True,True,True,0.0,0.0,0.0,0.0
0005YS,2361,2019-09-15 20:20:20,INACTIVE,True,True,0,True,True,True,True,0.0,0.0,0.0,0.0
0003UJ,630,2023-07-10 20:15:30,INACTIVE,True,True,0,True,True,True,True,0.0,0.0,0.0,0.0
0002L9,154,2025-08-09 15:01:10,INACTIVE,True,True,0,True,True,True,True,0.0,0.0,0.0,0.0
0007C8,191,2025-06-24 21:09:26,INACTIVE,True,True,0,True,True,True,True,0.0,0.0,0.0,0.0
0001TK,1414,2022-07-15 18:00:25,INACTIVE,True,True,0,True,True,True,True,0.0,0.0,0.0,0.0
00029A,1663,2021-07-13 09:25:50,INACTIVE,True,True,0,True,True,True,True,0.0,0.0,0.0,0.0
00042L,2575,2021-04-06 12:16:46,INACTIVE,True,True,0,True,True,True,True,0.0,0.0,0.0,0.0
0007IK,1039,2024-01-04 10:27:55,INACTIVE,True,True,0,True,True,True,True,0.0,0.0,0.0,0.0
0007IN,1586,2020-07-28 07:12:26,INACTIVE,True,True,0,True,True,True,True,0.0,0.0,0.0,0.0
0006RA,527,2023-09-20 12:13:38,INACTIVE,True,True,0,True,True,True,True,0.0,0.0,0.0,0.0
0005Q5,171,2025-03-19 08:33:23,INACTIVE,True,True,0,True,True,True,True,0.0,0.0,0.0,0.0
00020S,1779,2019-01-22 08:50:28,EXITED,2019-01-23,2019-01-23,373369,True,True,True,True,-398092.44,-417651.88,0.0,-394219.45
0007AR,873,2022-04-01 17:31:38,EXITED,2022-09-24,2022-09-24,47862,True,True,True,True,-66978.37,-35123.18,0.0,-72193.0
000147,1025,2024-01-08 10:00:25,INACTIVE,True,True,0,True,True,True,True,0.0,0.0,0.0,0.0
0000BQ,1228,2023-09-06 11:41:16,INACTIVE,True,True,0,True,True,True,True,0.0,0.0,0.0,0.0
0006IR,1567,2020-03-02 10:57:14,INACTIVE,True,True,0,True,True,True,True,0.0,0.0,0.0,0.0
0003FA,1831,2022-01-21 22:02:10,INACTIVE,True,True,0,True,True,True,True,0.0,0.0,0.0,0.0
0004WS,1175,2023-08-19 16:37:07,INACTIVE,True,True,0,True,True,True,True,0.0,0.0,0.0,0.0
00069Z,917,2022-09-03 22:56:02,ACTIVE,2023-03-07,2023-03-07,0,5000.0000000000,5000.0000000000,0E-10,0E-10,0.0,0.0,121.16,56.03
0001GC,1553,2022-12-10 16:33:02,INACTIVE,True,True,0,True,True,True,True,0.0,0.0,0.0,0.0
0002JG,3576,2019-06-13 12:12:13,INACTIVE,2019-06-19,2019-06-19,660847,True,True,True,True,1444863.62,2453749.78,0.0,1273763.93
0002KT,2947,2020-07-17 03:09:06,INACTIVE,True,True,0,True,True,True,True,0.0,0.0,0.0,0.0
0001BH,770,2024-05-05 04:02:00,INACTIVE,True,True,0,True,True,True,True,0.0,0.0,0.0,0.0
0005SF,1859,2020-03-14 15:29:38,INACTIVE,True,True,0,True,True,True,True,0.0,0.0,0.0,0.0
0000BH,859,2022-10-21 17:26:39,INACTIVE,2022-10-22,2022-10-22,229715,True,True,True,True,35462.22,68677.72,0.0,26927.09
00004K,930,2024-05-02 19:51:52,INACTIVE,True,True,0,True,True,True,True,0.0,0.0,0.0,0.0
0002PF,217,2025-04-10 07:26:57,INACTIVE,True,True,0,True,True,True,True,0.0,0.0,0.0,0.0
00056Z,378,2024-12-08 15:57:31,INACTIVE,True,True,0,True,True,True,True,0.0,0.0,0.0,0.0
0006WD,1222,2021-08-30 22:09:04,INACTIVE,True,True,0,True,True,True,True,0.0,0.0,0.0,0.0
0002MC,602,2024-05-21 23:46:51,INACTIVE,True,True,0,True,True,True,True,0.0,0.0,0.0,0.0
0001OR,924,2021-11-23 17:08:21,INACTIVE,True,True,0,True,True,True,True,0.0,0.0,0.0,0.0
0005B1,1076,2019-10-17 21:59:16,ACTIVE,2023-08-18,2023-10-16,26936,34434.0000000000,34425.8400000000,0E-10,0E-10,-13577.48,-11036.28,301.48,-14708.77
0005KP,2296,2019-10-15 18:15:19,INACTIVE,True,True,0,True,True,True,True,0.0,0.0,0.0,0.0
000730,1722,2020-11-29 17:25:47,INACTIVE,True,True,0,True,True,True,True,0.0,0.0,0.0,0.0
0000AI,762,2023-08-16 00:00:00,BLACKLISTED,2023-08-16,2023-08-16,5047,5000.0000000000,5000.0000000000,0E-10,0E-10,-10054.08,-4627.51,151.21,-7588.98
000580,1339,2022-08-24 13:14:56,INACTIVE,True,True,0,True,True,True,True,0.0,0.0,0.0,0.0
0006I2,3315,2018-12-13 17:25:34,INACTIVE,True,True,0,True,True,True,True,0.0,0.0,0.0,0.0
000257,4439,2017-05-16 12:29:08,EXITED,2017-05-17,2017-05-17,103682,True,True,True,True,60090.87,122278.78,0.0,38973.82
0005NZ,1230,2023-07-13 20:52:27,INACTIVE,True,True,0,True,True,True,True,0.0,0.0,0.0,0.0
0005PS,1456,2021-10-28 09:09:13,INACTIVE,True,True,0,True,True,True,True,0.0,0.0,0.0,0.0
00020N,2912,2020-01-24 13:40:42,INACTIVE,True,True,0,True,True,True,True,0.0,0.0,0.0,0.0
0002LA,383,2024-07-01 17:12:47,ACTIVE,2024-07-19,2025-01-08,1502802,2212068.1300000000,2071322.2700000000,500.0000000000,0E-10,-1092539.65,-593110.76,7752.25,-1042403.75
0003RO,2488,2020-01-21 19:13:07,INACTIVE,True,True,0,True,True,True,True,0.0,0.0,0.0,0.0
000078,2806,2019-07-02 20:09:15,INACTIVE,True,True,0,True,True,True,True,0.0,0.0,0.0,0.0
0002TY,166,2025-07-15 23:09:54,INACTIVE,True,True,0,True,True,True,True,0.0,0.0,0.0,0.0
0001UY,959,2023-05-18 15:54:29,INACTIVE,True,True,0,True,True,True,True,0.0,0.0,0.0,0.0
0003KV,2804,2019-08-09 20:24:39,INACTIVE,True,True,0,True,True,True,True,0.0,0.0,0.0,0.0
00005W,441,2024-07-18 09:34:35,INACTIVE,True,True,0,True,True,True,True,0.0,0.0,0.0,0.0
0007JB,17,2019-06-22 09:47:57,ACTIVE,2025-08-11,2026-01-01,160024,355274.0000000000,274514.3100000000,79700.0000000000,0E-10,-144977.35,7052.13,2283.32,-121230.87
00038A,1369,2021-08-26 12:37:48,INACTIVE,True,True,0,True,True,True,True,0.0,0.0,0.0,0.0
0007CZ,2022,2020-12-09 09:04:14,INACTIVE,True,True,0,True,True,True,True,0.0,0.0,0.0,0.0
0000AU,177,2025-09-05 04:01:58,INACTIVE,True,True,0,True,True,True,True,0.0,0.0,0.0,0.0
0005G2,506,2023-05-24 11:42:04,INACTIVE,True,True,0,True,True,True,True,0.0,0.0,0.0,0.0
0004QB,114,2025-08-14 21:45:40,INACTIVE,True,True,0,True,True,True,True,0.0,0.0,0.0,0.0
0004KQ,987,2023-06-30 17:00:52,INACTIVE,True,True,0,True,True,True,True,0.0,0.0,0.0,0.0
00068E,265,2024-11-04 18:04:46,INACTIVE,True,True,0,True,True,True,True,0.0,0.0,0.0,0.0
000173,1143,2021-08-09 15:41:18,INACTIVE,True,True,0,True,True,True,True,0.0,0.0,0.0,0.0
0000R7,3316,2018-10-09 13:39:31,INACTIVE,True,True,0,True,True,True,True,0.0,0.0,0.0,0.0
0006US,40,2024-01-01 06:43:31,ACTIVE,2025-10-18,2025-10-30,14187,34400.0000000000,34268.7600000000,0E-10,0E-10,-26244.54,-5944.77,444.65,-25026.57
0003RU,1194,2023-02-04 20:17:00,INACTIVE,True,True,0,True,True,True,True,0.0,0.0,0.0,0.0
00034L,50,2025-10-13 09:27:17,INACTIVE,True,True,0,True,True,True,True,0.0,0.0,0.0,0.0
0005HU,967,2021-09-28 14:41:22,INACTIVE,True,True,0,True,True,True,True,0.0,0.0,0.0,0.0
0002PS,77,2025-10-21 01:31:44,INACTIVE,True,True,0,True,True,True,True,0.0,0.0,0.0,0.0
0006H6,359,2025-05-15 12:22:26,INACTIVE,True,True,0,True,True,True,True,0.0,0.0,0.0,0.0
0000UL,2561,2019-05-03 08:10:32,INACTIVE,True,True,0,True,True,True,True,0.0,0.0,0.0,0.0
0000U1,649,2023-11-08 10:27:50,INACTIVE,True,True,0,True,True,True,True,0.0,0.0,0.0,0.0
0001CZ,942,2023-03-18 02:20:58,INACTIVE,True,True,0,True,True,True,True,0.0,0.0,0.0,0.0
0005D3,2325,2020-02-01 17:55:26,INACTIVE,True,True,0,True,True,True,True,0.0,0.0,0.0,0.0
00072G,55,2025-11-27 00:00:00,ACTIVE,2025-11-27,2025-11-27,0,700.0000000000,690.7500000000,0E-10,200.0000000000,0.0,0.0,22.87,14.96
00015P,1094,2022-02-20 00:59:40,INACTIVE,True,True,0,True,True,True,True,0.0,0.0,0.0,0.0
0001CM,1621,2019-09-05 15:23:27,INACTIVE,True,True,0,True,True,True,True,0.0,0.0,0.0,0.0
000738,926,2018-07-13 00:00:00,INACTIVE,2018-07-13,2023-06-30,5135145,True,True,True,True,-1342324.48,1842564.1,0.0,-513103.39
0002FV,493,2024-11-10 17:34:27,INACTIVE,True,True,0,True,True,True,True,0.0,0.0,0.0,0.0
0006WM,3336,2019-02-07 17:05:04,INACTIVE,True,True,0,True,True,True,True,0.0,0.0,0.0,0.0
0006GW,1321,2020-03-12 15:42:45,INACTIVE,2022-09-24,2022-09-24,20401,True,True,True,True,965.28,2526.09,0.0,765.71
00071U,1622,2022-04-13 07:25:38,ACTIVE,2022-04-26,2022-04-26,0,100.0000000000,0E-10,100.0000000000,0E-10,0.0,0.0,9.45,17.08
0003NA,2265,2019-09-27 18:22:52,INACTIVE,True,True,0,True,True,True,True,0.0,0.0,0.0,0.0
00078V,2799,2018-11-08 15:06:19,INACTIVE,2018-11-09,2018-11-09,1234334,True,True,True,True,-28266.98,158019.61,0.0,-61588.9
00078A,1042,2023-07-12 09:40:45,INACTIVE,True,True,0,True,True,True,True,0.0,0.0,0.0,0.0
0007PE,1939,2018-10-30 10:33:19,INACTIVE,True,True,0,True,True,True,True,0.0,0.0,0.0,0.0
000277,1451,2023-04-09 13:30:48,INACTIVE,True,True,0,True,True,True,True,0.0,0.0,0.0,0.0
0006TB,1051,2022-08-21 10:44:20,INACTIVE,True,True,0,True,True,True,True,0.0,0.0,0.0,0.0
00017K,1305,2022-10-22 04:38:07,INACTIVE,True,True,0,True,True,True,True,0.0,0.0,0.0,0.0
0002IS,213,2025-06-28 09:38:24,INACTIVE,True,True,0,True,True,True,True,0.0,0.0,0.0,0.0
0003NR,3144,2019-09-06 10:16:03,INACTIVE,True,True,0,True,True,True,True,0.0,0.0,0.0,0.0
00028Z,558,2019-01-09 13:49:24,ACTIVE,2023-03-28,2023-07-21,371867,426211.0000000000,420782.3000000000,5100.0000000000,5199.9900000000,-50196.86,9571.72,2015.69,-22464.04
0000DL,1399,2023-04-10 14:31:45,INACTIVE,True,True,0,True,True,True,True,0.0,0.0,0.0,0.0
0005DH,66,2025-10-03 14:16:41,INACTIVE,True,True,0,True,True,True,True,0.0,0.0,0.0,0.0
0006JZ,1408,2020-01-22 12:41:01,INACTIVE,True,True,0,True,True,True,True,0.0,0.0,0.0,0.0
00013P,3283,2019-06-11 04:58:21,INACTIVE,True,True,0,True,True,True,True,0.0,0.0,0.0,0.0
0002LR,1267,2021-04-16 07:16:58,ACTIVE,2021-05-29,2021-06-17,10139,300.0000000000,300.0000000000,0E-10,0E-10,-33831.48,-26168.59,6.57,-21524.47
0005Y2,2942,2018-10-18 10:52:02,INACTIVE,True,True,0,True,True,True,True,0.0,0.0,0.0,0.0
000251,66,2025-11-07 12:51:44,INACTIVE,True,True,0,True,True,True,True,0.0,0.0,0.0,0.0
00064H,3847,2018-09-12 08:01:18,INACTIVE,True,True,0,True,True,True,True,0.0,0.0,0.0,0.0
0002MX,1192,2023-06-30 14:08:22,INACTIVE,True,True,0,True,True,True,True,0.0,0.0,0.0,0.0
00037T,692,2023-10-09 10:53:13,INACTIVE,True,True,0,True,True,True,True,0.0,0.0,0.0,0.0
0003X1,1793,2022-04-21 12:08:24,EXITED,True,True,0,True,True,True,True,0.0,0.0,0.0,0.0
0001MI,1822,2019-03-03 23:29:32,INACTIVE,True,True,0,True,True,True,True,0.0,0.0,0.0,0.0
0002D0,2604,2019-08-26 16:33:19,INACTIVE,True,True,0,True,True,True,True,0.0,0.0,0.0,0.0
0002LS,1603,2022-07-14 22:49:53,INACTIVE,True,True,0,True,True,True,True,0.0,0.0,0.0,0.0
0001VP,827,2023-02-16 00:00:00,ACTIVE,2023-02-16,2024-02-28,34431,45055.0000000000,43735.3500000000,1500.0000000000,0E-10,-7329.78,-2128.52,50.81,-6036.29
00035J,1053,2023-07-20 13:21:42,INACTIVE,True,True,0,True,True,True,True,0.0,0.0,0.0,0.0
0006BY,2931,2020-01-03 10:48:24,INACTIVE,True,True,0,True,True,True,True,0.0,0.0,0.0,0.0
0006JN,1601,2021-11-21 06:42:40,INACTIVE,True,True,0,True,True,True,True,0.0,0.0,0.0,0.0
0006ZZ,2055,2022-02-06 05:49:25,INACTIVE,True,True,0,True,True,True,True,0.0,0.0,0.0,0.0
0002AU,1002,2021-10-14 07:29:20,INACTIVE,True,True,0,True,True,True,True,0.0,0.0,0.0,0.0
0001SD,87,2025-10-05 04:42:44,INACTIVE,True,True,0,True,True,True,True,0.0,0.0,0.0,0.0
0000SE,3196,2019-03-22 14:32:03,INACTIVE,True,True,0,True,True,True,True,0.0,0.0,0.0,0.0
0005K4,743,2023-07-11 17:29:43,INACTIVE,True,True,0,True,True,True,True,0.0,0.0,0.0,0.0
00033R,2450,2018-10-26 08:51:30,EXITED,2018-12-05,2018-12-05,50372,True,True,True,True,7447.71,32016.92,0.0,13101.38
00011B,1267,2023-04-26 16:35:38,INACTIVE,True,True,0,True,True,True,True,0.0,0.0,0.0,0.0
0007NX,2458,2019-07-24 07:20:42,INACTIVE,True,True,0,True,True,True,True,0.0,0.0,0.0,0.0
0004MJ,350,2024-08-24 15:03:05,INACTIVE,True,True,0,True,True,True,True,0.0,0.0,0.0,0.0
0002B2,102,2025-08-17 22:07:49,INACTIVE,True,True,0,True,True,True,True,0.0,0.0,0.0,0.0
0007NU,1487,2020-12-16 15:26:20,INACTIVE,True,True,0,True,True,True,True,0.0,0.0,0.0,0.0
0004D6,333,2024-11-26 18:10:26,INACTIVE,True,True,0,True,True,True,True,0.0,0.0,0.0,0.0
0003Y5,620,2023-05-17 06:51:02,INACTIVE,True,True,0,True,True,True,True,0.0,0.0,0.0,0.0
0001KM,1092,2023-10-20 22:36:50,INACTIVE,True,True,0,True,True,True,True,0.0,0.0,0.0,0.0
0007MC,1229,2021-09-28 21:32:32,INACTIVE,True,True,0,True,True,True,True,0.0,0.0,0.0,0.0
0002F8,34,2025-02-10 14:01:47,ACTIVE,2025-02-14,2025-12-20,1837346,10356128.6900000000,7105408.2800000000,0E-10,977.9500000000,-1653624.1,806702.83,29052.82,-2010131.36
00029B,75,2025-11-25 00:00:00,ACTIVE,2025-11-25,2025-11-25,0,2000.0000000000,1000.0000000000,1000.0000000000,0E-10,0.0,0.0,194.49,168.82
0002QF,334,2019-01-05 05:14:16,ACTIVE,2023-08-07,2024-12-09,0,814400.0000000000,811540.0000000000,5500.0000000000,0E-10,0.0,0.0,1073.41,982.99
0006AB,1733,2022-10-24 00:00:00,ACTIVE,2022-10-24,2022-10-24,0,100.0000000000,100.0000000000,0E-10,0E-10,0.0,0.0,2.9,2.28
0006Q2,37,2025-11-23 00:58:22,INACTIVE,True,True,0,True,True,True,True,0.0,0.0,0.0,0.0
0006SY,2618,2019-10-17 20:26:25,INACTIVE,True,True,0,True,True,True,True,0.0,0.0,0.0,0.0
0003WJ,2343,2021-09-27 22:46:57,INACTIVE,True,True,0,True,True,True,True,0.0,0.0,0.0,0.0
0004VP,1155,2023-08-16 20:28:25,INACTIVE,True,True,0,True,True,True,True,0.0,0.0,0.0,0.0
0000AY,717,2023-05-09 13:28:09,INACTIVE,True,True,0,True,True,True,True,0.0,0.0,0.0,0.0
00078C,406,2024-07-28 14:05:00,INACTIVE,True,True,0,True,True,True,True,0.0,0.0,0.0,0.0
0004XH,13,2021-08-29 05:27:36,ACTIVE,2022-05-09,2025-12-29,8784049,34595412.4800000000,34504610.8300000000,33620.0000000000,19884477.3400000000,-3937192.12,-2325070.6,41527.02,-4193664.18
0000YT,3355,2019-09-04 19:21:24,INACTIVE,True,True,0,True,True,True,True,0.0,0.0,0.0,0.0
000428,1276,2021-05-09 22:39:30,INACTIVE,True,True,0,True,True,True,True,0.0,0.0,0.0,0.0
00037S,1277,2022-07-30 12:11:44,INACTIVE,True,True,0,True,True,True,True,0.0,0.0,0.0,0.0
0004W4,392,2024-10-11 14:41:38,INACTIVE,True,True,0,True,True,True,True,0.0,0.0,0.0,0.0
0005KG,2321,2018-08-30 08:30:37,INACTIVE,True,True,0,True,True,True,True,0.0,0.0,0.0,0.0
0000TI,865,2023-01-17 18:35:08,EXITED,2023-06-08,2023-06-08,4101,True,True,True,True,-6106.28,-4066.76,0.0,-5230.23
0001B9,86,2025-10-04 05:24:44,ACTIVE,2025-10-05,2025-10-05,0,1000.0000000000,0E-10,0E-10,0E-10,0.0,0.0,24.18,23.45
0006ZU,1149,2023-03-07 20:42:39,INACTIVE,True,True,0,True,True,True,True,0.0,0.0,0.0,0.0
0005PE,121,2025-09-06 09:00:59,INACTIVE,True,True,0,True,True,True,True,0.0,0.0,0.0,0.0
0005QN,471,2023-05-22 09:47:53,ACTIVE,2024-02-12,2024-09-02,103920,171964.9900000000,61514.9500000000,0E-10,0E-10,-93857.63,69174.87,293.48,-98677.05
0003Y1,48,2025-11-12 00:00:00,ACTIVE,2025-11-12,2025-11-28,0,21500.0000000000,19903.7500000000,1500.0000000000,10000.0000000000,0.0,0.0,586.86,1247.73
00073G,1747,2020-06-14 07:59:44,INACTIVE,True,True,0,True,True,True,True,0.0,0.0,0.0,0.0
0000WU,3749,2017-11-10 17:54:10,INACTIVE,True,True,0,True,True,True,True,0.0,0.0,0.0,0.0
0006AP,2039,2020-06-23 18:09:31,INACTIVE,True,True,0,True,True,True,True,0.0,0.0,0.0,0.0
0002RZ,2846,2018-04-27 09:55:11,INACTIVE,True,True,0,True,True,True,True,0.0,0.0,0.0,0.0
0001T2,1203,2021-05-26 10:23:50,INACTIVE,True,True,0,True,True,True,True,0.0,0.0,0.0,0.0
00005R,325,2024-05-13 18:08:12,INACTIVE,True,True,0,True,True,True,True,0.0,0.0,0.0,0.0
0004YR,1756,2018-11-12 13:22:06,ACTIVE,2021-09-22,2022-05-15,0,139900.0000000000,139900.0000000000,0E-10,0E-10,0.0,0.0,256.7,502.34
0003YN,319,2025-05-25 00:36:19,INACTIVE,True,True,0,True,True,True,True,0.0,0.0,0.0,0.0
0001L4,228,2025-03-14 15:11:29,INACTIVE,True,True,0,True,True,True,True,0.0,0.0,0.0,0.0
0003IV,1005,2022-11-04 13:29:10,INACTIVE,True,True,0,True,True,True,True,0.0,0.0,0.0,0.0
0001BD,748,2023-08-27 10:12:46,INACTIVE,True,True,0,True,True,True,True,0.0,0.0,0.0,0.0
0003G7,2676,2019-11-08 09:53:21,INACTIVE,True,True,0,True,True,True,True,0.0,0.0,0.0,0.0
000284,96,2025-04-01 00:00:00,ACTIVE,2025-04-01,2025-08-28,29769,77500.0000000000,76638.4300000000,0E-10,0E-10,-19309.66,-6082.69,469.87,-28771.38
0006TS,89,2025-11-16 07:43:29,INACTIVE,True,True,0,True,True,True,True,0.0,0.0,0.0,0.0
0000YH,57,2025-10-06 15:00:22,INACTIVE,True,True,0,True,True,True,True,0.0,0.0,0.0,0.0
00061W,575,2024-12-21 19:00:31,INACTIVE,True,True,0,True,True,True,True,0.0,0.0,0.0,0.0
000538,1272,2019-12-01 21:39:16,INACTIVE,True,True,0,True,True,True,True,0.0,0.0,0.0,0.0
0003GA,2827,2016-07-28 08:59:41,INACTIVE,True,True,0,True,True,True,True,0.0,0.0,0.0,0.0
000384,1031,2022-04-12 18:27:53,INACTIVE,True,True,0,True,True,True,True,0.0,0.0,0.0,0.0
0002H3,915,2022-09-29 16:12:09,INACTIVE,True,True,0,True,True,True,True,0.0,0.0,0.0,0.0
0002KA,608,2022-12-15 01:01:17,ACTIVE,2024-12-03,2024-12-04,7731,6000.0000000000,5970.0000000000,0E-10,0E-10,-6037.54,-7534.5,97.02,-6316.8
0002YL,1791,2020-12-03 11:13:42,INACTIVE,True,True,0,True,True,True,True,0.0,0.0,0.0,0.0
0002A0,789,2022-07-21 08:00:44,INACTIVE,True,True,0,True,True,True,True,0.0,0.0,0.0,0.0
0006V0,467,2025-03-06 12:03:48,INACTIVE,True,True,0,True,True,True,True,0.0,0.0,0.0,0.0
000790,390,2024-08-08 08:14:30,INACTIVE,True,True,0,True,True,True,True,0.0,0.0,0.0,0.0
00060O,779,2022-04-26 13:28:37,INACTIVE,True,True,0,True,True,True,True,0.0,0.0,0.0,0.0
0005SU,586,2022-12-24 06:27:16,INACTIVE,True,True,0,True,True,True,True,0.0,0.0,0.0,0.0
0000CS,398,2024-11-28 12:42:51,INACTIVE,True,True,0,True,True,True,True,0.0,0.0,0.0,0.0
00034I,668,2024-10-01 09:12:02,INACTIVE,True,True,0,True,True,True,True,0.0,0.0,0.0,0.0
00056U,201,2024-12-23 14:05:22,INACTIVE,True,True,0,True,True,True,True,0.0,0.0,0.0,0.0
0000G9,2423,2020-08-16 12:49:23,INACTIVE,True,True,0,True,True,True,True,0.0,0.0,0.0,0.0
000789,586,2023-12-07 00:54:28,INACTIVE,True,True,0,True,True,True,True,0.0,0.0,0.0,0.0
0004DL,872,2022-09-21 06:42:05,INACTIVE,True,True,0,True,True,True,True,0.0,0.0,0.0,0.0
0000NY,2847,2019-07-26 23:42:48,INACTIVE,True,True,0,True,True,True,True,0.0,0.0,0.0,0.0
0002SF,426,2025-02-08 00:55:10,INACTIVE,True,True,0,True,True,True,True,0.0,0.0,0.0,0.0
0006VD,2806,2018-10-14 18:49:31,INACTIVE,True,True,0,True,True,True,True,0.0,0.0,0.0,0.0
0003N4,81,2025-09-21 13:07:58,INACTIVE,True,True,0,True,True,True,True,0.0,0.0,0.0,0.0
0005ZY,837,2021-07-07 11:01:57,INACTIVE,True,True,0,True,True,True,True,0.0,0.0,0.0,0.0
00069F,3301,2018-09-26 17:35:53,INACTIVE,True,True,0,True,True,True,True,0.0,0.0,0.0,0.0
0003GC,390,2025-01-25 10:56:12,INACTIVE,True,True,0,True,True,True,True,0.0,0.0,0.0,0.0
0001XS,430,2024-10-06 12:03:11,INACTIVE,True,True,0,True,True,True,True,0.0,0.0,0.0,0.0
0005UI,626,2023-08-22 12:15:16,INACTIVE,True,True,0,True,True,True,True,0.0,0.0,0.0,0.0
0004Q0,1273,2023-04-12 09:52:00,INACTIVE,True,True,0,True,True,True,True,0.0,0.0,0.0,0.0
0005W8,1652,2018-02-13 20:25:40,INACTIVE,True,True,0,True,True,True,True,0.0,0.0,0.0,0.0
000684,1529,2022-04-19 09:50:32,ACTIVE,2022-05-14,2022-05-18,0,2250.0000000000,2200.0000000000,0E-10,0E-10,0.0,0.0,31.02,35.73
00052A,1459,2022-09-05 11:12:38,INACTIVE,True,True,0,True,True,True,True,0.0,0.0,0.0,0.0
0003T1,1920,2018-10-09 16:37:26,INACTIVE,True,True,0,True,True,True,True,0.0,0.0,0.0,0.0
0005G3,308,2025-03-08 23:25:41,INACTIVE,True,True,0,True,True,True,True,0.0,0.0,0.0,0.0
00019M,2292,2019-11-21 20:29:41,INACTIVE,True,True,0,True,True,True,True,0.0,0.0,0.0,0.0
0005B4,2826,2018-12-13 16:56:17,INACTIVE,True,True,0,True,True,True,True,0.0,0.0,0.0,0.0
0003TL,27,2025-12-27 11:28:38,INACTIVE,True,True,0,True,True,True,True,0.0,0.0,0.0,0.0
0005OC,2365,2019-11-08 20:21:25,INACTIVE,True,True,0,True,True,True,True,0.0,0.0,0.0,0.0
0003DB,1055,2020-12-13 12:00:40,INACTIVE,True,True,0,True,True,True,True,0.0,0.0,0.0,0.0
0006R4,1587,2020-11-24 06:45:08,INACTIVE,True,True,0,True,True,True,True,0.0,0.0,0.0,0.0
0005L6,52,2025-11-30 13:03:51,INACTIVE,True,True,0,True,True,True,True,0.0,0.0,0.0,0.0
0003S3,1072,2022-07-08 23:41:20,INACTIVE,True,True,0,True,True,True,True,0.0,0.0,0.0,0.0
0001K4,2013,2021-09-10 09:32:01,INACTIVE,True,True,0,True,True,True,True,0.0,0.0,0.0,0.0
0001F8,1260,2021-01-15 09:29:07,INACTIVE,True,True,0,True,True,True,True,0.0,0.0,0.0,0.0
0005NN,461,2023-12-12 00:00:00,ACTIVE,2023-12-12,2024-01-29,10027,20140.0000000000,20139.4000000000,0E-10,0E-10,-6781.31,-11207.7,136.45,-14901.84
0006FA,27,2025-12-09 05:53:47,INACTIVE,True,True,0,True,True,True,True,0.0,0.0,0.0,0.0
0006I3,228,2025-08-02 16:56:53,INACTIVE,True,True,0,True,True,True,True,0.0,0.0,0.0,0.0
0001QJ,3122,2018-10-20 12:53:50,INACTIVE,True,True,0,True,True,True,True,0.0,0.0,0.0,0.0
0007KM,496,2024-07-08 04:56:41,ACTIVE,2024-08-30,2024-09-16,18868,20000.0000000000,19850.0000000000,0E-10,0E-10,-5909.97,-5648.97,546.78,-3588.86
00005S,2087,2018-11-25 10:21:22,INACTIVE,True,True,0,True,True,True,True,0.0,0.0,0.0,0.0
00043F,555,2024-12-20 16:03:28,INACTIVE,True,True,0,True,True,True,True,0.0,0.0,0.0,0.0
0006DK,253,2025-07-17 08:52:24,INACTIVE,True,True,0,True,True,True,True,0.0,0.0,0.0,0.0
0002K0,127,2022-07-14 16:17:22,ACTIVE,2025-04-15,2025-08-27,124002,299071.8400000000,295604.2600000000,3200.0000000000,33460.7900000000,-82495.12,-33598.24,1912.96,-65469.99
0000UC,395,2025-03-06 16:49:54,INACTIVE,True,True,0,True,True,True,True,0.0,0.0,0.0,0.0
0005DR,1613,2022-12-01 10:58:38,INACTIVE,True,True,0,True,True,True,True,0.0,0.0,0.0,0.0
0004EO,2030,2019-03-17 07:41:44,INACTIVE,True,True,0,True,True,True,True,0.0,0.0,0.0,0.0
0006P2,1061,2022-07-15 00:00:00,ACTIVE,2022-07-15,2022-07-15,0,200.0000000000,200.0000000000,0E-10,0E-10,0.0,0.0,5.24,3.42
0000CW,512,2024-09-12 19:06:07,INACTIVE,True,True,0,True,True,True,True,0.0,0.0,0.0,0.0
0003FS,784,2023-09-05 00:05:08,INACTIVE,True,True,0,True,True,True,True,0.0,0.0,0.0,0.0
0004XM,1308,2023-03-15 17:00:46,INACTIVE,True,True,0,True,True,True,True,0.0,0.0,0.0,0.0
000024,6,2022-05-27 12:55:02,ACTIVE,2023-09-15,2026-01-09,24263875,4374524.6000000000,4174915.9200000000,0E-10,0E-10,-4538867.47,-1407296.71,2689.1,-3486723.22
00007M,1920,2018-08-28 00:44:12,INACTIVE,True,True,0,True,True,True,True,0.0,0.0,0.0,0.0
0000DX,214,2025-05-10 16:57:53,INACTIVE,True,True,0,True,True,True,True,0.0,0.0,0.0,0.0
00023F,1073,2023-07-14 05:50:15,INACTIVE,True,True,0,True,True,True,True,0.0,0.0,0.0,0.0
00032S,301,2024-07-20 20:01:47,INACTIVE,True,True,0,True,True,True,True,0.0,0.0,0.0,0.0
00075J,203,2022-10-14 10:42:31,ACTIVE,2025-05-19,2025-05-19,34133,50000.0000000000,49564.3800000000,0E-10,0E-10,-40575.25,13590.03,965.06,-27124.36
00074V,715,2022-04-01 11:50:59,INACTIVE,True,True,0,True,True,True,True,0.0,0.0,0.0,0.0
0006GS,3450,2018-11-21 07:30:46,INACTIVE,True,True,0,True,True,True,True,0.0,0.0,0.0,0.0
00027E,524,2023-04-15 00:00:00,ACTIVE,2023-04-15,2023-09-19,484010,557602.0000000000,556123.6900000000,900.0000000000,100.0000000000,-45470.3,9283.29,1929.96,-54632.84
00047R,722,2022-08-14 02:30:38,INACTIVE,True,True,0,True,True,True,True,0.0,0.0,0.0,0.0
0005X7,3245,2019-02-19 00:13:50,INACTIVE,True,True,0,True,True,True,True,0.0,0.0,0.0,0.0
000394,87,2025-08-20 16:14:50,INACTIVE,True,True,0,True,True,True,True,0.0,0.0,0.0,0.0
0002DE,2706,2019-10-14 10:26:04,INACTIVE,True,True,0,True,True,True,True,0.0,0.0,0.0,0.0
0004YQ,2120,2019-06-11 07:02:22,INACTIVE,True,True,0,True,True,True,True,0.0,0.0,0.0,0.0
0000R8,2583,2020-09-09 16:11:23,INACTIVE,True,True,0,True,True,True,True,0.0,0.0,0.0,0.0
0006Q3,1721,2019-02-21 11:48:33,INACTIVE,True,True,0,True,True,True,True,0.0,0.0,0.0,0.0
0007AX,1252,2020-03-05 20:29:26,INACTIVE,True,True,0,True,True,True,True,0.0,0.0,0.0,0.0
0000PT,52,2025-11-04 09:12:58,INACTIVE,True,True,0,True,True,True,True,0.0,0.0,0.0,0.0
0002T0,1124,2023-11-22 12:20:45,INACTIVE,True,True,0,True,True,True,True,0.0,0.0,0.0,0.0
00066E,808,2024-05-17 12:41:27,INACTIVE,True,True,0,True,True,True,True,0.0,0.0,0.0,0.0
0004HS,1258,2021-08-28 20:22:25,INACTIVE,True,True,0,True,True,True,True,0.0,0.0,0.0,0.0
0006AQ,1087,2021-10-29 10:15:50,INACTIVE,True,True,0,True,True,True,True,0.0,0.0,0.0,0.0
0002AZ,158,2025-05-20 12:12:44,INACTIVE,True,True,0,True,True,True,True,0.0,0.0,0.0,0.0
00076N,452,2024-04-28 15:17:15,INACTIVE,True,True,0,True,True,True,True,0.0,0.0,0.0,0.0
00035T,1861,2018-10-24 17:53:49,INACTIVE,True,True,0,True,True,True,True,0.0,0.0,0.0,0.0
0003DS,1183,2023-09-16 08:35:49,INACTIVE,True,True,0,True,True,True,True,0.0,0.0,0.0,0.0
0001IA,365,2023-10-05 00:00:00,ACTIVE,2023-10-05,2024-02-13,84442,15938.0000000000,15859.3800000000,0E-10,0E-10,487.97,8339.08,59.33,253.75
0002Q4,66,2025-11-28 16:29:27,INACTIVE,True,True,0,True,True,True,True,0.0,0.0,0.0,0.0
0004P9,966,2021-02-26 10:37:50,INACTIVE,True,True,0,True,True,True,True,0.0,0.0,0.0,0.0
00045O,1936,2022-01-17 20:16:10,INACTIVE,True,True,0,True,True,True,True,0.0,0.0,0.0,0.0
0007BI,901,2023-05-18 15:29:20,INACTIVE,True,True,0,True,True,True,True,0.0,0.0,0.0,0.0
0005IB,676,2022-10-31 17:26:49,INACTIVE,True,True,0,True,True,True,True,0.0,0.0,0.0,0.0
000719,1161,2023-08-05 12:45:07,INACTIVE,True,True,0,True,True,True,True,0.0,0.0,0.0,0.0
00005X,1716,2019-10-30 17:24:25,INACTIVE,True,True,0,True,True,True,True,0.0,0.0,0.0,0.0
0006PI,2576,2020-12-03 09:55:33,INACTIVE,True,True,0,True,True,True,True,0.0,0.0,0.0,0.0
0003XQ,2541,2020-06-26 14:53:59,INACTIVE,True,True,0,True,True,True,True,0.0,0.0,0.0,0.0
0004RN,4,2025-11-03 00:00:00,ACTIVE,2025-11-03,2026-01-12,0,6900.0000000000,6853.7500000000,0E-10,2000.0000000000,0.0,0.0,51.94,78.77
0001SV,1689,2022-07-27 09:54:35,INACTIVE,True,True,0,True,True,True,True,0.0,0.0,0.0,0.0
000568,1769,2019-07-03 08:28:18,INACTIVE,True,True,0,True,True,True,True,0.0,0.0,0.0,0.0
000201,1679,2020-12-25 22:23:28,INACTIVE,True,True,0,True,True,True,True,0.0,0.0,0.0,0.0
0001VZ,133,2025-09-26 11:26:42,INACTIVE,True,True,0,True,True,True,True,0.0,0.0,0.0,0.0
0002PN,2,2022-11-01 14:27:25,ACTIVE,2025-09-10,2026-01-13,497871,919200.0000000000,865993.4400000000,500.0000000000,0E-10,-66180.51,60147.12,2842.67,-84644.73
000032,2015,2020-10-08 16:43:05,INACTIVE,True,True,0,True,True,True,True,0.0,0.0,0.0,0.0
00077V,648,2023-08-21 12:12:16,INACTIVE,True,True,0,True,True,True,True,0.0,0.0,0.0,0.0
0003BR,2149,2020-12-24 11:03:05,INACTIVE,True,True,0,True,True,True,True,0.0,0.0,0.0,0.0
00024V,807,2023-06-02 12:45:46,INACTIVE,True,True,0,True,True,True,True,0.0,0.0,0.0,0.0
00005G,388,2024-02-17 16:54:56,INACTIVE,True,True,0,True,True,True,True,0.0,0.0,0.0,0.0
0002AJ,236,2025-08-07 12:35:50,INACTIVE,True,True,0,True,True,True,True,0.0,0.0,0.0,0.0
0002JL,3391,2018-07-16 14:09:01,EXITED,2018-09-12,2019-02-18,303776,True,True,True,True,365577.7,429105.91,0.0,392569.78
000051,514,2024-04-16 13:47:39,INACTIVE,True,True,0,True,True,True,True,0.0,0.0,0.0,0.0
0002VE,62,2025-10-08 05:24:53,INACTIVE,True,True,0,True,True,True,True,0.0,0.0,0.0,0.0
0003NM,3488,2018-04-23 09:30:03,INACTIVE,True,True,0,True,True,True,True,0.0,0.0,0.0,0.0
0004LE,252,2025-01-31 11:21:23,INACTIVE,True,True,0,True,True,True,True,0.0,0.0,0.0,0.0
0003MU,2147,2020-09-21 15:46:52,INACTIVE,True,True,0,True,True,True,True,0.0,0.0,0.0,0.0
0005PA,67,2025-11-24 21:43:22,INACTIVE,True,True,0,True,True,True,True,0.0,0.0,0.0,0.0
0004ZO,20,2025-12-20 08:54:09,INACTIVE,True,True,0,True,True,True,True,0.0,0.0,0.0,0.0
0003TV,282,2024-10-18 14:37:07,ACTIVE,2025-01-21,2025-01-21,3647,2700.0000000000,2700.0000000000,0E-10,0E-10,-5775.18,-3244.51,74.63,-3054.58
00044H,674,2022-10-03 18:43:01,INACTIVE,True,True,0,True,True,True,True,0.0,0.0,0.0,0.0
0006EN,21,2022-07-12 16:52:17,ACTIVE,2024-08-15,2025-12-20,12235,112968.0000000000,110167.4000000000,3200.0000000000,916.6700000000,1701.12,4891.29,97.71,1535.83
0004O9,1009,2023-07-11 15:21:12,INACTIVE,True,True,0,True,True,True,True,0.0,0.0,0.0,0.0
00007U,1813,2018-06-22 09:47:44,INACTIVE,True,True,0,True,True,True,True,0.0,0.0,0.0,0.0
000646,3778,2018-11-28 13:16:15,INACTIVE,2018-12-03,2018-12-03,529037,True,True,True,True,78282.43,287960.31,0.0,83683.48
0004DT,1706,2022-03-21 13:11:34,INACTIVE,True,True,0,True,True,True,True,0.0,0.0,0.0,0.0
0002KM,491,2024-02-17 13:45:53,INACTIVE,True,True,0,True,True,True,True,0.0,0.0,0.0,0.0
0001HS,1055,2023-03-28 09:12:46,INACTIVE,True,True,0,True,True,True,True,0.0,0.0,0.0,0.0
0006NJ,650,2024-01-17 13:07:10,INACTIVE,True,True,0,True,True,True,True,0.0,0.0,0.0,0.0
0002RQ,47,2025-11-21 00:00:00,ACTIVE,2025-11-21,2025-11-23,0,1000.0000000000,990.7500000000,0E-10,0E-10,0.0,0.0,11.0,27.04
000153,589,2024-07-08 17:36:29,INACTIVE,True,True,0,True,True,True,True,0.0,0.0,0.0,0.0
00065M,1143,2020-11-23 10:09:36,INACTIVE,True,True,0,True,True,True,True,0.0,0.0,0.0,0.0
000326,571,2023-11-09 07:34:51,INACTIVE,True,True,0,True,True,True,True,0.0,0.0,0.0,0.0
00003C,246,2025-01-02 00:18:00,INACTIVE,True,True,0,True,True,True,True,0.0,0.0,0.0,0.0
0000G0,509,2023-12-22 00:00:00,ACTIVE,2023-12-22,2023-12-22,0,200.0000000000,100.0000000000,100.0000000000,100.0000000000,0.0,0.0,25.55,24.31
000350,2985,2018-12-19 10:50:31,INACTIVE,True,True,0,True,True,True,True,0.0,0.0,0.0,0.0
0005C3,414,2025-04-13 00:30:25,INACTIVE,True,True,0,True,True,True,True,0.0,0.0,0.0,0.0
000645,2852,2019-04-04 19:01:11,INACTIVE,True,True,0,True,True,True,True,0.0,0.0,0.0,0.0
000581,1240,2023-10-03 09:51:43,INACTIVE,True,True,0,True,True,True,True,0.0,0.0,0.0,0.0
00022L,219,2025-06-26 09:27:36,INACTIVE,True,True,0,True,True,True,True,0.0,0.0,0.0,0.0
0005CG,157,2025-06-29 18:39:41,INACTIVE,True,True,0,True,True,True,True,0.0,0.0,0.0,0.0
0003RQ,78,2025-11-19 11:27:14,INACTIVE,True,True,0,True,True,True,True,0.0,0.0,0.0,0.0
00037H,413,2024-01-18 23:00:05,INACTIVE,True,True,0,True,True,True,True,0.0,0.0,0.0,0.0
0001OT,1656,2018-07-07 10:51:18,INACTIVE,True,True,0,True,True,True,True,0.0,0.0,0.0,0.0
0004D5,1772,2022-09-09 09:18:26,INACTIVE,True,True,0,True,True,True,True,0.0,0.0,0.0,0.0
0002F6,1159,2023-04-13 22:07:06,INACTIVE,True,True,0,True,True,True,True,0.0,0.0,0.0,0.0
0000XJ,1449,2023-04-07 00:21:15,INACTIVE,True,True,0,True,True,True,True,0.0,0.0,0.0,0.0
00006B,335,2024-08-03 15:10:48,INACTIVE,True,True,0,True,True,True,True,0.0,0.0,0.0,0.0
0005P4,3330,2018-11-07 19:16:54,INACTIVE,True,True,0,True,True,True,True,0.0,0.0,0.0,0.0
0004OW,133,2025-07-18 20:19:39,INACTIVE,True,True,0,True,True,True,True,0.0,0.0,0.0,0.0
0003IC,78,2024-10-29 13:52:54,ACTIVE,2024-11-19,2025-10-14,9518,1627085.0000000000,1539542.1300000000,125040.0000000000,5000.0000000000,-3553.94,530.55,4117.26,-1522.96
0002QS,3020,2019-10-01 00:13:12,INACTIVE,2019-10-04,2020-02-17,5307575,True,True,True,True,952682.87,1392296.56,0.0,1106752.33
00033G,87,2025-10-12 14:20:35,INACTIVE,True,True,0,True,True,True,True,0.0,0.0,0.0,0.0
000102,1593,2019-05-17 09:29:34,ACTIVE,2019-05-23,2022-04-25,292361,100.0000000000,0E-10,100.0000000000,0E-10,168862.72,246829.71,0.53,359333.39
0004F3,566,2024-12-03 16:28:37,INACTIVE,True,True,0,True,True,True,True,0.0,0.0,0.0,0.0
0004TJ,1348,2023-05-08 21:14:57,INACTIVE,True,True,0,True,True,True,True,0.0,0.0,0.0,0.0
00068C,1203,2019-07-27 17:42:19,INACTIVE,True,True,0,True,True,True,True,0.0,0.0,0.0,0.0
0000C9,1440,2020-01-19 18:29:50,INACTIVE,True,True,0,True,True,True,True,0.0,0.0,0.0,0.0
0001L5,1231,2023-08-31 14:23:41,INACTIVE,True,True,0,True,True,True,True,0.0,0.0,0.0,0.0
0006N2,2790,2018-11-03 10:45:34,INACTIVE,2018-11-07,2018-11-07,245807,True,True,True,True,31559.54,144613.96,0.0,24750.5
0004KW,702,2024-01-30 19:23:32,INACTIVE,True,True,0,True,True,True,True,0.0,0.0,0.0,0.0
000293,72,2025-09-10 11:01:08,INACTIVE,True,True,0,True,True,True,True,0.0,0.0,0.0,0.0
0002M7,737,2022-03-13 23:57:29,INACTIVE,True,True,0,True,True,True,True,0.0,0.0,0.0,0.0
0006IL,23,2019-06-05 11:31:38,ACTIVE,2019-06-20,2025-12-30,7560474,6380308.4000000000,6379830.8900000000,500.0000000000,0E-10,-1333593.78,-1184946.19,1221.72,-1542848.75
0002YD,510,2024-06-30 00:00:00,ACTIVE,2024-06-30,2024-08-09,10990,12500.0000000000,12444.0000000000,0E-10,0E-10,317.86,2292.85,105.66,852.6
00041D,3623,2018-05-01 09:01:32,INACTIVE,True,True,0,True,True,True,True,0.0,0.0,0.0,0.0
0001U0,72,2025-10-05 00:00:00,ACTIVE,2025-10-05,2025-10-07,0,6000.0000000000,5821.5000000000,0E-10,3000.0000000000,0.0,0.0,228.82,136.49
0005NL,156,2025-06-17 12:48:25,INACTIVE,True,True,0,True,True,True,True,0.0,0.0,0.0,0.0
00076C,195,2022-11-06 20:32:22,ACTIVE,2024-10-30,2025-07-15,26841,189200.0000000000,188616.9500000000,0E-10,0E-10,-6735.4,7252.84,491.48,-6365.66
0003V7,954,2024-02-22 23:41:49,INACTIVE,True,True,0,True,True,True,True,0.0,0.0,0.0,0.0
0005G6,1121,2022-02-23 11:19:15,INACTIVE,True,True,0,True,True,True,True,0.0,0.0,0.0,0.0
0005KJ,450,2024-07-21 15:22:35,INACTIVE,True,True,0,True,True,True,True,0.0,0.0,0.0,0.0
000255,1062,2023-04-10 13:37:00,INACTIVE,True,True,0,True,True,True,True,0.0,0.0,0.0,0.0
0001MH,182,2025-02-12 22:49:27,INACTIVE,True,True,0,True,True,True,True,0.0,0.0,0.0,0.0
0001SW,2131,2019-05-27 14:14:39,INACTIVE,True,True,0,True,True,True,True,0.0,0.0,0.0,0.0
0002W0,274,2025-05-01 15:10:34,INACTIVE,True,True,0,True,True,True,True,0.0,0.0,0.0,0.0
000736,99,2025-07-02 14:22:23,INACTIVE,True,True,0,True,True,True,True,0.0,0.0,0.0,0.0
0000HK,1369,2022-09-30 05:28:14,INACTIVE,True,True,0,True,True,True,True,0.0,0.0,0.0,0.0
00046X,579,2023-03-01 11:00:31,INACTIVE,True,True,0,True,True,True,True,0.0,0.0,0.0,0.0
0002H2,1,2026-01-14 02:59:27,INACTIVE,True,True,0,True,True,True,True,0.0,0.0,0.0,0.0
00043A,57,2025-12-02 09:10:43,INACTIVE,True,True,0,True,True,True,True,0.0,0.0,0.0,0.0
0006U4,1266,2023-06-14 09:29:34,INACTIVE,True,True,0,True,True,True,True,0.0,0.0,0.0,0.0
00048Z,2810,2019-06-26 11:19:37,INACTIVE,True,True,0,True,True,True,True,0.0,0.0,0.0,0.0
0000QG,256,2025-05-19 08:47:56,INACTIVE,True,True,0,True,True,True,True,0.0,0.0,0.0,0.0
0003WX,1811,2019-11-26 19:17:50,INACTIVE,True,True,0,True,True,True,True,0.0,0.0,0.0,0.0
0007AV,587,2024-04-20 13:09:54,INACTIVE,True,True,0,True,True,True,True,0.0,0.0,0.0,0.0
0005BO,1459,2019-03-28 19:57:08,INACTIVE,True,True,0,True,True,True,True,0.0,0.0,0.0,0.0
00071W,1310,2023-01-26 13:12:33,INACTIVE,True,True,0,True,True,True,True,0.0,0.0,0.0,0.0
0003WU,558,2023-02-16 06:56:43,INACTIVE,True,True,0,True,True,True,True,0.0,0.0,0.0,0.0
000450,875,2023-06-02 08:06:46,INACTIVE,True,True,0,True,True,True,True,0.0,0.0,0.0,0.0
00008K,1245,2022-08-27 17:41:23,INACTIVE,True,True,0,True,True,True,True,0.0,0.0,0.0,0.0
0006BK,2469,2020-02-29 19:41:59,INACTIVE,True,True,0,True,True,True,True,0.0,0.0,0.0,0.0
000434,132,2025-08-11 10:54:51,INACTIVE,True,True,0,True,True,True,True,0.0,0.0,0.0,0.0
0003IL,2956,2017-06-16 00:00:00,EXITED,2017-06-16,2017-06-16,21524,True,True,True,True,17059.79,10967.05,0.0,13189.77
0005R0,933,2023-09-10 15:54:59,INACTIVE,True,True,0,True,True,True,True,0.0,0.0,0.0,0.0
0000IM,233,2025-08-04 09:16:55,INACTIVE,True,True,0,True,True,True,True,0.0,0.0,0.0,0.0
00063J,1159,2023-05-02 15:08:56,INACTIVE,True,True,0,True,True,True,True,0.0,0.0,0.0,0.0
00031W,620,2023-10-16 20:08:56,INACTIVE,True,True,0,True,True,True,True,0.0,0.0,0.0,0.0
00018H,1952,2022-01-27 15:20:53,INACTIVE,True,True,0,True,True,True,True,0.0,0.0,0.0,0.0
0007JU,251,2024-10-19 09:16:19,INACTIVE,True,True,0,True,True,True,True,0.0,0.0,0.0,0.0
0004N5,1074,2022-03-26 06:07:46,INACTIVE,True,True,0,True,True,True,True,0.0,0.0,0.0,0.0
0004TB,564,2023-07-03 13:56:30,INACTIVE,True,True,0,True,True,True,True,0.0,0.0,0.0,0.0
00000Y,1123,2022-10-17 23:32:04,INACTIVE,True,True,0,True,True,True,True,0.0,0.0,0.0,0.0
0004DN,159,2025-08-28 10:13:11,INACTIVE,True,True,0,True,True,True,True,0.0,0.0,0.0,0.0
000138,1464,2018-06-04 20:34:56,EXITED,2022-02-25,2022-02-25,12106,True,True,True,True,-20122.48,-12237.57,0.0,-24105.3
00066Y,768,2024-06-08 14:56:00,INACTIVE,True,True,0,True,True,True,True,0.0,0.0,0.0,0.0
0001T5,2540,2019-07-12 16:11:53,INACTIVE,True,True,0,True,True,True,True,0.0,0.0,0.0,0.0
0004TX,1506,2020-05-31 19:16:11,INACTIVE,True,True,0,True,True,True,True,0.0,0.0,0.0,0.0
0007JA,313,2020-06-06 00:05:07,ACTIVE,2021-02-10,2025-03-19,17044,2325944.7500000000,2323597.0200000000,1700.0000000000,1061377.1400000000,-27070.42,-14207.44,1689.95,-28547.64
0001ZI,2461,2020-08-02 21:53:29,INACTIVE,True,True,0,True,True,True,True,0.0,0.0,0.0,0.0
0006EU,1271,2019-04-17 19:59:39,ACTIVE,2022-07-05,2022-07-28,3717,8000.0000000000,8000.0000000000,0E-10,0E-10,-373.46,64.0,152.79,-521.14
00070W,2093,2019-12-16 16:41:45,INACTIVE,True,True,0,True,True,True,True,0.0,0.0,0.0,0.0
0005PD,1277,2022-08-23 09:24:50,INACTIVE,True,True,0,True,True,True,True,0.0,0.0,0.0,0.0
0005UH,3152,2017-10-22 15:41:30,INACTIVE,True,True,0,True,True,True,True,0.0,0.0,0.0,0.0
0001TI,3707,2013-07-08 00:00:00,INACTIVE,2013-07-08,2013-07-08,205052,True,True,True,True,-52583.66,8957.29,0.0,-37676.06
0007M4,85,2025-11-13 19:19:56,INACTIVE,True,True,0,True,True,True,True,0.0,0.0,0.0,0.0
00031U,249,2025-01-28 13:42:00,INACTIVE,True,True,0,True,True,True,True,0.0,0.0,0.0,0.0
00076Z,32,2025-05-26 00:00:00,ACTIVE,2025-05-26,2025-11-16,0,17500.0000000000,17466.7500000000,0E-10,3000.0000000000,0.0,0.0,65.8,107.43
0006NE,731,2023-10-19 00:00:00,ACTIVE,2023-10-19,2024-06-05,106975,120650.0000000000,118981.7200000000,1522.0000000000,0E-10,-112.1,7244.83,225.38,265.79
0003KB,2102,2021-10-02 10:30:07,INACTIVE,True,True,0,True,True,True,True,0.0,0.0,0.0,0.0
0003F6,1345,2022-10-26 13:46:55,INACTIVE,True,True,0,True,True,True,True,0.0,0.0,0.0,0.0
0004C9,1364,2022-03-09 23:16:08,INACTIVE,True,True,0,True,True,True,True,0.0,0.0,0.0,0.0
0001V0,2014,2022-04-21 08:19:01,INACTIVE,True,True,0,True,True,True,True,0.0,0.0,0.0,0.0
0005O0,525,2024-05-22 11:35:33,INACTIVE,True,True,0,True,True,True,True,0.0,0.0,0.0,0.0
0006PO,1564,2021-04-25 19:14:00,INACTIVE,True,True,0,True,True,True,True,0.0,0.0,0.0,0.0
0006ML,691,2024-04-22 13:18:03,INACTIVE,True,True,0,True,True,True,True,0.0,0.0,0.0,0.0
0004OU,197,2025-06-17 15:45:35,INACTIVE,True,True,0,True,True,True,True,0.0,0.0,0.0,0.0
00060U,1662,2021-09-23 02:20:04,INACTIVE,True,True,0,True,True,True,True,0.0,0.0,0.0,0.0
0006VK,1455,2023-04-29 12:03:44,INACTIVE,True,True,0,True,True,True,True,0.0,0.0,0.0,0.0
0000W2,398,2024-07-25 18:01:33,INACTIVE,True,True,0,True,True,True,True,0.0,0.0,0.0,0.0
0003SL,521,2022-02-16 12:02:30,INACTIVE,2022-02-19,2023-11-03,8392146,True,True,True,True,-1247099.79,1099579.62,0.0,-1089668.75
0007LH,73,2024-08-11 09:22:01,ACTIVE,2024-11-13,2025-10-28,67292,117517.4900000000,94558.1300000000,4450.0000000000,0E-10,-22893.45,12690.25,308.87,-22509.74
0006ST,2696,2018-09-09 07:37:10,INACTIVE,True,True,0,True,True,True,True,0.0,0.0,0.0,0.0
0006MH,2674,2020-01-03 13:45:24,INACTIVE,True,True,0,True,True,True,True,0.0,0.0,0.0,0.0
00017E,275,2025-07-10 08:27:09,INACTIVE,True,True,0,True,True,True,True,0.0,0.0,0.0,0.0
0002SB,3473,2017-06-09 11:21:04,INACTIVE,2018-01-15,2018-01-15,311407,True,True,True,True,133074.1,395040.8,0.0,345362.53
0005NE,2665,2021-02-18 11:31:47,INACTIVE,True,True,0,True,True,True,True,0.0,0.0,0.0,0.0
0004AI,2552,2016-09-02 14:33:07,INACTIVE,2016-09-05,2016-09-05,265275,True,True,True,True,-93916.32,-10029.17,0.0,-74102.64
0004BM,468,2022-05-19 08:36:37,INACTIVE,2024-03-26,2024-03-26,1339052,True,True,True,True,-225664.33,258870.05,0.0,-258562.53
0002XY,2,2026-01-13 15:18:21,INACTIVE,True,True,0,True,True,True,True,0.0,0.0,0.0,0.0
0005G5,571,2024-10-28 08:43:09,INACTIVE,True,True,0,True,True,True,True,0.0,0.0,0.0,0.0
0004ZW,1227,2021-02-22 15:53:02,INACTIVE,True,True,0,True,True,True,True,0.0,0.0,0.0,0.0
0002MP,2,2026-01-11 00:00:00,ACTIVE,2026-01-11,2026-01-12,0,200.0000000000,0E-10,200.0000000000,0E-10,0.0,0.0,28.82,25.67
0000E9,399,2021-05-29 23:55:00,ACTIVE,2024-09-02,2024-11-03,25722,61201.0000000000,64181.6300000000,7800.0000000000,9000.0000000000,-9956.59,-7286.78,829.04,-4900.36
00035R,1246,2021-11-13 10:57:40,INACTIVE,True,True,0,True,True,True,True,0.0,0.0,0.0,0.0
0004UN,13,2026-01-04 11:58:15,INACTIVE,True,True,0,True,True,True,True,0.0,0.0,0.0,0.0
0007D9,3185,2019-10-08 11:02:34,INACTIVE,True,True,0,True,True,True,True,0.0,0.0,0.0,0.0
0002M8,162,2025-05-07 10:37:21,INACTIVE,True,True,0,True,True,True,True,0.0,0.0,0.0,0.0
0004G0,1032,2023-05-05 12:11:47,INACTIVE,True,True,0,True,True,True,True,0.0,0.0,0.0,0.0
0002D6,1349,2019-10-07 13:18:48,INACTIVE,True,True,0,True,True,True,True,0.0,0.0,0.0,0.0
0002AE,2041,2018-04-18 00:00:00,EXITED,2018-04-18,2018-04-18,22527,True,True,True,True,-15456.03,-11307.84,0.0,-7216.35
0003WZ,604,2023-12-31 23:39:52,INACTIVE,True,True,0,True,True,True,True,0.0,0.0,0.0,0.0
0007DZ,2582,2019-06-26 10:54:30,INACTIVE,2019-06-28,2019-06-28,3306204,True,True,True,True,4422269.21,3969387.84,0.0,2895929.7
0003MK,366,2025-02-02 08:42:37,INACTIVE,True,True,0,True,True,True,True,0.0,0.0,0.0,0.0
0003VO,2599,2019-10-25 16:19:17,INACTIVE,True,True,0,True,True,True,True,0.0,0.0,0.0,0.0
0004VR,1064,2023-10-31 21:30:47,INACTIVE,True,True,0,True,True,True,True,0.0,0.0,0.0,0.0
0005ET,2982,2014-02-27 00:00:00,INACTIVE,2014-02-28,2014-02-28,91035,True,True,True,True,0.0,0.0,0.0,0.0
0005EP,518,2024-11-14 00:00:00,ACTIVE,2024-11-14,2024-11-24,0,24900.0000000000,24000.0000000000,0E-10,0E-10,0.0,0.0,691.55,322.54
0004PN,2364,2020-06-29 17:25:23,INACTIVE,True,True,0,True,True,True,True,0.0,0.0,0.0,0.0
0003MH,1077,2020-12-15 16:50:32,INACTIVE,True,True,0,True,True,True,True,0.0,0.0,0.0,0.0
0000KU,133,2025-08-10 10:00:04,INACTIVE,True,True,0,True,True,True,True,0.0,0.0,0.0,0.0
0000YB,566,2023-02-08 12:07:07,INACTIVE,True,True,0,True,True,True,True,0.0,0.0,0.0,0.0
0004WJ,1035,2021-03-29 08:19:49,INACTIVE,True,True,0,True,True,True,True,0.0,0.0,0.0,0.0
0002BF,2058,2018-11-03 12:05:08,EXITED,2018-11-07,2018-11-07,154492,True,True,True,True,-110894.66,-25760.51,0.0,-107270.27
00038E,1268,2021-05-14 05:32:08,INACTIVE,True,True,0,True,True,True,True,0.0,0.0,0.0,0.0
0000GE,1596,2022-12-02 20:30:32,INACTIVE,True,True,0,True,True,True,True,0.0,0.0,0.0,0.0
0002JU,1143,2023-10-18 15:13:29,INACTIVE,True,True,0,True,True,True,True,0.0,0.0,0.0,0.0
0005IJ,260,2025-05-19 13:14:05,INACTIVE,True,True,0,True,True,True,True,0.0,0.0,0.0,0.0
00036M,1650,2022-05-20 06:47:52,INACTIVE,True,True,0,True,True,True,True,0.0,0.0,0.0,0.0
0002RP,811,2024-07-23 10:35:00,INACTIVE,True,True,0,True,True,True,True,0.0,0.0,0.0,0.0
00017X,2266,2019-03-23 11:47:19,INACTIVE,True,True,0,True,True,True,True,0.0,0.0,0.0,0.0
0001V8,2468,2019-06-07 23:23:31,INACTIVE,True,True,0,True,True,True,True,0.0,0.0,0.0,0.0
00037W,345,2025-03-21 09:13:26,INACTIVE,True,True,0,True,True,True,True,0.0,0.0,0.0,0.0
0004TP,1145,2023-11-01 08:39:26,INACTIVE,True,True,0,True,True,True,True,0.0,0.0,0.0,0.0
0000MM,314,2025-05-18 08:54:38,INACTIVE,True,True,0,True,True,True,True,0.0,0.0,0.0,0.0
0002BV,312,2024-07-11 14:52:47,INACTIVE,True,True,0,True,True,True,True,0.0,0.0,0.0,0.0
00057X,536,2024-09-18 07:39:04,ACTIVE,2024-09-20,2024-10-30,7966,21200.0000000000,20973.5300000000,150.0000000000,0E-10,-6451.64,1537.38,446.69,-3208.75
0003G2,923,2022-09-06 08:48:41,INACTIVE,True,True,0,True,True,True,True,0.0,0.0,0.0,0.0
00066J,1006,2022-05-23 15:21:44,INACTIVE,True,True,0,True,True,True,True,0.0,0.0,0.0,0.0
0002SH,209,2025-02-03 09:04:21,ACTIVE,2025-02-04,2025-06-29,2884175,755070.4500000000,753493.8400000000,1660.0000000000,0E-10,-1817654.42,-570457.11,3454.16,-2463869.5
0002N1,2638,2020-01-02 10:04:01,INACTIVE,True,True,0,True,True,True,True,0.0,0.0,0.0,0.0
00077J,36,2025-11-21 10:23:54,INACTIVE,True,True,0,True,True,True,True,0.0,0.0,0.0,0.0
0000N2,157,2025-07-06 14:44:29,INACTIVE,True,True,0,True,True,True,True,0.0,0.0,0.0,0.0
0006XI,107,2025-04-25 07:15:01,ACTIVE,2025-05-02,2025-10-19,4092087,7000100.0000000000,7866577.9600000000,15000.0000000000,0E-10,-58718.09,1024985.96,32626.48,-31567.99
0000RQ,82,2025-09-12 08:46:53,INACTIVE,True,True,0,True,True,True,True,0.0,0.0,0.0,0.0
0000ZF,655,2024-09-17 19:07:34,INACTIVE,True,True,0,True,True,True,True,0.0,0.0,0.0,0.0
00074R,215,2025-06-04 07:53:44,INACTIVE,True,True,0,True,True,True,True,0.0,0.0,0.0,0.0
00028Q,1587,2022-01-15 05:54:32,INACTIVE,True,True,0,True,True,True,True,0.0,0.0,0.0,0.0
0006W0,27,2025-11-29 15:04:45,INACTIVE,True,True,0,True,True,True,True,0.0,0.0,0.0,0.0
00072K,1303,2023-08-03 07:32:07,INACTIVE,True,True,0,True,True,True,True,0.0,0.0,0.0,0.0
0002DY,781,2024-07-01 08:00:56,ACTIVE,2024-07-03,2024-07-09,0,1000.0000000000,1000.0000000000,0E-10,0E-10,0.0,0.0,19.12,17.77
0005F7,263,2024-12-30 16:17:36,INACTIVE,True,True,0,True,True,True,True,0.0,0.0,0.0,0.0
0006I0,2993,2018-12-30 20:30:33,INACTIVE,True,True,0,True,True,True,True,0.0,0.0,0.0,0.0
0001JZ,414,2017-09-27 23:50:57,ACTIVE,2024-09-27,2025-03-01,39166,92650.0000000000,104838.5900000000,1300.0000000000,0E-10,-30250.34,-11216.94,290.14,-30119.14
0007J7,337,2024-07-22 11:37:59,INACTIVE,True,True,0,True,True,True,True,0.0,0.0,0.0,0.0
0001IX,687,2024-04-17 15:32:15,INACTIVE,True,True,0,True,True,True,True,0.0,0.0,0.0,0.0
0007OS,3322,2019-04-22 15:59:28,INACTIVE,True,True,0,True,True,True,True,0.0,0.0,0.0,0.0
00021I,286,2025-04-06 17:31:29,INACTIVE,True,True,0,True,True,True,True,0.0,0.0,0.0,0.0
0003ZJ,907,2024-04-18 20:11:09,INACTIVE,True,True,0,True,True,True,True,0.0,0.0,0.0,0.0
000305,1279,2019-08-26 02:05:14,INACTIVE,True,True,0,True,True,True,True,0.0,0.0,0.0,0.0
0003BY,1046,2024-01-09 00:00:00,ACTIVE,2024-01-09,2024-01-09,4056,5000.0000000000,5000.0000000000,0E-10,0E-10,-5040.16,-5239.5,122.32,-6392.31
0007BB,4275,2018-02-12 21:58:50,INACTIVE,True,True,0,True,True,True,True,0.0,0.0,0.0,0.0
0004EQ,1030,2020-09-04 17:33:11,ACTIVE,2021-09-28,2021-09-28,0,100.0000000000,100.0000000000,0E-10,0E-10,0.0,0.0,1.62,2.69
0000Z9,1850,2020-08-07 03:50:12,INACTIVE,True,True,0,True,True,True,True,0.0,0.0,0.0,0.0
0007F2,1275,2022-12-04 00:38:08,INACTIVE,True,True,0,True,True,True,True,0.0,0.0,0.0,0.0
000058,56,2025-12-06 18:55:02,INACTIVE,True,True,0,True,True,True,True,0.0,0.0,0.0,0.0
0000LB,2978,2013-09-03 00:00:00,INACTIVE,2013-09-04,2013-09-04,56198,True,True,True,True,0.0,0.0,0.0,0.0
0005Z6,601,2023-12-23 11:57:52,ACTIVE,2023-12-28,2024-01-26,283086,371905.0000000000,371593.4400000000,0E-10,0E-10,151151.66,411299.89,6344.52,114789.44
0003JH,1577,2022-09-18 02:53:14,INACTIVE,True,True,0,True,True,True,True,0.0,0.0,0.0,0.0
0004QQ,862,2023-06-13 00:00:00,EXITED,2023-06-13,2023-06-13,218104,True,True,True,True,-251386.71,-100157.6,0.0,-271895.18
0004WU,1295,2022-10-31 13:08:13,INACTIVE,True,True,0,True,True,True,True,0.0,0.0,0.0,0.0
0006LF,3368,2017-05-05 13:47:04,INACTIVE,True,True,0,True,True,True,True,0.0,0.0,0.0,0.0
00058Z,1174,2023-11-10 18:52:35,INACTIVE,True,True,0,True,True,True,True,0.0,0.0,0.0,0.0
000419,266,2024-11-26 15:31:24,INACTIVE,True,True,0,True,True,True,True,0.0,0.0,0.0,0.0
000341,1121,2023-10-05 07:12:46,ACTIVE,2023-10-06,2023-12-03,6469,12550.0000000000,12542.6200000000,0E-10,0E-10,-6897.62,-2994.26,188.03,-7533.07
0004WY,549,2024-08-17 10:25:37,INACTIVE,True,True,0,True,True,True,True,0.0,0.0,0.0,0.0
0004R1,1493,2023-02-17 00:00:00,ACTIVE,2023-02-17,2023-02-17,0,400.0000000000,300.0000000000,100.0000000000,0E-10,0.0,0.0,28.38,11.94
0006VN,1410,2019-10-17 13:13:21,INACTIVE,True,True,0,True,True,True,True,0.0,0.0,0.0,0.0
00004H,1241,2019-07-24 10:06:27,INACTIVE,2021-05-27,2023-01-24,8550719,True,True,True,True,-225894.7,2060787.28,0.0,-108950.14
0004L5,314,2025-04-15 00:00:00,ACTIVE,2025-04-15,2025-05-26,9329,12400.0000000000,12387.1800000000,0E-10,0E-10,-18061.04,-5434.58,134.57,-13686.16
0001MT,2336,2021-01-26 14:02:17,INACTIVE,True,True,0,True,True,True,True,0.0,0.0,0.0,0.0
000243,687,2018-08-28 15:12:37,INACTIVE,2022-01-05,2022-05-09,17493,True,True,True,True,-3089.74,-602.82,0.0,-1451.39
000666,565,2024-06-01 09:30:57,INACTIVE,True,True,0,True,True,True,True,0.0,0.0,0.0,0.0
00055G,172,2025-04-10 15:15:12,INACTIVE,True,True,0,True,True,True,True,0.0,0.0,0.0,0.0
00013J,1051,2021-08-19 10:10:02,INACTIVE,True,True,0,True,True,True,True,0.0,0.0,0.0,0.0
0001YE,1799,2021-12-16 23:38:34,INACTIVE,True,True,0,True,True,True,True,0.0,0.0,0.0,0.0
00053R,3410,2019-08-19 05:06:57,INACTIVE,True,True,0,True,True,True,True,0.0,0.0,0.0,0.0
0004LM,724,2024-04-17 20:05:33,INACTIVE,True,True,0,True,True,True,True,0.0,0.0,0.0,0.0
0005UB,1608,2018-09-24 11:59:52,EXITED,2018-09-25,2018-09-25,156169,True,True,True,True,-22774.43,-1000.23,0.0,-55709.73
000582,802,2023-02-02 21:46:51,INACTIVE,True,True,0,True,True,True,True,0.0,0.0,0.0,0.0
0000UK,196,2025-06-06 09:15:48,INACTIVE,True,True,0,True,True,True,True,0.0,0.0,0.0,0.0
0002SQ,65,2025-10-03 01:50:37,INACTIVE,True,True,0,True,True,True,True,0.0,0.0,0.0,0.0
0005DP,151,2025-09-25 13:42:51,INACTIVE,True,True,0,True,True,True,True,0.0,0.0,0.0,0.0
0002E9,1968,2018-04-14 10:29:51,INACTIVE,True,True,0,True,True,True,True,0.0,0.0,0.0,0.0
0004MH,421,2024-03-18 10:44:53,INACTIVE,True,True,0,True,True,True,True,0.0,0.0,0.0,0.0
0007JM,3454,2018-04-29 20:30:03,INACTIVE,True,True,0,True,True,True,True,0.0,0.0,0.0,0.0
0006K1,1683,2018-09-09 11:12:10,INACTIVE,True,True,0,True,True,True,True,0.0,0.0,0.0,0.0
00037M,920,2023-04-10 21:14:03,INACTIVE,True,True,0,True,True,True,True,0.0,0.0,0.0,0.0
0007EA,1947,2020-10-16 22:35:28,INACTIVE,True,True,0,True,True,True,True,0.0,0.0,0.0,0.0
0001Y0,759,2022-06-17 00:00:00,ACTIVE,2022-06-17,2022-06-17,0,100.0000000000,0E-10,0E-10,0E-10,0.0,0.0,1.77,1.18
0006J8,215,2019-05-18 19:44:52,ACTIVE,2025-04-25,2025-06-25,87742,285400.0000000000,284405.5500000000,900.0000000000,0E-10,-88410.7,-31743.69,2625.8,-96062.58
0002E0,581,2024-06-01 11:58:51,INACTIVE,True,True,0,True,True,True,True,0.0,0.0,0.0,0.0
0001LY,3214,2018-03-20 00:00:00,EXITED,2018-03-20,2018-07-05,51866,True,True,True,True,-22254.9,-11930.76,0.0,-25348.57
0004A4,666,2023-07-04 20:39:07,INACTIVE,True,True,0,True,True,True,True,0.0,0.0,0.0,0.0
0003WQ,439,2024-08-20 02:49:37,INACTIVE,True,True,0,True,True,True,True,0.0,0.0,0.0,0.0
00050E,4992,2014-04-02 00:00:00,INACTIVE,2014-04-03,2014-04-03,247258,True,True,True,True,79307.63,59767.15,0.0,29861.82
000629,7,2020-08-10 17:02:15,ACTIVE,2024-06-20,2026-01-02,277556,581705.0900000000,581034.8300000000,0E-10,0E-10,-178181.12,80422.71,457.7,-72280.14
0001CR,600,2023-05-17 12:45:50,INACTIVE,True,True,0,True,True,True,True,0.0,0.0,0.0,0.0
0004SG,323,2024-08-28 00:00:00,ACTIVE,2024-08-28,2024-11-29,105705,102639.2600000000,116471.9300000000,6200.0000000000,0E-10,11938.75,37992.41,613.46,20913.57
0000PG,1535,2019-02-07 09:10:42,EXITED,2019-02-09,2019-02-09,67204,True,True,True,True,169052.92,163082.29,0.0,195650.89
00052Z,1314,2019-05-16 11:23:49,INACTIVE,True,True,0,True,True,True,True,0.0,0.0,0.0,0.0
00072Y,858,2024-06-17 08:54:30,INACTIVE,True,True,0,True,True,True,True,0.0,0.0,0.0,0.0
00055R,4,2026-01-11 23:26:03,INACTIVE,True,True,0,True,True,True,True,0.0,0.0,0.0,0.0
0005DQ,2544,2019-04-21 14:16:59,INACTIVE,True,True,0,True,True,True,True,0.0,0.0,0.0,0.0
0007NW,1288,2020-07-21 05:07:49,EXITED,2021-05-15,2021-05-15,117425,True,True,True,True,-146914.07,-104140.56,0.0,-60338.97
0004T1,61,2025-09-16 10:23:49,INACTIVE,True,True,0,True,True,True,True,0.0,0.0,0.0,0.0
0002BO,258,2023-10-22 12:48:47,ACTIVE,2025-06-23,2025-06-23,0,1900.0000000000,1860.7500000000,0E-10,0E-10,0.0,0.0,46.17,56.43
0004KR,946,2023-10-17 00:00:00,ACTIVE,2023-10-17,2023-12-04,11243,5286.0000000000,5052.8600000000,200.0000000000,0E-10,-4343.89,-6104.09,124.32,-10317.48
00001D,103,2018-09-06 14:46:09,ACTIVE,2024-09-06,2025-11-06,629613,2170700.0000000000,2127609.4100000000,25500.0000000000,0E-10,-491795.11,118400.13,3985.23,-231244.9
0005IC,44,2022-06-07 00:00:00,ACTIVE,2022-06-07,2025-10-23,0,200.0000000000,100.0000000000,100.0000000000,0E-10,0.0,0.0,0.25,0.38
000095,29,2025-11-30 00:00:00,ACTIVE,2025-11-30,2025-12-01,0,2000.0000000000,1000.0000000000,1000.0000000000,0E-10,0.0,0.0,214.71,112.14
0000IL,2312,2020-10-26 08:26:51,EXITED,True,True,0,True,True,True,True,0.0,0.0,0.0,0.0
00045L,3090,2015-11-06 14:06:28,INACTIVE,True,True,0,True,True,True,True,0.0,0.0,0.0,0.0
0006Z9,1579,2018-05-17 13:45:07,INACTIVE,True,True,0,True,True,True,True,0.0,0.0,0.0,0.0
00056C,401,2024-09-01 09:59:38,INACTIVE,True,True,0,True,True,True,True,0.0,0.0,0.0,0.0
000219,331,2024-07-01 14:15:23,INACTIVE,True,True,0,True,True,True,True,0.0,0.0,0.0,0.0
0004PV,2996,2019-11-28 16:23:53,INACTIVE,True,True,0,True,True,True,True,0.0,0.0,0.0,0.0
0002KB,2315,2021-06-09 15:50:11,INACTIVE,True,True,0,True,True,True,True,0.0,0.0,0.0,0.0
000272,396,2025-02-01 07:39:53,INACTIVE,True,True,0,True,True,True,True,0.0,0.0,0.0,0.0
0000OL,2166,2019-05-06 21:18:32,INACTIVE,True,True,0,True,True,True,True,0.0,0.0,0.0,0.0
0001M6,360,2025-04-06 07:53:58,INACTIVE,True,True,0,True,True,True,True,0.0,0.0,0.0,0.0
0000BU,1516,2022-05-16 15:35:59,INACTIVE,True,True,0,True,True,True,True,0.0,0.0,0.0,0.0
0003Z4,1160,2023-08-01 15:26:31,INACTIVE,True,True,0,True,True,True,True,0.0,0.0,0.0,0.0
0001PV,793,2023-11-23 14:58:12,INACTIVE,True,True,0,True,True,True,True,0.0,0.0,0.0,0.0
0003C4,1469,2023-04-14 17:11:27,INACTIVE,True,True,0,True,True,True,True,0.0,0.0,0.0,0.0
0003AF,1245,2018-01-03 12:44:37,INACTIVE,2018-01-09,2021-09-22,1855852,True,True,True,True,-343591.97,1192967.31,0.0,-337530.42
0004WK,1241,2022-12-18 14:24:23,INACTIVE,True,True,0,True,True,True,True,0.0,0.0,0.0,0.0
0000TY,2208,2021-06-02 09:57:25,INACTIVE,True,True,0,True,True,True,True,0.0,0.0,0.0,0.0
00049P,1786,2022-07-14 07:02:07,INACTIVE,True,True,0,True,True,True,True,0.0,0.0,0.0,0.0
0006F7,2475,2021-05-10 18:08:59,INACTIVE,True,True,0,True,True,True,True,0.0,0.0,0.0,0.0
00055A,404,2024-10-21 13:07:25,INACTIVE,True,True,0,True,True,True,True,0.0,0.0,0.0,0.0
0000I2,2836,2019-07-26 13:32:19,INACTIVE,True,True,0,True,True,True,True,0.0,0.0,0.0,0.0
00049B,345,2024-11-05 10:03:21,INACTIVE,True,True,0,True,True,True,True,0.0,0.0,0.0,0.0
0002C7,2864,2019-03-21 16:00:57,INACTIVE,True,True,0,True,True,True,True,0.0,0.0,0.0,0.0
00032Z,138,2025-06-27 17:26:41,INACTIVE,True,True,0,True,True,True,True,0.0,0.0,0.0,0.0
0003T2,1205,2022-06-17 04:33:02,INACTIVE,True,True,0,True,True,True,True,0.0,0.0,0.0,0.0
0003AJ,721,2024-08-25 07:06:20,INACTIVE,True,True,0,True,True,True,True,0.0,0.0,0.0,0.0
00078M,1548,2022-10-22 10:57:43,INACTIVE,True,True,0,True,True,True,True,0.0,0.0,0.0,0.0
0005JD,1505,2021-11-27 20:18:17,INACTIVE,True,True,0,True,True,True,True,0.0,0.0,0.0,0.0
0004ND,1268,2020-09-02 20:11:41,INACTIVE,True,True,0,True,True,True,True,0.0,0.0,0.0,0.0
0000A1,927,2023-03-19 21:20:04,EXITED,2023-03-20,2023-03-20,81276,True,True,True,True,-117639.07,-81203.28,0.0,-107282.71
0007K8,1075,2021-06-07 16:12:46,INACTIVE,True,True,0,True,True,True,True,0.0,0.0,0.0,0.0
0005XT,1092,2020-10-12 20:47:56,INACTIVE,True,True,0,True,True,True,True,0.0,0.0,0.0,0.0
000091,2170,2021-10-25 10:47:11,INACTIVE,True,True,0,True,True,True,True,0.0,0.0,0.0,0.0
0005WS,49,2025-11-27 13:46:37,INACTIVE,True,True,0,True,True,True,True,0.0,0.0,0.0,0.0
00005A,694,2022-10-26 20:24:46,INACTIVE,True,True,0,True,True,True,True,0.0,0.0,0.0,0.0
0004GS,2753,2019-11-05 15:10:23,INACTIVE,True,True,0,True,True,True,True,0.0,0.0,0.0,0.0
00022I,1620,2018-04-25 11:10:28,INACTIVE,True,True,0,True,True,True,True,0.0,0.0,0.0,0.0
00058K,1812,2020-07-03 22:57:12,INACTIVE,True,True,0,True,True,True,True,0.0,0.0,0.0,0.0
00044S,1198,2021-07-19 18:31:37,INACTIVE,True,True,0,True,True,True,True,0.0,0.0,0.0,0.0
0002YI,259,2021-01-05 10:17:06,ACTIVE,2022-10-06,2024-12-22,52345,37100.0000000000,31000.0000000000,0E-10,0E-10,-12590.87,1954.56,33.32,-18846.62
000732,2415,2019-08-23 16:15:33,INACTIVE,True,True,0,True,True,True,True,0.0,0.0,0.0,0.0
0005K3,557,2024-10-15 14:27:46,INACTIVE,True,True,0,True,True,True,True,0.0,0.0,0.0,0.0
0000OX,1984,2020-07-15 23:40:21,INACTIVE,True,True,0,True,True,True,True,0.0,0.0,0.0,0.0
00003V,13,2026-01-05 08:44:48,INACTIVE,True,True,0,True,True,True,True,0.0,0.0,0.0,0.0
0003LW,1787,2022-08-03 11:31:11,INACTIVE,True,True,0,True,True,True,True,0.0,0.0,0.0,0.0
000756,50,2025-12-08 14:34:37,INACTIVE,True,True,0,True,True,True,True,0.0,0.0,0.0,0.0
0000GR,352,2025-05-18 20:02:32,INACTIVE,True,True,0,True,True,True,True,0.0,0.0,0.0,0.0
00075A,83,2025-11-18 00:00:00,ACTIVE,2025-11-18,2025-11-18,0,1000.0000000000,910.7500000000,0E-10,0E-10,0.0,0.0,26.64,15.14
00026T,155,2025-09-21 06:11:04,INACTIVE,True,True,0,True,True,True,True,0.0,0.0,0.0,0.0
0002HT,365,2024-10-12 10:59:53,INACTIVE,True,True,0,True,True,True,True,0.0,0.0,0.0,0.0
0000TZ,1150,2021-05-15 10:20:27,INACTIVE,True,True,0,True,True,True,True,0.0,0.0,0.0,0.0
0002RD,523,2024-11-15 05:09:31,INACTIVE,True,True,0,True,True,True,True,0.0,0.0,0.0,0.0
000187,429,2025-03-02 19:06:54,INACTIVE,True,True,0,True,True,True,True,0.0,0.0,0.0,0.0
00055O,1831,2022-04-02 22:24:34,INACTIVE,True,True,0,True,True,True,True,0.0,0.0,0.0,0.0
0005JB,1528,2022-05-20 12:44:04,INACTIVE,True,True,0,True,True,True,True,0.0,0.0,0.0,0.0
0007CD,2077,2021-10-06 11:21:39,INACTIVE,True,True,0,True,True,True,True,0.0,0.0,0.0,0.0
0005QR,872,2024-01-24 11:41:14,INACTIVE,True,True,0,True,True,True,True,0.0,0.0,0.0,0.0
0000CU,1208,2023-03-15 00:00:00,EXITED,2023-03-15,2023-03-15,115134,True,True,True,True,-110468.42,-132564.27,0.0,-104578.56
00014Z,911,2021-06-23 22:43:03,INACTIVE,True,True,0,True,True,True,True,0.0,0.0,0.0,0.0
00063I,82,2024-06-26 10:30:44,ACTIVE,2025-01-24,2025-10-22,837961,1838400.0000000000,2267770.1400000000,0E-10,0E-10,191488.87,822953.64,2991.2,121468.24
0000I4,345,2024-04-09 15:47:20,INACTIVE,True,True,0,True,True,True,True,0.0,0.0,0.0,0.0
0005S6,983,2021-06-30 13:57:08,INACTIVE,True,True,0,True,True,True,True,0.0,0.0,0.0,0.0
0004GL,1310,2022-08-06 20:23:56,INACTIVE,True,True,0,True,True,True,True,0.0,0.0,0.0,0.0
0004FM,1452,2018-10-11 21:48:30,INACTIVE,True,True,0,True,True,True,True,0.0,0.0,0.0,0.0
0001O5,3380,2019-06-29 05:58:14,INACTIVE,True,True,0,True,True,True,True,0.0,0.0,0.0,0.0
0006KB,1005,2021-09-26 18:56:48,INACTIVE,2023-02-23,2023-02-23,398479,True,True,True,True,-49572.93,50939.62,0.0,-75616.59
00029I,3253,2018-08-14 00:00:00,EXITED,2018-08-14,2018-08-14,10044,True,True,True,True,-11734.51,-15086.67,0.0,-9524.49
0004VN,1512,2019-08-26 06:59:14,INACTIVE,True,True,0,True,True,True,True,0.0,0.0,0.0,0.0
0001JG,2664,2020-08-17 16:03:50,INACTIVE,True,True,0,True,True,True,True,0.0,0.0,0.0,0.0
000414,2721,2017-09-22 17:20:48,INACTIVE,2017-09-25,2018-06-04,0,0E-10,0E-10,0E-10,0E-10,0.0,0.0,0.0,0.0
0007JH,846,2023-11-08 10:49:05,INACTIVE,True,True,0,True,True,True,True,0.0,0.0,0.0,0.0
0001JT,1823,2021-09-11 10:52:27,INACTIVE,True,True,0,True,True,True,True,0.0,0.0,0.0,0.0
00046D,585,2024-07-01 18:40:29,INACTIVE,True,True,0,True,True,True,True,0.0,0.0,0.0,0.0
0000Q4,81,2025-10-31 14:34:35,INACTIVE,True,True,0,True,True,True,True,0.0,0.0,0.0,0.0
0005QY,213,2024-11-24 12:22:17,ACTIVE,2024-12-12,2025-07-28,628536,1252217.4900000000,1215204.8900000000,0E-10,117422.1700000000,-399401.22,-7602.76,3124.42,-376966.76
0005BV,481,2019-04-26 12:55:02,ACTIVE,2024-12-24,2025-01-12,16885,19400.0000000000,19201.7500000000,0E-10,0E-10,-10974.36,-4705.01,463.57,-13721.23
00056L,1214,2021-12-01 07:41:21,INACTIVE,True,True,0,True,True,True,True,0.0,0.0,0.0,0.0
0004W0,1699,2022-10-08 17:17:01,INACTIVE,True,True,0,True,True,True,True,0.0,0.0,0.0,0.0
0004AV,909,2023-02-15 01:03:00,INACTIVE,True,True,0,True,True,True,True,0.0,0.0,0.0,0.0
0001DV,209,2025-04-20 10:04:17,INACTIVE,True,True,0,True,True,True,True,0.0,0.0,0.0,0.0
0004FL,2885,2016-04-21 11:17:57,INACTIVE,2016-04-22,2016-04-22,449722,True,True,True,True,-246273.21,-104589.81,0.0,-348690.12
00068M,2060,2019-06-21 15:18:01,INACTIVE,True,True,0,True,True,True,True,0.0,0.0,0.0,0.0
0000E8,2059,2019-02-21 10:16:44,INACTIVE,True,True,0,True,True,True,True,0.0,0.0,0.0,0.0
0004QI,363,2025-04-15 00:00:00,ACTIVE,2025-04-15,2025-04-20,0,10000.0000000000,6450.0000000000,3500.0000000000,0E-10,0.0,0.0,337.34,675.81
0001P5,2332,2019-08-21 12:56:26,INACTIVE,2019-08-23,2020-01-09,2137829,True,True,True,True,359904.68,1153586.87,0.0,658338.58
0000WW,2022,2022-04-08 01:46:53,INACTIVE,True,True,0,True,True,True,True,0.0,0.0,0.0,0.0
0002ER,1803,2016-07-27 07:52:58,INACTIVE,2017-08-03,2017-08-03,122905,True,True,True,True,21000.42,110255.07,0.0,18258.61
0005AO,1486,2022-05-22 23:55:59,INACTIVE,True,True,0,True,True,True,True,0.0,0.0,0.0,0.0
0002NJ,800,2022-05-14 07:31:49,INACTIVE,True,True,0,True,True,True,True,0.0,0.0,0.0,0.0
0001HQ,278,2025-03-31 10:05:48,INACTIVE,True,True,0,True,True,True,True,0.0,0.0,0.0,0.0
0000XX,650,2024-01-10 06:59:10,INACTIVE,True,True,0,True,True,True,True,0.0,0.0,0.0,0.0
00063X,958,2023-10-27 11:11:44,INACTIVE,True,True,0,True,True,True,True,0.0,0.0,0.0,0.0
0001NY,3043,2019-05-09 11:35:34,INACTIVE,True,True,0,True,True,True,True,0.0,0.0,0.0,0.0
0000AX,900,2022-09-14 16:20:32,INACTIVE,True,True,0,True,True,True,True,0.0,0.0,0.0,0.0
00017Y,1487,2020-03-04 10:30:19,INACTIVE,True,True,0,True,True,True,True,0.0,0.0,0.0,0.0
0001DC,65,2025-11-05 23:21:25,INACTIVE,True,True,0,True,True,True,True,0.0,0.0,0.0,0.0
0000ZV,68,2025-10-15 09:06:41,INACTIVE,True,True,0,True,True,True,True,0.0,0.0,0.0,0.0
0000ZM,304,2025-05-02 19:28:14,INACTIVE,True,True,0,True,True,True,True,0.0,0.0,0.0,0.0
0007AK,590,2024-06-14 08:46:12,INACTIVE,True,True,0,True,True,True,True,0.0,0.0,0.0,0.0
0001RC,1568,2022-10-21 01:20:14,INACTIVE,True,True,0,True,True,True,True,0.0,0.0,0.0,0.0
0001FM,1289,2023-08-28 12:12:33,INACTIVE,2023-08-29,2023-08-29,341185,True,True,True,True,-131970.47,-34046.02,0.0,-233471.06
00058Y,1408,2021-08-26 20:53:07,INACTIVE,True,True,0,True,True,True,True,0.0,0.0,0.0,0.0
0005EI,3164,2019-11-27 11:19:14,INACTIVE,True,True,0,True,True,True,True,0.0,0.0,0.0,0.0
0004JJ,49,2025-12-08 07:51:14,INACTIVE,True,True,0,True,True,True,True,0.0,0.0,0.0,0.0
0001DJ,1388,2020-03-08 07:28:23,INACTIVE,True,True,0,True,True,True,True,0.0,0.0,0.0,0.0
0001K2,1353,2023-04-08 18:26:00,INACTIVE,True,True,0,True,True,True,True,0.0,0.0,0.0,0.0
0002NE,206,2025-06-19 05:33:50,INACTIVE,True,True,0,True,True,True,True,0.0,0.0,0.0,0.0
0001WD,1224,2023-04-09 06:08:27,INACTIVE,True,True,0,True,True,True,True,0.0,0.0,0.0,0.0
0001IT,2386,2020-08-10 13:15:01,INACTIVE,True,True,0,True,True,True,True,0.0,0.0,0.0,0.0
00061M,3116,2019-11-20 05:35:21,INACTIVE,True,True,0,True,True,True,True,0.0,0.0,0.0,0.0
0003K1,527,2024-11-23 10:37:08,INACTIVE,True,True,0,True,True,True,True,0.0,0.0,0.0,0.0
0001GX,201,2025-08-16 19:23:01,INACTIVE,True,True,0,True,True,True,True,0.0,0.0,0.0,0.0
0006PD,2808,2016-09-03 06:52:21,INACTIVE,True,True,0,True,True,True,True,0.0,0.0,0.0,0.0
00052Y,626,2024-11-16 00:00:00,ACTIVE,2024-11-16,2024-11-16,0,18000.0000000000,18000.0000000000,0E-10,9000.0000000000,0.0,0.0,941.42,362.16
0004KZ,217,2025-07-12 06:21:06,INACTIVE,True,True,0,True,True,True,True,0.0,0.0,0.0,0.0
0000D6,1961,2021-10-28 22:34:59,INACTIVE,True,True,0,True,True,True,True,0.0,0.0,0.0,0.0
0005W1,613,2024-10-21 08:00:10,INACTIVE,True,True,0,True,True,True,True,0.0,0.0,0.0,0.0
0000NA,2117,2016-09-29 13:00:22,INACTIVE,2016-09-30,2016-09-30,227112,True,True,True,True,-126508.19,-38854.75,0.0,-104406.07
00007T,979,2022-11-02 10:25:46,INACTIVE,True,True,0,True,True,True,True,0.0,0.0,0.0,0.0
0000TW,1888,2022-03-04 15:45:11,INACTIVE,True,True,0,True,True,True,True,0.0,0.0,0.0,0.0
00040R,144,2025-10-06 15:10:20,INACTIVE,True,True,0,True,True,True,True,0.0,0.0,0.0,0.0
0003YE,727,2024-06-15 10:51:34,INACTIVE,True,True,0,True,True,True,True,0.0,0.0,0.0,0.0
0002QW,2285,2019-09-03 11:47:17,INACTIVE,True,True,0,True,True,True,True,0.0,0.0,0.0,0.0
00071I,165,2025-06-09 16:29:15,INACTIVE,True,True,0,True,True,True,True,0.0,0.0,0.0,0.0
0000WI,625,2024-05-15 07:35:06,INACTIVE,True,True,0,True,True,True,True,0.0,0.0,0.0,0.0
00067B,1786,2020-08-04 21:37:03,INACTIVE,True,True,0,True,True,True,True,0.0,0.0,0.0,0.0
0006U9,1115,2023-11-02 13:02:26,INACTIVE,True,True,0,True,True,True,True,0.0,0.0,0.0,0.0
000002,46,2024-03-07 00:00:00,ACTIVE,2024-03-07,2025-12-03,5436,64657.0000000000,60761.3100000000,1050.0000000000,0E-10,-6350.73,-4769.25,64.58,-8468.29
0001FH,870,2023-05-16 06:10:53,INACTIVE,True,True,0,True,True,True,True,0.0,0.0,0.0,0.0
0003HE,503,2024-08-29 10:35:47,INACTIVE,True,True,0,True,True,True,True,0.0,0.0,0.0,0.0
0006ZQ,2102,2022-01-09 15:58:01,EXITED,2022-01-10,2022-01-10,20611,True,True,True,True,-24148.36,-18866.17,0.0,-12692.95
0000A7,548,2024-09-10 10:23:54,INACTIVE,True,True,0,True,True,True,True,0.0,0.0,0.0,0.0
00008C,252,2025-02-03 12:38:07,INACTIVE,True,True,0,True,True,True,True,0.0,0.0,0.0,0.0
0007O5,122,2025-01-04 14:47:30,ACTIVE,2025-01-09,2025-09-15,16034,18600.0000000000,18600.0000000000,0E-10,0E-10,-22799.28,-12691.04,34.58,-24462.62
0002V5,495,2024-08-20 08:56:52,INACTIVE,True,True,0,True,True,True,True,0.0,0.0,0.0,0.0
0000I7,184,2025-06-02 12:00:59,INACTIVE,True,True,0,True,True,True,True,0.0,0.0,0.0,0.0
00048H,1523,2022-09-01 13:57:32,INACTIVE,True,True,0,True,True,True,True,0.0,0.0,0.0,0.0
00051V,324,2024-11-19 09:51:06,INACTIVE,True,True,0,True,True,True,True,0.0,0.0,0.0,0.0
0006M3,2279,2019-10-03 09:35:29,INACTIVE,True,True,0,True,True,True,True,0.0,0.0,0.0,0.0
0000VX,1038,2023-01-08 08:16:05,INACTIVE,True,True,0,True,True,True,True,0.0,0.0,0.0,0.0
00028J,1105,2022-11-29 06:33:50,INACTIVE,True,True,0,True,True,True,True,0.0,0.0,0.0,0.0
0004EK,696,2024-04-03 18:43:02,INACTIVE,True,True,0,True,True,True,True,0.0,0.0,0.0,0.0
0004SB,168,2025-08-26 15:12:03,INACTIVE,True,True,0,True,True,True,True,0.0,0.0,0.0,0.0
0001ZJ,184,2025-04-04 16:19:47,INACTIVE,True,True,0,True,True,True,True,0.0,0.0,0.0,0.0
0001L1,976,2022-08-26 18:37:44,INACTIVE,True,True,0,True,True,True,True,0.0,0.0,0.0,0.0
0003UC,3093,2019-05-22 21:28:46,INACTIVE,True,True,0,True,True,True,True,0.0,0.0,0.0,0.0
0003BH,3635,2018-12-21 13:47:52,INACTIVE,True,True,0,True,True,True,True,0.0,0.0,0.0,0.0
0001F7,219,2024-12-08 08:29:20,INACTIVE,True,True,0,True,True,True,True,0.0,0.0,0.0,0.0
000617,1590,2018-06-13 13:18:42,INACTIVE,True,True,0,True,True,True,True,0.0,0.0,0.0,0.0
0005ZN,2521,2021-03-24 21:03:52,INACTIVE,True,True,0,True,True,True,True,0.0,0.0,0.0,0.0
0001L8,71,2025-09-28 00:00:00,ACTIVE,2025-09-28,2025-09-28,0,500.0000000000,0E-10,500.0000000000,0E-10,0.0,0.0,49.21,78.33
00020M,1930,2022-06-20 19:12:32,INACTIVE,True,True,0,True,True,True,True,0.0,0.0,0.0,0.0
0004MZ,3202,2019-06-10 12:09:43,INACTIVE,True,True,0,True,True,True,True,0.0,0.0,0.0,0.0
0000PX,526,2023-09-21 10:22:35,INACTIVE,True,True,0,True,True,True,True,0.0,0.0,0.0,0.0
0005M9,451,2023-12-27 23:54:28,ACTIVE,2023-12-28,2023-12-28,2552,5000.0000000000,5000.0000000000,0E-10,0E-10,-6646.55,-7716.02,78.53,-4610.8
0002I4,712,2024-09-20 17:15:15,INACTIVE,True,True,0,True,True,True,True,0.0,0.0,0.0,0.0
0001DO,736,2019-02-16 08:10:15,ACTIVE,2023-05-16,2023-05-16,0,5.0000000000,0E-10,0E-10,0E-10,0.0,0.0,0.09,0.11
00073R,194,2025-07-12 10:05:36,INACTIVE,True,True,0,True,True,True,True,0.0,0.0,0.0,0.0
000069,171,2025-05-28 06:17:55,INACTIVE,True,True,0,True,True,True,True,0.0,0.0,0.0,0.0
00075H,3086,2018-05-13 16:23:15,INACTIVE,True,True,0,True,True,True,True,0.0,0.0,0.0,0.0
0002MO,2919,2020-01-29 22:34:33,INACTIVE,True,True,0,True,True,True,True,0.0,0.0,0.0,0.0
0004ZF,708,2024-05-13 00:00:00,ACTIVE,2024-05-13,2024-05-13,3941,5000.0000000000,4550.0000000000,0E-10,0E-10,-1043.06,271.86,68.41,-1090.61
000508,487,2023-08-08 17:20:49,INACTIVE,True,True,0,True,True,True,True,0.0,0.0,0.0,0.0
0003HS,2925,2018-09-23 10:52:25,INACTIVE,True,True,0,True,True,True,True,0.0,0.0,0.0,0.0
00001N,1131,2023-05-17 22:13:32,INACTIVE,True,True,0,True,True,True,True,0.0,0.0,0.0,0.0
000139,179,2019-07-07 18:34:28,ACTIVE,2025-05-05,2025-05-05,20428,26900.0000000000,26789.1800000000,0E-10,0E-10,-56369.04,-35067.17,688.38,-62107.24
000505,569,2024-10-21 12:43:40,INACTIVE,True,True,0,True,True,True,True,0.0,0.0,0.0,0.0
00021A,8,2023-07-10 00:00:00,ACTIVE,2023-07-10,2026-01-08,18079,404088.9600000000,394476.5100000000,9780.0000000000,0E-10,-1742.28,731.72,341.61,-628.49
0000KY,1305,2019-01-10 13:36:18,INACTIVE,True,True,0,True,True,True,True,0.0,0.0,0.0,0.0
0002YW,2124,2022-01-12 11:31:51,INACTIVE,True,True,0,True,True,True,True,0.0,0.0,0.0,0.0
0007LI,1199,2022-07-27 21:23:08,INACTIVE,True,True,0,True,True,True,True,0.0,0.0,0.0,0.0
0007KV,1183,2021-08-14 09:00:37,INACTIVE,True,True,0,True,True,True,True,0.0,0.0,0.0,0.0
0004KY,421,2024-01-27 15:14:38,INACTIVE,True,True,0,True,True,True,True,0.0,0.0,0.0,0.0
00014E,17,2025-12-27 14:00:32,INACTIVE,True,True,0,True,True,True,True,0.0,0.0,0.0,0.0
0004Y8,353,2024-11-04 16:52:01,INACTIVE,True,True,0,True,True,True,True,0.0,0.0,0.0,0.0
0001WG,305,2024-12-29 13:51:08,INACTIVE,True,True,0,True,True,True,True,0.0,0.0,0.0,0.0
0005J6,3506,2018-08-14 10:55:24,INACTIVE,True,True,0,True,True,True,True,0.0,0.0,0.0,0.0
00059O,2642,2019-09-23 05:05:45,INACTIVE,True,True,0,True,True,True,True,0.0,0.0,0.0,0.0
0006NZ,826,2022-06-21 13:26:08,INACTIVE,True,True,0,True,True,True,True,0.0,0.0,0.0,0.0
0001DM,555,2024-10-13 04:24:41,INACTIVE,True,True,0,True,True,True,True,0.0,0.0,0.0,0.0
0007MQ,943,2023-12-06 10:25:10,INACTIVE,True,True,0,True,True,True,True,0.0,0.0,0.0,0.0
0001HF,1648,2021-08-04 06:41:08,INACTIVE,True,True,0,True,True,True,True,0.0,0.0,0.0,0.0
0005FU,2323,2021-10-15 10:47:13,INACTIVE,True,True,0,True,True,True,True,0.0,0.0,0.0,0.0
0001YS,280,2025-01-23 09:03:41,INACTIVE,True,True,0,True,True,True,True,0.0,0.0,0.0,0.0
00062L,600,2023-01-16 11:49:44,ACTIVE,2023-01-17,2023-02-06,0,36000.0000000000,33100.0000000000,2800.0000000000,0E-10,0.0,0.0,1063.96,1211.01
00034W,111,2025-06-20 21:06:10,INACTIVE,True,True,0,True,True,True,True,0.0,0.0,0.0,0.0
00077U,86,2025-10-01 16:10:04,ACTIVE,2025-10-02,2025-10-02,4393,7000.0000000000,6972.1300000000,0E-10,0E-10,-10417.77,-8305.2,101.44,-12235.05
00030U,1209,2018-12-13 11:40:51,ACTIVE,2022-09-21,2022-09-21,0,100.0000000000,0E-10,0E-10,0E-10,0.0,0.0,2.71,3.08
0002FE,78,2025-09-02 19:34:57,INACTIVE,True,True,0,True,True,True,True,0.0,0.0,0.0,0.0
0000CG,2514,2019-08-01 23:55:47,INACTIVE,True,True,0,True,True,True,True,0.0,0.0,0.0,0.0
000097,305,2025-06-11 13:38:16,INACTIVE,True,True,0,True,True,True,True,0.0,0.0,0.0,0.0
0006S4,64,2025-11-27 17:27:14,INACTIVE,True,True,0,True,True,True,True,0.0,0.0,0.0,0.0
0005EQ,560,2024-09-24 10:05:54,INACTIVE,True,True,0,True,True,True,True,0.0,0.0,0.0,0.0
000237,2095,2021-02-07 12:06:25,INACTIVE,True,True,0,True,True,True,True,0.0,0.0,0.0,0.0
0001NS,1665,2022-05-03 19:58:52,INACTIVE,True,True,0,True,True,True,True,0.0,0.0,0.0,0.0
00042M,1033,2023-03-13 12:20:52,INACTIVE,True,True,0,True,True,True,True,0.0,0.0,0.0,0.0
000108,1180,2022-06-16 09:43:28,INACTIVE,True,True,0,True,True,True,True,0.0,0.0,0.0,0.0
0006F1,40,2025-11-26 16:22:10,INACTIVE,True,True,0,True,True,True,True,0.0,0.0,0.0,0.0
0004FB,978,2021-07-29 23:29:00,INACTIVE,True,True,0,True,True,True,True,0.0,0.0,0.0,0.0
00019I,3564,2016-11-08 12:39:16,INACTIVE,True,True,0,True,True,True,True,0.0,0.0,0.0,0.0
0000S2,1012,2023-03-11 22:23:39,INACTIVE,True,True,0,True,True,True,True,0.0,0.0,0.0,0.0
0005AZ,1500,2019-05-28 22:52:09,INACTIVE,True,True,0,True,True,True,True,0.0,0.0,0.0,0.0
00045W,1447,2020-11-19 08:56:34,INACTIVE,True,True,0,True,True,True,True,0.0,0.0,0.0,0.0
00073K,234,2025-07-17 14:09:18,INACTIVE,True,True,0,True,True,True,True,0.0,0.0,0.0,0.0
0004MX,1750,2019-09-13 21:52:02,INACTIVE,True,True,0,True,True,True,True,0.0,0.0,0.0,0.0
0000BK,2282,2019-04-17 22:08:58,INACTIVE,True,True,0,True,True,True,True,0.0,0.0,0.0,0.0
0007DN,2064,2017-06-07 09:11:43,INACTIVE,2017-06-30,2017-06-30,76394,True,True,True,True,18780.25,59933.11,0.0,22307.36
0003RI,53,2025-10-28 20:07:02,INACTIVE,True,True,0,True,True,True,True,0.0,0.0,0.0,0.0
0006IQ,232,2025-05-01 20:17:05,ACTIVE,2025-05-05,2025-07-14,111800,203546.0000000000,202959.7100000000,0E-10,0E-10,-154527.49,-27194.83,2260.15,-130257.43
0007MO,1234,2020-01-29 17:52:49,INACTIVE,True,True,0,True,True,True,True,0.0,0.0,0.0,0.0
0000Z0,994,2022-07-29 20:37:14,INACTIVE,True,True,0,True,True,True,True,0.0,0.0,0.0,0.0
0003IQ,121,2025-10-25 10:15:44,INACTIVE,True,True,0,True,True,True,True,0.0,0.0,0.0,0.0
00018L,1332,2022-04-21 15:18:51,INACTIVE,True,True,0,True,True,True,True,0.0,0.0,0.0,0.0
0000SW,2272,2020-06-01 10:28:38,INACTIVE,True,True,0,True,True,True,True,0.0,0.0,0.0,0.0
000637,1523,2022-05-21 23:41:36,INACTIVE,True,True,0,True,True,True,True,0.0,0.0,0.0,0.0
0005HR,935,2022-05-13 23:33:48,INACTIVE,True,True,0,True,True,True,True,0.0,0.0,0.0,0.0
0004TQ,1020,2022-10-30 13:55:40,INACTIVE,True,True,0,True,True,True,True,0.0,0.0,0.0,0.0
0001QX,2163,2019-06-20 18:38:54,INACTIVE,True,True,0,True,True,True,True,0.0,0.0,0.0,0.0
0001Q6,1486,2020-06-21 07:41:35,INACTIVE,True,True,0,True,True,True,True,0.0,0.0,0.0,0.0
0007K7,1640,2019-12-04 13:22:54,INACTIVE,True,True,0,True,True,True,True,0.0,0.0,0.0,0.0
00047S,2592,2019-08-20 10:08:15,INACTIVE,True,True,0,True,True,True,True,0.0,0.0,0.0,0.0
00078G,509,2023-10-01 08:34:21,INACTIVE,True,True,0,True,True,True,True,0.0,0.0,0.0,0.0
0007K0,391,2024-05-04 19:29:24,INACTIVE,True,True,0,True,True,True,True,0.0,0.0,0.0,0.0
0004MR,1934,2021-02-08 21:13:47,INACTIVE,True,True,0,True,True,True,True,0.0,0.0,0.0,0.0
0003Z6,2565,2018-08-23 12:06:54,INACTIVE,True,True,0,True,True,True,True,0.0,0.0,0.0,0.0
000218,831,2023-12-30 17:28:49,INACTIVE,True,True,0,True,True,True,True,0.0,0.0,0.0,0.0
0006MZ,595,2022-12-13 00:00:00,INACTIVE,2022-12-13,2022-12-13,73954,True,True,True,True,-11931.83,867.75,0.0,-9476.6
00039E,435,2025-01-19 16:04:30,INACTIVE,True,True,0,True,True,True,True,0.0,0.0,0.0,0.0
0005WO,1486,2022-11-10 06:23:52,INACTIVE,2023-01-10,2023-01-10,72451,True,True,True,True,-70024.96,-26156.32,0.0,-52863.59
0002EO,609,2024-05-30 17:11:09,INACTIVE,True,True,0,True,True,True,True,0.0,0.0,0.0,0.0
0004ZH,712,2024-08-02 15:53:03,INACTIVE,True,True,0,True,True,True,True,0.0,0.0,0.0,0.0
0003MP,692,2023-12-08 11:28:13,INACTIVE,True,True,0,True,True,True,True,0.0,0.0,0.0,0.0
0005NQ,129,2025-06-07 19:00:15,INACTIVE,True,True,0,True,True,True,True,0.0,0.0,0.0,0.0
00038D,1881,2020-03-03 10:09:08,INACTIVE,True,True,0,True,True,True,True,0.0,0.0,0.0,0.0
000368,1936,2020-06-09 12:17:45,INACTIVE,True,True,0,True,True,True,True,0.0,0.0,0.0,0.0
0004E5,2190,2021-08-25 12:32:04,INACTIVE,True,True,0,True,True,True,True,0.0,0.0,0.0,0.0
00026R,837,2023-04-18 08:29:45,INACTIVE,True,True,0,True,True,True,True,0.0,0.0,0.0,0.0
00064U,1907,2019-08-16 11:57:13,INACTIVE,2019-08-20,2019-08-20,197805,True,True,True,True,254136.84,335597.15,0.0,270320.88
0004JP,62,2025-12-01 18:00:11,INACTIVE,True,True,0,True,True,True,True,0.0,0.0,0.0,0.0
000753,1074,2022-02-15 00:00:00,ACTIVE,2022-02-15,2022-02-15,0,100.0000000000,0E-10,0E-10,0E-10,0.0,0.0,3.05,1.51
00066V,1245,2023-01-21 16:18:17,INACTIVE,True,True,0,True,True,True,True,0.0,0.0,0.0,0.0
0002RW,418,2024-08-27 13:08:50,INACTIVE,True,True,0,True,True,True,True,0.0,0.0,0.0,0.0
0007IT,671,2024-10-10 10:39:22,INACTIVE,True,True,0,True,True,True,True,0.0,0.0,0.0,0.0
000336,205,2025-03-24 05:33:31,INACTIVE,True,True,0,True,True,True,True,0.0,0.0,0.0,0.0
0004L9,22,2025-12-28 21:20:29,INACTIVE,True,True,0,True,True,True,True,0.0,0.0,0.0,0.0
00058Q,2456,2019-08-21 11:24:43,INACTIVE,True,True,0,True,True,True,True,0.0,0.0,0.0,0.0
0007K4,3762,2019-01-28 18:10:21,INACTIVE,True,True,0,True,True,True,True,0.0,0.0,0.0,0.0
0004CE,1372,2023-07-12 09:38:21,INACTIVE,True,True,0,True,True,True,True,0.0,0.0,0.0,0.0
0000FH,1754,2022-04-30 13:08:05,INACTIVE,True,True,0,True,True,True,True,0.0,0.0,0.0,0.0
0003Z7,190,2025-03-06 15:34:18,INACTIVE,True,True,0,True,True,True,True,0.0,0.0,0.0,0.0
000493,2283,2019-08-04 07:34:19,INACTIVE,True,True,0,True,True,True,True,0.0,0.0,0.0,0.0
00053E,1796,2022-05-30 11:32:35,INACTIVE,True,True,0,True,True,True,True,0.0,0.0,0.0,0.0
000454,224,2025-07-02 14:22:32,INACTIVE,True,True,0,True,True,True,True,0.0,0.0,0.0,0.0
00029W,1983,2022-01-10 11:46:02,ACTIVE,2022-02-07,2022-02-07,0,100.0000000000,0E-10,0E-10,0E-10,0.0,0.0,1.51,2.16
0001F1,3034,2019-08-25 09:50:37,INACTIVE,True,True,0,True,True,True,True,0.0,0.0,0.0,0.0
0007M0,1854,2019-10-19 23:17:17,INACTIVE,True,True,0,True,True,True,True,0.0,0.0,0.0,0.0
0000L2,944,2022-04-28 06:53:33,INACTIVE,True,True,0,True,True,True,True,0.0,0.0,0.0,0.0
0005XW,2544,2017-07-28 00:58:25,INACTIVE,True,True,0,True,True,True,True,0.0,0.0,0.0,0.0
000555,2842,2019-07-15 01:10:29,INACTIVE,True,True,0,True,True,True,True,0.0,0.0,0.0,0.0
0002LH,1857,2020-11-09 09:58:07,INACTIVE,True,True,0,True,True,True,True,0.0,0.0,0.0,0.0
0003AV,400,2023-11-05 17:20:23,ACTIVE,2023-11-06,2024-01-11,237482,211500.0000000000,209100.0000000000,1400.0000000000,0E-10,-42471.76,-22992.09,2391.37,-52102.59
0003NP,778,2024-04-29 12:50:51,INACTIVE,True,True,0,True,True,True,True,0.0,0.0,0.0,0.0
0004ZX,1347,2019-04-09 17:52:31,INACTIVE,True,True,0,True,True,True,True,0.0,0.0,0.0,0.0
0007KO,135,2025-08-20 09:36:17,INACTIVE,True,True,0,True,True,True,True,0.0,0.0,0.0,0.0
000641,1229,2022-07-18 11:20:19,INACTIVE,True,True,0,True,True,True,True,0.0,0.0,0.0,0.0
0003VP,67,2025-11-09 19:57:43,INACTIVE,True,True,0,True,True,True,True,0.0,0.0,0.0,0.0
0004PQ,568,2023-08-11 16:16:40,INACTIVE,True,True,0,True,True,True,True,0.0,0.0,0.0,0.0
00078X,1462,2022-10-31 08:42:34,INACTIVE,True,True,0,True,True,True,True,0.0,0.0,0.0,0.0
0003ZV,243,2025-07-19 16:44:51,INACTIVE,True,True,0,True,True,True,True,0.0,0.0,0.0,0.0
00061D,2994,2019-03-14 10:42:56,INACTIVE,True,True,0,True,True,True,True,0.0,0.0,0.0,0.0
0000RT,1455,2023-04-18 08:41:30,INACTIVE,True,True,0,True,True,True,True,0.0,0.0,0.0,0.0
0007KF,405,2024-07-24 00:00:00,ACTIVE,2024-07-24,2024-07-29,0,20000.0000000000,18950.0000000000,1000.0000000000,0E-10,0.0,0.0,452.28,318.48
0002P5,651,2023-05-05 04:45:47,INACTIVE,True,True,0,True,True,True,True,0.0,0.0,0.0,0.0
00009X,239,2024-11-20 10:39:53,INACTIVE,True,True,0,True,True,True,True,0.0,0.0,0.0,0.0
0006RT,657,2024-07-26 21:49:30,INACTIVE,True,True,0,True,True,True,True,0.0,0.0,0.0,0.0
0005VO,134,2025-06-27 08:51:27,INACTIVE,True,True,0,True,True,True,True,0.0,0.0,0.0,0.0
0000X7,3432,2019-07-04 14:58:19,INACTIVE,2019-07-05,2019-07-05,882917,True,True,True,True,2124.89,404810.87,0.0,3512.74
0004X6,1355,2022-08-17 06:10:59,INACTIVE,2022-08-30,2022-08-30,5161,True,True,True,True,-871.93,705.05,0.0,-1059.6
000752,12,2025-04-18 00:00:00,ACTIVE,2025-04-18,2026-01-06,0,180387.9400000000,180724.3400000000,0E-10,82533.9400000000,0.0,0.0,461.39,473.19
0002BC,2213,2019-07-23 17:36:29,INACTIVE,True,True,0,True,True,True,True,0.0,0.0,0.0,0.0
0007IG,1185,2023-05-26 15:01:16,INACTIVE,2023-05-31,2023-05-31,188561,True,True,True,True,-89397.95,33364.36,0.0,-75626.55
00037J,694,2024-01-11 14:34:37,INACTIVE,True,True,0,True,True,True,True,0.0,0.0,0.0,0.0
0005TK,2522,2019-05-24 09:58:38,INACTIVE,True,True,0,True,True,True,True,0.0,0.0,0.0,0.0
0006D9,1220,2023-05-10 02:04:33,ACTIVE,2023-05-28,2023-06-02,4992,6050.0000000000,6050.0000000000,0E-10,0E-10,-1079.82,-1055.56,183.08,-973.89
0000YA,1771,2019-06-22 05:20:03,INACTIVE,True,True,0,True,True,True,True,0.0,0.0,0.0,0.0
0001DB,111,2025-07-20 23:57:51,ACTIVE,2025-09-08,2025-10-27,38052,119490.0000000000,118495.7700000000,0E-10,0E-10,-6050.17,10245.95,1940.73,-9155.74
00049S,1101,2023-03-22 08:27:31,ACTIVE,2023-07-25,2023-07-25,5717,5000.0000000000,4950.0000000000,0E-10,0E-10,-5728.12,-4661.37,155.56,-5528.75
0002EI,1940,2021-10-12 03:40:49,INACTIVE,True,True,0,True,True,True,True,0.0,0.0,0.0,0.0
0000FY,64,2025-10-20 22:39:20,INACTIVE,True,True,0,True,True,True,True,0.0,0.0,0.0,0.0
0000JO,1363,2019-09-19 08:37:09,INACTIVE,True,True,0,True,True,True,True,0.0,0.0,0.0,0.0
0006CC,83,2025-08-23 11:07:42,INACTIVE,True,True,0,True,True,True,True,0.0,0.0,0.0,0.0
00002I,2894,2019-02-18 12:53:53,INACTIVE,True,True,0,True,True,True,True,0.0,0.0,0.0,0.0
000577,170,2023-08-11 00:00:00,ACTIVE,2023-08-11,2025-04-28,2060723,12582960.8600000000,13843274.0800000000,509700.0000000000,135000.0000000000,-897729.16,-631811.78,23753.23,-1518763.44
00054I,1769,2022-10-23 10:47:28,INACTIVE,True,True,0,True,True,True,True,0.0,0.0,0.0,0.0
0004JV,2776,2020-11-02 23:18:48,INACTIVE,True,True,0,True,True,True,True,0.0,0.0,0.0,0.0
0000KI,1223,2019-09-18 10:42:44,INACTIVE,True,True,0,True,True,True,True,0.0,0.0,0.0,0.0
0002A9,3124,2019-01-22 11:23:28,INACTIVE,True,True,0,True,True,True,True,0.0,0.0,0.0,0.0
0003KY,142,2025-07-13 13:48:39,INACTIVE,True,True,0,True,True,True,True,0.0,0.0,0.0,0.0
0001EN,2737,2017-02-16 12:23:43,INACTIVE,True,True,0,True,True,True,True,0.0,0.0,0.0,0.0
0002BM,233,2025-03-06 12:09:06,INACTIVE,True,True,0,True,True,True,True,0.0,0.0,0.0,0.0
0003YM,2515,2020-11-12 15:56:00,INACTIVE,True,True,0,True,True,True,True,0.0,0.0,0.0,0.0
0003N7,3155,2019-11-04 18:05:51,INACTIVE,True,True,0,True,True,True,True,0.0,0.0,0.0,0.0
000023,311,2024-06-18 11:08:05,INACTIVE,True,True,0,True,True,True,True,0.0,0.0,0.0,0.0
0004QH,955,2022-08-24 13:24:51,INACTIVE,True,True,0,True,True,True,True,0.0,0.0,0.0,0.0
00032I,547,2024-06-17 09:25:33,INACTIVE,True,True,0,True,True,True,True,0.0,0.0,0.0,0.0
0001NW,1425,2022-03-22 08:34:28,INACTIVE,True,True,0,True,True,True,True,0.0,0.0,0.0,0.0
0002OC,81,2025-08-31 11:52:05,INACTIVE,True,True,0,True,True,True,True,0.0,0.0,0.0,0.0
00049C,1732,2022-06-22 18:50:06,ACTIVE,2022-06-23,2022-06-23,0,200.0000000000,0E-10,0E-10,0E-10,0.0,0.0,2.33,2.56
0006EX,1952,2022-04-25 13:38:55,INACTIVE,True,True,0,True,True,True,True,0.0,0.0,0.0,0.0
00054L,1185,2022-06-13 06:14:22,INACTIVE,True,True,0,True,True,True,True,0.0,0.0,0.0,0.0
0003Q9,1458,2023-02-06 01:18:30,INACTIVE,True,True,0,True,True,True,True,0.0,0.0,0.0,0.0
00055B,1517,2022-06-28 13:55:21,ACTIVE,2022-07-05,2022-07-05,0,200.0000000000,0E-10,0E-10,0E-10,0.0,0.0,6.13,4.05
0002PE,2340,2020-03-04 10:43:10,INACTIVE,True,True,0,True,True,True,True,0.0,0.0,0.0,0.0
0006OF,1295,2023-05-09 16:01:40,INACTIVE,True,True,0,True,True,True,True,0.0,0.0,0.0,0.0
000217,2278,2019-08-19 18:20:04,INACTIVE,True,True,0,True,True,True,True,0.0,0.0,0.0,0.0
0005XE,2209,2020-04-08 22:33:18,INACTIVE,True,True,0,True,True,True,True,0.0,0.0,0.0,0.0
0007L6,1456,2020-11-23 14:49:26,INACTIVE,True,True,0,True,True,True,True,0.0,0.0,0.0,0.0
0000N1,618,2024-08-23 18:49:44,INACTIVE,True,True,0,True,True,True,True,0.0,0.0,0.0,0.0
0003W9,901,2022-04-19 15:27:27,INACTIVE,True,True,0,True,True,True,True,0.0,0.0,0.0,0.0
00007S,1243,2021-06-18 05:42:02,INACTIVE,True,True,0,True,True,True,True,0.0,0.0,0.0,0.0
00004X,1052,2023-02-06 12:52:57,INACTIVE,True,True,0,True,True,True,True,0.0,0.0,0.0,0.0
00044O,3763,2013-11-15 00:00:00,EXITED,2013-11-18,2014-05-27,521806,True,True,True,True,0.0,0.0,0.0,0.0
0004FJ,1747,2019-07-29 15:37:12,INACTIVE,True,True,0,True,True,True,True,0.0,0.0,0.0,0.0
00031S,520,2023-12-25 07:53:56,INACTIVE,True,True,0,True,True,True,True,0.0,0.0,0.0,0.0
0007C0,1127,2023-10-10 15:37:16,INACTIVE,True,True,0,True,True,True,True,0.0,0.0,0.0,0.0
00044U,3134,2018-03-05 15:39:56,INACTIVE,True,True,0,True,True,True,True,0.0,0.0,0.0,0.0
00022W,39,2025-12-02 08:16:01,INACTIVE,True,True,0,True,True,True,True,0.0,0.0,0.0,0.0
000578,2910,2020-02-14 13:58:10,INACTIVE,True,True,0,True,True,True,True,0.0,0.0,0.0,0.0
0004VE,1113,2023-09-28 13:33:54,INACTIVE,True,True,0,True,True,True,True,0.0,0.0,0.0,0.0
00008R,1643,2018-09-02 10:45:20,INACTIVE,2018-09-04,2018-09-04,158983,True,True,True,True,48131.71,121723.92,0.0,36587.13
0004NP,1183,2023-01-03 21:12:52,INACTIVE,True,True,0,True,True,True,True,0.0,0.0,0.0,0.0
0007D4,114,2025-08-27 15:05:59,INACTIVE,True,True,0,True,True,True,True,0.0,0.0,0.0,0.0
0003RV,2546,2019-05-06 10:37:25,INACTIVE,True,True,0,True,True,True,True,0.0,0.0,0.0,0.0
0005IG,2213,2021-01-24 14:17:05,INACTIVE,True,True,0,True,True,True,True,0.0,0.0,0.0,0.0
0003LR,362,2024-02-04 18:22:08,INACTIVE,True,True,0,True,True,True,True,0.0,0.0,0.0,0.0
0005VW,289,2025-04-05 17:07:47,INACTIVE,True,True,0,True,True,True,True,0.0,0.0,0.0,0.0
0005HD,1180,2021-12-17 18:15:53,INACTIVE,True,True,0,True,True,True,True,0.0,0.0,0.0,0.0
00078F,693,2024-03-16 15:58:35,INACTIVE,True,True,0,True,True,True,True,0.0,0.0,0.0,0.0
00068Z,458,2023-12-26 22:36:43,INACTIVE,True,True,0,True,True,True,True,0.0,0.0,0.0,0.0
0002P1,16,2019-05-05 07:27:32,ACTIVE,2023-11-13,2026-01-03,194945,225800.0000000000,224752.3500000000,518.0000000000,0E-10,-87015.09,-23186.45,277.45,-68357.17
0007LC,1730,2021-06-30 12:18:34,INACTIVE,2021-07-02,2021-07-02,21183,True,True,True,True,-153.28,2683.07,0.0,-292.36
0006YU,1677,2019-08-01 23:43:01,INACTIVE,True,True,0,True,True,True,True,0.0,0.0,0.0,0.0
0004TA,1234,2023-05-19 06:53:50,INACTIVE,True,True,0,True,True,True,True,0.0,0.0,0.0,0.0
0004P6,479,2023-08-08 08:01:16,INACTIVE,True,True,0,True,True,True,True,0.0,0.0,0.0,0.0
00047L,3372,2017-04-21 13:55:16,EXITED,2017-04-25,2017-08-04,662442,True,True,True,True,177427.14,334418.29,0.0,128333.48
0001TY,243,2025-05-17 17:36:02,INACTIVE,True,True,0,True,True,True,True,0.0,0.0,0.0,0.0
0003P6,737,2022-04-21 17:55:16,INACTIVE,True,True,0,True,True,True,True,0.0,0.0,0.0,0.0
0001QM,1848,2019-04-17 17:41:49,INACTIVE,True,True,0,True,True,True,True,0.0,0.0,0.0,0.0
000570,1282,2019-12-16 19:42:46,INACTIVE,True,True,0,True,True,True,True,0.0,0.0,0.0,0.0
000050,3504,2018-04-04 00:00:00,INACTIVE,2018-04-04,2018-04-04,6383,True,True,True,True,23.68,2064.4,0.0,47.69
00033Q,1186,2019-05-25 07:17:20,EXITED,2023-05-07,2023-05-07,40862,True,True,True,True,-43679.19,-75270.58,0.0,-80722.2
00044T,503,2023-09-05 12:52:17,INACTIVE,2023-09-15,2023-09-15,281124,True,True,True,True,-45993.28,-16966.49,0.0,-116660.18
000601,319,2024-03-25 04:14:03,ACTIVE,2024-08-09,2024-08-09,0,200.0000000000,0E-10,0E-10,0E-10,0.0,0.0,3.94,5.07
0000E2,1637,2022-05-19 09:05:01,ACTIVE,2022-10-17,2022-10-17,0,100.0000000000,0E-10,100.0000000000,0E-10,0.0,0.0,11.34,15.34
0002A5,199,2025-01-30 22:29:26,ACTIVE,2025-03-10,2025-04-06,0,600.0000000000,0E-10,550.0000000000,0E-10,0.0,0.0,99.42,106.83
0006PA,665,2023-10-11 15:41:02,INACTIVE,True,True,0,True,True,True,True,0.0,0.0,0.0,0.0
0003A5,2988,2019-02-18 14:25:27,INACTIVE,True,True,0,True,True,True,True,0.0,0.0,0.0,0.0
0004CA,1558,2018-06-08 00:00:00,EXITED,2018-06-08,2018-06-08,12549,True,True,True,True,-14623.88,-10569.59,0.0,-17312.1
0005OU,1063,2024-01-12 14:10:25,INACTIVE,True,True,0,True,True,True,True,0.0,0.0,0.0,0.0
0005M8,683,2022-06-20 16:05:14,INACTIVE,True,True,0,True,True,True,True,0.0,0.0,0.0,0.0
0000MC,119,2025-10-19 13:52:41,INACTIVE,True,True,0,True,True,True,True,0.0,0.0,0.0,0.0
0001FA,2019,2018-08-10 00:00:00,INACTIVE,2018-08-10,2019-08-15,200100,True,True,True,True,148306.28,137114.71,0.0,214385.62
0003SV,1434,2020-01-01 19:15:02,INACTIVE,True,True,0,True,True,True,True,0.0,0.0,0.0,0.0
0001YH,164,2025-07-12 16:42:45,INACTIVE,True,True,0,True,True,True,True,0.0,0.0,0.0,0.0
00065E,5081,2016-03-29 16:30:55,INACTIVE,2016-03-31,2016-08-05,444159,True,True,True,True,-9547.73,22767.51,0.0,-13350.12
000693,2603,2019-02-11 17:20:59,INACTIVE,True,True,0,True,True,True,True,0.0,0.0,0.0,0.0
00073W,450,2023-11-02 14:43:41,INACTIVE,True,True,0,True,True,True,True,0.0,0.0,0.0,0.0
00049Q,213,2025-08-20 12:51:11,INACTIVE,True,True,0,True,True,True,True,0.0,0.0,0.0,0.0
0004HH,31,2025-11-28 07:24:54,INACTIVE,True,True,0,True,True,True,True,0.0,0.0,0.0,0.0
000453,277,2024-09-03 10:29:47,INACTIVE,True,True,0,True,True,True,True,0.0,0.0,0.0,0.0
000380,684,2022-08-10 15:50:53,INACTIVE,True,True,0,True,True,True,True,0.0,0.0,0.0,0.0
0000UE,90,2025-11-08 23:59:04,INACTIVE,True,True,0,True,True,True,True,0.0,0.0,0.0,0.0
0001D5,680,2023-03-11 21:48:15,INACTIVE,True,True,0,True,True,True,True,0.0,0.0,0.0,0.0
0006XG,143,2025-06-18 22:03:53,INACTIVE,True,True,0,True,True,True,True,0.0,0.0,0.0,0.0
0002VA,313,2025-06-12 09:14:16,INACTIVE,True,True,0,True,True,True,True,0.0,0.0,0.0,0.0
000662,2592,2019-08-28 08:57:30,INACTIVE,True,True,0,True,True,True,True,0.0,0.0,0.0,0.0
0002N7,648,2023-10-13 03:32:32,INACTIVE,True,True,0,True,True,True,True,0.0,0.0,0.0,0.0
00029N,1789,2021-07-13 14:57:58,INACTIVE,True,True,0,True,True,True,True,0.0,0.0,0.0,0.0
0003RS,1213,2021-07-27 11:57:35,INACTIVE,True,True,0,True,True,True,True,0.0,0.0,0.0,0.0
0003EE,2517,2019-02-09 16:02:18,INACTIVE,True,True,0,True,True,True,True,0.0,0.0,0.0,0.0
0000C1,1711,2020-06-05 17:26:27,INACTIVE,True,True,0,True,True,True,True,0.0,0.0,0.0,0.0
0005XO,2594,2019-09-18 13:36:25,INACTIVE,True,True,0,True,True,True,True,0.0,0.0,0.0,0.0
0006UM,1195,2023-06-11 07:41:10,INACTIVE,True,True,0,True,True,True,True,0.0,0.0,0.0,0.0
00060W,2301,2018-07-13 00:00:00,EXITED,2018-07-13,2018-08-13,22769,True,True,True,True,16807.52,16475.05,0.0,9391.46
0004ZJ,399,2024-05-06 10:24:51,INACTIVE,True,True,0,True,True,True,True,0.0,0.0,0.0,0.0
0003RZ,1700,2020-08-08 16:30:11,INACTIVE,True,True,0,True,True,True,True,0.0,0.0,0.0,0.0
0005WU,2320,2020-12-28 12:12:39,INACTIVE,True,True,0,True,True,True,True,0.0,0.0,0.0,0.0
0003VA,999,2023-12-01 20:50:52,INACTIVE,True,True,0,True,True,True,True,0.0,0.0,0.0,0.0
0006RU,2773,2019-08-29 17:51:48,INACTIVE,2019-08-30,2020-02-19,3008973,True,True,True,True,80560.78,1048244.84,0.0,120748.69
0000NN,652,2024-10-30 15:27:30,INACTIVE,True,True,0,True,True,True,True,0.0,0.0,0.0,0.0
000356,2261,2021-05-14 05:58:27,INACTIVE,True,True,0,True,True,True,True,0.0,0.0,0.0,0.0
0001PQ,615,2024-11-22 15:52:08,INACTIVE,True,True,0,True,True,True,True,0.0,0.0,0.0,0.0
000204,2852,2019-02-10 08:56:23,INACTIVE,True,True,0,True,True,True,True,0.0,0.0,0.0,0.0
0006H2,153,2025-06-19 16:24:07,INACTIVE,True,True,0,True,True,True,True,0.0,0.0,0.0,0.0
00007G,1148,2023-03-16 11:53:58,INACTIVE,True,True,0,True,True,True,True,0.0,0.0,0.0,0.0
0003X6,1368,2020-09-02 18:45:38,INACTIVE,True,True,0,True,True,True,True,0.0,0.0,0.0,0.0
0002ZZ,1977,2015-07-23 00:00:00,INACTIVE,2015-07-27,2016-10-17,792327,True,True,True,True,-939525.86,-932004.83,0.0,-913926.9
0007GA,431,2024-07-26 14:41:36,INACTIVE,True,True,0,True,True,True,True,0.0,0.0,0.0,0.0
0005C8,2355,2018-07-27 15:41:05,INACTIVE,True,True,0,True,True,True,True,0.0,0.0,0.0,0.0
000262,2227,2020-12-30 16:25:54,INACTIVE,True,True,0,True,True,True,True,0.0,0.0,0.0,0.0
0005XY,640,2024-01-05 09:36:31,INACTIVE,True,True,0,True,True,True,True,0.0,0.0,0.0,0.0
0006XP,105,2025-06-21 16:45:32,INACTIVE,True,True,0,True,True,True,True,0.0,0.0,0.0,0.0
0007OC,1904,2022-05-12 19:34:55,INACTIVE,True,True,0,True,True,True,True,0.0,0.0,0.0,0.0
0002VR,1327,2022-09-15 11:02:38,INACTIVE,True,True,0,True,True,True,True,0.0,0.0,0.0,0.0
0000WB,1613,2019-10-29 22:49:07,INACTIVE,True,True,0,True,True,True,True,0.0,0.0,0.0,0.0
0001OE,103,2025-08-31 10:50:26,INACTIVE,True,True,0,True,True,True,True,0.0,0.0,0.0,0.0
00015A,371,2024-05-30 14:37:06,INACTIVE,True,True,0,True,True,True,True,0.0,0.0,0.0,0.0
000495,148,2025-10-02 13:29:43,INACTIVE,True,True,0,True,True,True,True,0.0,0.0,0.0,0.0
0000AW,1627,2019-12-10 10:53:55,INACTIVE,True,True,0,True,True,True,True,0.0,0.0,0.0,0.0
0002QB,117,2025-10-26 13:48:29,INACTIVE,True,True,0,True,True,True,True,0.0,0.0,0.0,0.0
0002YV,58,2025-10-31 00:55:19,INACTIVE,True,True,0,True,True,True,True,0.0,0.0,0.0,0.0
0002PQ,586,2024-10-21 15:24:40,INACTIVE,True,True,0,True,True,True,True,0.0,0.0,0.0,0.0
000720,623,2022-09-12 00:00:00,ACTIVE,2022-09-12,2022-09-12,0,985.0000000000,900.0000000000,0E-10,0E-10,0.0,0.0,13.49,27.7
00053J,297,2025-03-19 07:58:05,INACTIVE,True,True,0,True,True,True,True,0.0,0.0,0.0,0.0
0002UI,2549,2018-01-04 23:07:05,INACTIVE,True,True,0,True,True,True,True,0.0,0.0,0.0,0.0
00070H,939,2022-12-17 18:40:44,INACTIVE,True,True,0,True,True,True,True,0.0,0.0,0.0,0.0
00068S,48,2025-12-14 10:00:17,INACTIVE,True,True,0,True,True,True,True,0.0,0.0,0.0,0.0
0003TB,1221,2023-04-21 00:01:38,INACTIVE,True,True,0,True,True,True,True,0.0,0.0,0.0,0.0
00057H,961,2022-07-23 07:44:05,INACTIVE,True,True,0,True,True,True,True,0.0,0.0,0.0,0.0
0007CT,2286,2021-01-16 09:26:18,INACTIVE,True,True,0,True,True,True,True,0.0,0.0,0.0,0.0
0006U1,1532,2019-05-19 20:12:30,INACTIVE,True,True,0,True,True,True,True,0.0,0.0,0.0,0.0
0000BD,1663,2022-11-06 11:17:16,INACTIVE,True,True,0,True,True,True,True,0.0,0.0,0.0,0.0
00023M,930,2023-04-17 18:39:45,INACTIVE,True,True,0,True,True,True,True,0.0,0.0,0.0,0.0
0000EC,589,2023-09-15 15:08:31,INACTIVE,True,True,0,True,True,True,True,0.0,0.0,0.0,0.0
0006LC,941,2022-09-15 10:42:07,BLACKLISTED,True,True,0,True,True,True,True,0.0,0.0,0.0,0.0
0006GN,1063,2021-08-06 09:04:02,INACTIVE,True,True,0,True,True,True,True,0.0,0.0,0.0,0.0
0005M5,243,2025-06-24 17:58:22,ACTIVE,2025-06-30,2025-07-29,345730,600000.0000000000,598602.1300000000,0E-10,0E-10,-497793.33,-254080.62,13211.5,-592745.99
00071B,1423,2021-03-16 19:37:51,INACTIVE,True,True,0,True,True,True,True,0.0,0.0,0.0,0.0
0004KU,1287,2020-07-23 11:09:59,INACTIVE,True,True,0,True,True,True,True,0.0,0.0,0.0,0.0
0005J2,47,2025-02-10 10:16:10,ACTIVE,2025-03-31,2025-12-10,31322,131000.0000000000,128558.2400000000,2100.0000000000,0E-10,-22571.72,12084.14,329.04,-19548.34
00026Y,440,2024-05-08 10:51:30,INACTIVE,True,True,0,True,True,True,True,0.0,0.0,0.0,0.0
00009Z,369,2024-05-04 01:16:24,INACTIVE,True,True,0,True,True,True,True,0.0,0.0,0.0,0.0
0006UZ,91,2025-10-29 11:56:41,INACTIVE,True,True,0,True,True,True,True,0.0,0.0,0.0,0.0
0005ID,1263,2019-03-23 23:08:14,INACTIVE,True,True,0,True,True,True,True,0.0,0.0,0.0,0.0
0006E2,1049,2023-11-20 21:01:06,INACTIVE,True,True,0,True,True,True,True,0.0,0.0,0.0,0.0
0001TD,1406,2022-06-02 11:03:53,INACTIVE,True,True,0,True,True,True,True,0.0,0.0,0.0,0.0
0002ML,692,2022-12-02 14:06:44,ACTIVE,2023-02-03,2023-07-03,112669,108520.0000000000,108365.7300000000,0E-10,0E-10,7164.1,24727.69,461.32,10723.68
00031Z,1364,2022-03-16 16:54:18,INACTIVE,True,True,0,True,True,True,True,0.0,0.0,0.0,0.0
0002R9,1938,2019-01-27 12:49:31,INACTIVE,2019-01-30,2019-01-30,396788,True,True,True,True,352892.61,447254.11,0.0,346975.18
00071N,1160,2022-12-19 21:05:03,INACTIVE,True,True,0,True,True,True,True,0.0,0.0,0.0,0.0
0002A4,106,2025-10-08 15:07:32,INACTIVE,True,True,0,True,True,True,True,0.0,0.0,0.0,0.0
0003QV,635,2021-08-24 13:42:51,ACTIVE,2021-08-25,2024-09-03,15458,74204.0000000000,73993.9400000000,200.0000000000,0.9400000000,3535.7,4929.14,35.35,2645.48
0000S0,1608,2021-06-26 16:37:20,INACTIVE,True,True,0,True,True,True,True,0.0,0.0,0.0,0.0
0001BC,428,2025-02-16 14:27:36,INACTIVE,True,True,0,True,True,True,True,0.0,0.0,0.0,0.0
0001WI,1309,2019-09-30 17:40:45,INACTIVE,True,True,0,True,True,True,True,0.0,0.0,0.0,0.0
00008I,2135,2021-12-05 13:19:42,INACTIVE,True,True,0,True,True,True,True,0.0,0.0,0.0,0.0
0005P3,237,2025-02-03 08:35:19,INACTIVE,True,True,0,True,True,True,True,0.0,0.0,0.0,0.0
00001J,3456,2018-12-08 10:53:42,INACTIVE,2018-12-17,2018-12-17,29966,True,True,True,True,136210.61,107974.19,0.0,123695.69
0006SM,550,2024-07-11 07:58:38,INACTIVE,True,True,0,True,True,True,True,0.0,0.0,0.0,0.0
00030H,1725,2018-03-25 14:30:00,INACTIVE,True,True,0,True,True,True,True,0.0,0.0,0.0,0.0
0003AQ,162,2025-07-11 11:40:54,INACTIVE,True,True,0,True,True,True,True,0.0,0.0,0.0,0.0
00049V,1420,2023-04-20 08:33:29,INACTIVE,True,True,0,True,True,True,True,0.0,0.0,0.0,0.0
00028E,2672,2020-07-23 15:30:17,INACTIVE,True,True,0,True,True,True,True,0.0,0.0,0.0,0.0
0002IL,3628,2017-11-28 18:38:28,EXITED,2017-11-30,2017-11-30,5759,True,True,True,True,-7839.93,-12366.51,0.0,-14955.23
0003VU,79,2025-10-17 10:59:50,INACTIVE,True,True,0,True,True,True,True,0.0,0.0,0.0,0.0
000300,718,2024-03-27 00:13:48,INACTIVE,True,True,0,True,True,True,True,0.0,0.0,0.0,0.0
0004KA,1720,2019-08-11 19:50:55,INACTIVE,True,True,0,True,True,True,True,0.0,0.0,0.0,0.0
00024P,455,2024-12-15 10:04:31,INACTIVE,True,True,0,True,True,True,True,0.0,0.0,0.0,0.0
000650,1505,2020-08-16 01:23:58,INACTIVE,True,True,0,True,True,True,True,0.0,0.0,0.0,0.0
00035M,591,2024-10-27 07:42:43,INACTIVE,True,True,0,True,True,True,True,0.0,0.0,0.0,0.0
0004JI,1,2026-01-14 11:10:24,INACTIVE,True,True,0,True,True,True,True,0.0,0.0,0.0,0.0
0005KA,2132,2019-06-15 13:34:38,INACTIVE,True,True,0,True,True,True,True,0.0,0.0,0.0,0.0
0000WK,2697,2019-09-03 15:42:57,INACTIVE,True,True,0,True,True,True,True,0.0,0.0,0.0,0.0
0006IA,789,2023-06-04 16:46:34,INACTIVE,True,True,0,True,True,True,True,0.0,0.0,0.0,0.0
000171,1309,2020-07-29 17:09:50,INACTIVE,True,True,0,True,True,True,True,0.0,0.0,0.0,0.0
00004L,40,2025-11-22 11:42:55,INACTIVE,True,True,0,True,True,True,True,0.0,0.0,0.0,0.0
0003Q2,406,2024-04-15 10:54:51,ACTIVE,2024-08-07,2024-08-07,7018,10000.0000000000,10000.0000000000,0E-10,0E-10,4193.53,5553.77,201.82,5406.35
00040X,2316,2017-04-25 12:58:52,INACTIVE,True,True,0,True,True,True,True,0.0,0.0,0.0,0.0
000598,55,2025-11-28 19:42:27,ACTIVE,2025-11-29,2025-11-29,0,1000.0000000000,0E-10,1000.0000000000,0E-10,0.0,0.0,106.92,82.93
00040M,1153,2023-06-30 10:23:36,INACTIVE,True,True,0,True,True,True,True,0.0,0.0,0.0,0.0
00058D,1681,2021-03-26 09:25:16,INACTIVE,True,True,0,True,True,True,True,0.0,0.0,0.0,0.0
0006HQ,373,2025-05-09 08:16:47,INACTIVE,True,True,0,True,True,True,True,0.0,0.0,0.0,0.0
000132,722,2024-08-14 17:33:16,INACTIVE,True,True,0,True,True,True,True,0.0,0.0,0.0,0.0
00044Y,570,2023-05-20 17:31:41,INACTIVE,True,True,0,True,True,True,True,0.0,0.0,0.0,0.0
0001JH,264,2025-04-15 17:20:17,INACTIVE,True,True,0,True,True,True,True,0.0,0.0,0.0,0.0
00021E,3206,2019-10-23 12:39:24,INACTIVE,True,True,0,True,True,True,True,0.0,0.0,0.0,0.0
0001SI,1014,2022-03-09 10:10:11,INACTIVE,True,True,0,True,True,True,True,0.0,0.0,0.0,0.0
0002P0,2251,2019-01-09 20:36:57,INACTIVE,True,True,0,True,True,True,True,0.0,0.0,0.0,0.0
0001HU,1909,2022-06-06 04:47:41,INACTIVE,True,True,0,True,True,True,True,0.0,0.0,0.0,0.0
0003EQ,273,2025-06-15 09:46:40,INACTIVE,True,True,0,True,True,True,True,0.0,0.0,0.0,0.0
0007DB,294,2022-06-15 00:00:00,ACTIVE,2022-06-15,2025-06-08,22653,35220.0000000000,35265.8300000000,0E-10,100.0000000000,-53795.96,-38096.3,27.41,-50240.54
0000C8,436,2025-03-05 08:29:00,INACTIVE,True,True,0,True,True,True,True,0.0,0.0,0.0,0.0
000043,6,2026-01-06 20:04:54,INACTIVE,True,True,0,True,True,True,True,0.0,0.0,0.0,0.0
000354,16,2024-11-19 13:25:57,ACTIVE,2024-11-22,2026-01-02,0,56600.0000000000,40962.1300000000,4900.0000000000,10000.0000000000,0.0,0.0,188.99,148.28
00014B,34,2018-07-12 09:28:49,ACTIVE,2018-08-03,2025-12-20,1113981,613160.3200000000,611045.6400000000,1590.0000000000,0E-10,-474196.97,44611.76,88.38,-360826.85
0000HO,1916,2018-10-26 19:03:41,EXITED,2018-10-27,2018-10-27,72065,True,True,True,True,-64431.11,-57319.6,0.0,-34899.35
0002DJ,942,2020-09-13 08:41:08,ACTIVE,2021-02-19,2021-04-17,9930,200.0000000000,200.0000000000,0E-10,0E-10,7551.41,10076.88,1.21,16918.33
00015F,199,2025-03-28 00:08:09,INACTIVE,True,True,0,True,True,True,True,0.0,0.0,0.0,0.0
00038U,740,2024-05-29 20:35:21,INACTIVE,True,True,0,True,True,True,True,0.0,0.0,0.0,0.0
0004P4,1131,2021-11-22 18:32:38,ACTIVE,2021-12-21,2023-06-13,110094,35143.0000000000,34784.5400000000,0E-10,0E-10,17673.92,101049.9,60.12,15841.07
0006TU,3002,2020-02-19 22:04:18,INACTIVE,True,True,0,True,True,True,True,0.0,0.0,0.0,0.0
0000QE,225,2025-04-15 09:32:51,INACTIVE,True,True,0,True,True,True,True,0.0,0.0,0.0,0.0
0001F3,828,2024-01-08 18:53:49,INACTIVE,True,True,0,True,True,True,True,0.0,0.0,0.0,0.0
0001AO,591,2022-12-21 00:12:46,INACTIVE,True,True,0,True,True,True,True,0.0,0.0,0.0,0.0
0007H4,4244,2017-12-11 22:40:23,INACTIVE,True,True,0,True,True,True,True,0.0,0.0,0.0,0.0
00006O,1013,2023-05-30 10:29:58,INACTIVE,True,True,0,True,True,True,True,0.0,0.0,0.0,0.0
00061H,1538,2022-09-01 06:31:56,INACTIVE,True,True,0,True,True,True,True,0.0,0.0,0.0,0.0
00023N,1963,2019-03-08 13:05:26,INACTIVE,True,True,0,True,True,True,True,0.0,0.0,0.0,0.0
0001SM,1461,2019-03-02 12:43:10,INACTIVE,True,True,0,True,True,True,True,0.0,0.0,0.0,0.0
0006AF,1632,2017-08-28 09:55:20,INACTIVE,2017-08-30,2018-02-06,209188,True,True,True,True,29645.38,211434.58,0.0,22001.86
00042X,2828,2020-02-25 20:53:58,INACTIVE,True,True,0,True,True,True,True,0.0,0.0,0.0,0.0
0005VB,1205,2020-12-23 10:05:55,INACTIVE,True,True,0,True,True,True,True,0.0,0.0,0.0,0.0
0001KH,685,2024-08-16 17:57:31,INACTIVE,True,True,0,True,True,True,True,0.0,0.0,0.0,0.0
0005IN,436,2024-06-24 21:48:38,INACTIVE,True,True,0,True,True,True,True,0.0,0.0,0.0,0.0
0001QE,2240,2020-02-25 18:24:35,INACTIVE,True,True,0,True,True,True,True,0.0,0.0,0.0,0.0
0002YZ,1755,2019-09-25 06:55:35,INACTIVE,True,True,0,True,True,True,True,0.0,0.0,0.0,0.0
0002BZ,869,2021-09-18 00:00:00,ACTIVE,2021-09-18,2021-09-18,0,100.0000000000,0E-10,0E-10,0E-10,0.0,0.0,2.98,1.61
0007C1,1008,2023-05-24 11:28:02,INACTIVE,True,True,0,True,True,True,True,0.0,0.0,0.0,0.0
0006PG,217,2025-05-10 06:16:05,INACTIVE,True,True,0,True,True,True,True,0.0,0.0,0.0,0.0
0004I2,444,2024-09-27 13:22:56,INACTIVE,True,True,0,True,True,True,True,0.0,0.0,0.0,0.0
00033H,832,2023-07-30 00:00:00,ACTIVE,2023-07-30,2023-12-22,209448,178500.0000000000,177992.9700000000,0E-10,0E-10,-138930.05,-26258.61,728.09,-110550.6
0001ON,2034,2019-03-13 05:54:01,INACTIVE,True,True,0,True,True,True,True,0.0,0.0,0.0,0.0
00073P,287,2025-04-20 14:53:05,INACTIVE,True,True,0,True,True,True,True,0.0,0.0,0.0,0.0
0001MN,1476,2022-07-20 22:33:24,INACTIVE,True,True,0,True,True,True,True,0.0,0.0,0.0,0.0
0002B8,703,2022-10-11 13:55:19,INACTIVE,True,True,0,True,True,True,True,0.0,0.0,0.0,0.0
0001OZ,1972,2019-09-09 12:47:18,INACTIVE,True,True,0,True,True,True,True,0.0,0.0,0.0,0.0
000250,3,2026-01-10 16:36:19,INACTIVE,True,True,0,True,True,True,True,0.0,0.0,0.0,0.0
000269,527,2023-03-12 07:14:12,INACTIVE,True,True,0,True,True,True,True,0.0,0.0,0.0,0.0
0005HJ,219,2024-12-13 13:28:58,INACTIVE,True,True,0,True,True,True,True,0.0,0.0,0.0,0.0
0005DL,186,2025-07-29 19:05:04,INACTIVE,True,True,0,True,True,True,True,0.0,0.0,0.0,0.0
000548,1413,2019-06-03 13:21:00,INACTIVE,True,True,0,True,True,True,True,0.0,0.0,0.0,0.0
0000X6,3611,2018-10-25 13:36:29,INACTIVE,True,True,0,True,True,True,True,0.0,0.0,0.0,0.0
0007AJ,693,2024-05-09 08:49:57,ACTIVE,2024-05-11,2024-07-14,45027,179826.0000000000,173492.2500000000,7050.0000000000,0E-10,-2090.74,15955.31,2107.83,911.64
00051E,1022,2020-07-16 21:55:19,INACTIVE,True,True,0,True,True,True,True,0.0,0.0,0.0,0.0
00005N,1054,2023-05-09 04:58:12,INACTIVE,True,True,0,True,True,True,True,0.0,0.0,0.0,0.0
0004XB,455,2023-08-07 20:30:37,INACTIVE,True,True,0,True,True,True,True,0.0,0.0,0.0,0.0
0006J7,1591,2018-11-21 10:58:23,INACTIVE,True,True,0,True,True,True,True,0.0,0.0,0.0,0.0
0003AE,866,2024-06-12 14:50:33,INACTIVE,True,True,0,True,True,True,True,0.0,0.0,0.0,0.0
0003A0,1056,2023-01-08 12:07:23,INACTIVE,True,True,0,True,True,True,True,0.0,0.0,0.0,0.0
0004VH,191,2020-10-13 13:11:28,ACTIVE,2024-11-27,2025-01-18,7141,28800.0000000000,28317.8800000000,420.0000000000,0E-10,-8553.77,-6240.61,207.35,-5522.91
0003TT,65,2025-11-28 00:00:00,ACTIVE,2025-11-28,2025-11-28,0,3243.0000000000,2243.0000000000,1000.0000000000,0E-10,0.0,0.0,173.22,175.83
0000XA,3950,2018-05-30 01:00:00,INACTIVE,True,True,0,True,True,True,True,0.0,0.0,0.0,0.0
0006DJ,130,2025-09-13 02:38:07,INACTIVE,True,True,0,True,True,True,True,0.0,0.0,0.0,0.0
0004CZ,346,2025-04-03 01:50:42,INACTIVE,True,True,0,True,True,True,True,0.0,0.0,0.0,0.0
0000KJ,3121,2019-05-14 16:43:46,INACTIVE,True,True,0,True,True,True,True,0.0,0.0,0.0,0.0
0001TF,181,2025-08-21 16:11:00,INACTIVE,True,True,0,True,True,True,True,0.0,0.0,0.0,0.0
000473,480,2022-04-17 20:03:15,ACTIVE,2024-09-19,2024-09-19,5238,5000.0000000000,5000.0000000000,0E-10,0E-10,-9291.59,-9247.41,128.06,-8191.38
00000C,1681,2021-04-03 17:14:07,ACTIVE,2022-08-03,2022-08-03,0,100.0000000000,0E-10,0E-10,0E-10,0.0,0.0,3.14,3.14
0001XO,3415,2016-12-09 00:00:00,INACTIVE,2016-12-09,2016-12-09,400508,True,True,True,True,13855.91,294569.99,0.0,10280.25
000689,2091,2018-04-23 00:00:00,EXITED,2018-04-23,2018-07-03,32497,True,True,True,True,-27053.92,-16180.55,0.0,-21074.61
00008U,204,2024-12-07 20:48:02,INACTIVE,True,True,0,True,True,True,True,0.0,0.0,0.0,0.0
0005TB,1342,2021-10-05 14:21:02,INACTIVE,True,True,0,True,True,True,True,0.0,0.0,0.0,0.0
0003RF,1533,2018-10-04 09:50:21,EXITED,2018-10-16,2018-11-02,220568,0E-10,0E-10,0E-10,0E-10,283774.21,610676.78,0.0,349100.22
00048M,1284,2019-10-19 19:49:06,INACTIVE,True,True,0,True,True,True,True,0.0,0.0,0.0,0.0
000507,1641,2021-05-28 07:38:39,INACTIVE,True,True,0,True,True,True,True,0.0,0.0,0.0,0.0
0000AM,2677,2020-12-18 13:12:29,INACTIVE,True,True,0,True,True,True,True,0.0,0.0,0.0,0.0
00073Y,1440,2019-07-13 15:51:51,INACTIVE,True,True,0,True,True,True,True,0.0,0.0,0.0,0.0
0007LS,361,2024-10-06 20:55:12,INACTIVE,True,True,0,True,True,True,True,0.0,0.0,0.0,0.0
000712,57,2025-12-03 06:11:17,INACTIVE,True,True,0,True,True,True,True,0.0,0.0,0.0,0.0
0004HO,103,2024-07-06 23:36:05,ACTIVE,2025-08-26,2025-09-23,18922,47600.0000000000,47002.0100000000,0E-10,0E-10,-487.59,5324.72,1029.54,379.05
0007HI,3147,2019-03-13 19:08:23,INACTIVE,True,True,0,True,True,True,True,0.0,0.0,0.0,0.0
00017S,520,2024-09-03 06:40:47,INACTIVE,True,True,0,True,True,True,True,0.0,0.0,0.0,0.0
0006G1,263,2025-05-22 16:13:01,INACTIVE,True,True,0,True,True,True,True,0.0,0.0,0.0,0.0
0005ZL,434,2024-03-29 02:18:06,INACTIVE,True,True,0,True,True,True,True,0.0,0.0,0.0,0.0
0005T1,1134,2022-05-25 08:54:13,INACTIVE,True,True,0,True,True,True,True,0.0,0.0,0.0,0.0
0006IV,1495,2022-05-23 14:58:46,INACTIVE,True,True,0,True,True,True,True,0.0,0.0,0.0,0.0
00035O,2330,2013-12-04 00:00:00,INACTIVE,2013-12-05,2013-12-05,286433,True,True,True,True,12858.37,33913.93,0.0,7084.65
00068Q,97,2025-08-27 19:12:08,INACTIVE,True,True,0,True,True,True,True,0.0,0.0,0.0,0.0
00036H,2212,2019-03-18 12:12:08,INACTIVE,True,True,0,True,True,True,True,0.0,0.0,0.0,0.0
0005CI,1663,2022-03-01 14:21:34,INACTIVE,True,True,0,True,True,True,True,0.0,0.0,0.0,0.0
0007P9,1147,2022-12-06 12:02:23,INACTIVE,True,True,0,True,True,True,True,0.0,0.0,0.0,0.0
0003BP,1670,2022-04-16 10:38:08,INACTIVE,True,True,0,True,True,True,True,0.0,0.0,0.0,0.0
00062H,1264,2023-03-22 10:12:13,INACTIVE,True,True,0,True,True,True,True,0.0,0.0,0.0,0.0
00009T,1194,2019-06-02 17:36:12,INACTIVE,2019-07-03,2019-11-20,1240706,True,True,True,True,126267.09,489951.7,0.0,95517.17
0003W3,758,2024-07-23 10:05:30,INACTIVE,True,True,0,True,True,True,True,0.0,0.0,0.0,0.0
0002IQ,3456,2018-11-21 09:11:01,EXITED,2018-11-23,2018-11-23,35200,True,True,True,True,-4253.58,6537.82,0.0,-6886.88
0001R2,811,2023-02-28 12:22:43,INACTIVE,True,True,0,True,True,True,True,0.0,0.0,0.0,0.0
0007PJ,422,2024-11-12 10:41:48,INACTIVE,True,True,0,True,True,True,True,0.0,0.0,0.0,0.0
0004JZ,1643,2020-06-22 23:45:44,INACTIVE,True,True,0,True,True,True,True,0.0,0.0,0.0,0.0
0000NK,3436,2019-05-09 13:47:17,INACTIVE,True,True,0,True,True,True,True,0.0,0.0,0.0,0.0
0003K6,1254,2020-03-08 17:18:07,INACTIVE,2021-07-17,2022-02-24,393658,True,True,True,True,81230.78,179432.77,0.0,81469.04
000498,18,2025-12-26 23:31:23,INACTIVE,True,True,0,True,True,True,True,0.0,0.0,0.0,0.0
0003BO,2824,2020-07-25 00:00:09,INACTIVE,True,True,0,True,True,True,True,0.0,0.0,0.0,0.0
000275,2086,2020-11-07 16:56:22,INACTIVE,True,True,0,True,True,True,True,0.0,0.0,0.0,0.0
00078S,817,2022-07-14 06:18:37,INACTIVE,True,True,0,True,True,True,True,0.0,0.0,0.0,0.0
00073Q,1194,2023-02-20 09:11:09,INACTIVE,True,True,0,True,True,True,True,0.0,0.0,0.0,0.0
0003FX,188,2025-08-23 15:13:21,INACTIVE,True,True,0,True,True,True,True,0.0,0.0,0.0,0.0
0004KM,85,2025-10-06 01:08:49,INACTIVE,True,True,0,True,True,True,True,0.0,0.0,0.0,0.0
0004E7,1361,2022-05-31 14:16:43,INACTIVE,True,True,0,True,True,True,True,0.0,0.0,0.0,0.0
0005IS,2978,2018-10-21 23:19:51,INACTIVE,True,True,0,True,True,True,True,0.0,0.0,0.0,0.0
000614,1907,2020-11-15 13:56:57,INACTIVE,True,True,0,True,True,True,True,0.0,0.0,0.0,0.0
0005RW,2534,2021-05-31 00:00:00,BLACKLISTED,2021-05-31,2021-05-31,277829,True,True,True,True,-247289.29,-125636.3,0.0,-242799.05
0001BT,37,2019-12-26 00:00:00,ACTIVE,2019-12-26,2025-12-09,1179236,2037768.8700000000,2070772.2700000000,0E-10,171000.0000000000,346874.19,587453.63,891.97,335321.72
0002TP,1616,2022-03-04 03:31:10,INACTIVE,True,True,0,True,True,True,True,0.0,0.0,0.0,0.0
0006MR,3194,2019-04-13 20:37:03,INACTIVE,True,True,0,True,True,True,True,0.0,0.0,0.0,0.0
000046,80,2025-09-11 17:38:07,INACTIVE,True,True,0,True,True,True,True,0.0,0.0,0.0,0.0
0007B4,82,2025-08-18 18:28:20,INACTIVE,True,True,0,True,True,True,True,0.0,0.0,0.0,0.0
0002QJ,2584,2021-03-28 15:38:35,INACTIVE,True,True,0,True,True,True,True,0.0,0.0,0.0,0.0
0006CW,1241,2023-04-14 05:16:48,INACTIVE,True,True,0,True,True,True,True,0.0,0.0,0.0,0.0
0002BW,2026,2019-10-31 18:17:59,INACTIVE,True,True,0,True,True,True,True,0.0,0.0,0.0,0.0
0006DC,60,2025-09-22 16:05:05,INACTIVE,True,True,0,True,True,True,True,0.0,0.0,0.0,0.0
0001RI,229,2025-02-03 11:27:19,ACTIVE,2025-02-05,2025-02-05,0,133000.0000000000,133000.0000000000,0E-10,0E-10,0.0,0.0,1636.96,3390.21
0000DJ,1,2026-01-14 13:39:00,INACTIVE,True,True,0,True,True,True,True,0.0,0.0,0.0,0.0
0004WF,1771,2020-08-18 14:36:00,INACTIVE,True,True,0,True,True,True,True,0.0,0.0,0.0,0.0
0004Y0,51,2025-11-28 00:00:00,ACTIVE,2025-11-28,2025-11-28,0,2000.0000000000,999.7500000000,1000.0000000000,0E-10,0.0,0.0,189.69,127.14
0001SY,906,2022-04-14 07:04:16,INACTIVE,True,True,0,True,True,True,True,0.0,0.0,0.0,0.0
0004DC,1318,2022-11-16 08:32:07,INACTIVE,True,True,0,True,True,True,True,0.0,0.0,0.0,0.0
000344,1115,2023-12-10 14:04:55,INACTIVE,True,True,0,True,True,True,True,0.0,0.0,0.0,0.0
0002XP,3506,2019-08-08 05:45:30,INACTIVE,True,True,0,True,True,True,True,0.0,0.0,0.0,0.0
0006KK,289,2025-06-12 14:16:37,INACTIVE,True,True,0,True,True,True,True,0.0,0.0,0.0,0.0
0002Q0,151,2025-08-08 16:21:37,INACTIVE,True,True,0,True,True,True,True,0.0,0.0,0.0,0.0
0001ND,1295,2022-08-28 06:49:23,INACTIVE,True,True,0,True,True,True,True,0.0,0.0,0.0,0.0
0006Z6,2002,2020-07-30 00:32:08,INACTIVE,True,True,0,True,True,True,True,0.0,0.0,0.0,0.0
0005UT,325,2024-06-23 19:48:05,ACTIVE,2024-06-25,2024-09-06,17390,20500.0000000000,25823.3900000000,1540.0000000000,0E-10,-11684.87,-9042.87,138.75,-11685.48
0004H0,2801,2020-05-18 05:54:28,INACTIVE,True,True,0,True,True,True,True,0.0,0.0,0.0,0.0
00062Z,323,2025-04-15 13:30:44,INACTIVE,True,True,0,True,True,True,True,0.0,0.0,0.0,0.0
0003XZ,299,2025-02-02 19:45:31,ACTIVE,2025-04-11,2025-04-27,7257,12400.0000000000,12394.8000000000,0E-10,0E-10,-3132.13,1188.66,371.56,-2560.22
0003V0,915,2022-07-25 19:07:35,INACTIVE,True,True,0,True,True,True,True,0.0,0.0,0.0,0.0
0005KH,802,2022-09-05 11:09:08,INACTIVE,True,True,0,True,True,True,True,0.0,0.0,0.0,0.0
00068I,81,2025-11-17 22:41:44,INACTIVE,True,True,0,True,True,True,True,0.0,0.0,0.0,0.0
0000K3,845,2022-08-21 09:45:20,INACTIVE,True,True,0,True,True,True,True,0.0,0.0,0.0,0.0
0007F7,1254,2020-01-22 13:24:42,INACTIVE,True,True,0,True,True,True,True,0.0,0.0,0.0,0.0
0007E6,1163,2023-03-19 12:46:55,INACTIVE,True,True,0,True,True,True,True,0.0,0.0,0.0,0.0
0005RN,3324,2018-06-26 10:05:52,INACTIVE,True,True,0,True,True,True,True,0.0,0.0,0.0,0.0
0001GO,156,2025-05-08 01:29:43,INACTIVE,True,True,0,True,True,True,True,0.0,0.0,0.0,0.0
0004WD,209,2025-03-25 13:19:48,INACTIVE,True,True,0,True,True,True,True,0.0,0.0,0.0,0.0
0003WN,249,2025-06-27 22:15:09,ACTIVE,2025-07-06,2025-07-06,0,150.0000000000,0E-10,0E-10,0E-10,0.0,0.0,1.99,2.31
000224,2203,2021-10-27 00:55:35,INACTIVE,True,True,0,True,True,True,True,0.0,0.0,0.0,0.0
0000ZH,519,2024-08-01 16:44:54,INACTIVE,True,True,0,True,True,True,True,0.0,0.0,0.0,0.0
00035Z,94,2025-11-01 12:37:38,ACTIVE,2025-11-03,2025-11-03,10247,10000.0000000000,9945.1300000000,0E-10,0E-10,-9987.02,-13774.04,323.89,-19119.63
0001XF,39,2025-11-28 00:00:00,ACTIVE,2025-11-28,2025-11-29,0,2000.0000000000,999.7500000000,1000.0000000000,0E-10,0.0,0.0,170.27,202.91
00012W,3651,2017-09-25 05:07:44,INACTIVE,True,True,0,True,True,True,True,0.0,0.0,0.0,0.0
0000CM,100,2025-10-12 10:51:53,INACTIVE,True,True,0,True,True,True,True,0.0,0.0,0.0,0.0
0001ES,3562,2018-10-12 06:25:49,INACTIVE,True,True,0,True,True,True,True,0.0,0.0,0.0,0.0
0007MK,3220,2019-02-17 07:12:59,INACTIVE,True,True,0,True,True,True,True,0.0,0.0,0.0,0.0
0003N5,29,2025-12-09 11:01:20,INACTIVE,True,True,0,True,True,True,True,0.0,0.0,0.0,0.0
0002KP,338,2024-08-13 18:28:37,INACTIVE,True,True,0,True,True,True,True,0.0,0.0,0.0,0.0
00053W,4012,2017-08-22 00:00:00,EXITED,2017-08-22,2017-08-22,14666,True,True,True,True,16314.6,19461.26,0.0,19930.52
0005U9,648,2022-09-16 16:28:14,INACTIVE,True,True,0,True,True,True,True,0.0,0.0,0.0,0.0
0005YT,1214,2023-03-22 11:01:49,INACTIVE,True,True,0,True,True,True,True,0.0,0.0,0.0,0.0
00079Y,1261,2021-12-08 05:11:49,ACTIVE,2022-07-03,2022-07-03,0,1015.0000000000,1000.0000000000,0E-10,0E-10,0.0,0.0,15.91,13.5
00053H,444,2023-12-06 18:46:56,INACTIVE,True,True,0,True,True,True,True,0.0,0.0,0.0,0.0
0006FD,170,2025-07-16 20:35:27,ACTIVE,2025-07-19,2025-08-25,0,100.0000000000,0E-10,100.0000000000,0E-10,0.0,0.0,14.61,6.39
0005F5,1842,2020-11-28 23:15:00,INACTIVE,True,True,0,True,True,True,True,0.0,0.0,0.0,0.0
0006U7,1756,2022-06-27 13:04:37,INACTIVE,2022-07-04,2022-07-04,258474,True,True,True,True,7255.19,60681.42,0.0,6986.63
0001EH,6,2019-04-02 16:36:35,ACTIVE,2019-04-04,2026-01-07,6492801,13109460.1200000000,11407346.7700000000,1400.0000000000,0E-10,-6499629.82,-510196.39,3575.29,-3613241.16
00035S,366,2024-01-18 11:00:44,INACTIVE,True,True,0,True,True,True,True,0.0,0.0,0.0,0.0
0006AN,1253,2020-08-07 18:15:52,INACTIVE,True,True,0,True,True,True,True,0.0,0.0,0.0,0.0
0004M3,1814,2019-08-03 20:14:14,INACTIVE,True,True,0,True,True,True,True,0.0,0.0,0.0,0.0
0000YD,876,2019-12-16 15:11:23,ACTIVE,2022-01-12,2023-12-17,16370,18150.0000000000,18103.1600000000,0E-10,0E-10,-5243.91,-6945.24,17.51,-12581.58
0006RZ,2051,2019-07-14 03:46:48,INACTIVE,True,True,0,True,True,True,True,0.0,0.0,0.0,0.0
00034R,65,2025-10-02 17:27:16,INACTIVE,True,True,0,True,True,True,True,0.0,0.0,0.0,0.0
0002P9,105,2025-11-05 02:01:16,INACTIVE,True,True,0,True,True,True,True,0.0,0.0,0.0,0.0
00028C,38,2025-11-13 10:10:44,INACTIVE,True,True,0,True,True,True,True,0.0,0.0,0.0,0.0
00046K,1987,2019-09-05 11:52:19,INACTIVE,True,True,0,True,True,True,True,0.0,0.0,0.0,0.0
0001WB,493,2025-01-22 10:01:43,INACTIVE,True,True,0,True,True,True,True,0.0,0.0,0.0,0.0
0000EO,2275,2020-08-20 10:37:53,INACTIVE,True,True,0,True,True,True,True,0.0,0.0,0.0,0.0
0006ZO,2459,2017-09-20 07:59:25,EXITED,2017-10-30,2017-10-30,110462,True,True,True,True,202263.06,363917.41,0.0,131002.27
00042H,1623,2023-01-07 10:56:20,INACTIVE,True,True,0,True,True,True,True,0.0,0.0,0.0,0.0
0003U5,67,2025-11-09 13:04:49,INACTIVE,True,True,0,True,True,True,True,0.0,0.0,0.0,0.0
0003S4,633,2022-08-18 23:45:59,INACTIVE,True,True,0,True,True,True,True,0.0,0.0,0.0,0.0
0006OH,45,2025-07-25 00:00:00,ACTIVE,2025-07-25,2025-10-18,0,39350.0000000000,39198.3800000000,0E-10,800.0000000000,0.0,0.0,391.04,322.43
0000AH,4293,2017-11-19 10:58:39,INACTIVE,True,True,0,True,True,True,True,0.0,0.0,0.0,0.0
0002Y7,1934,2019-04-06 20:40:48,INACTIVE,True,True,0,True,True,True,True,0.0,0.0,0.0,0.0
0002SY,4422,2016-10-24 08:16:51,INACTIVE,True,True,0,True,True,True,True,0.0,0.0,0.0,0.0
0003BU,65,2025-09-17 06:48:58,INACTIVE,True,True,0,True,True,True,True,0.0,0.0,0.0,0.0
000194,1396,2020-02-18 14:34:08,INACTIVE,True,True,0,True,True,True,True,0.0,0.0,0.0,0.0
0005LY,2985,2020-01-07 12:43:24,INACTIVE,True,True,0,True,True,True,True,0.0,0.0,0.0,0.0
0006K9,1756,2022-10-28 02:09:33,INACTIVE,True,True,0,True,True,True,True,0.0,0.0,0.0,0.0
0004RR,296,2024-07-28 10:40:12,INACTIVE,True,True,0,True,True,True,True,0.0,0.0,0.0,0.0
0007MZ,1863,2018-05-26 00:00:00,EXITED,2018-05-26,2018-05-26,14547,True,True,True,True,-8481.19,-6024.02,0.0,-15011.88
000475,2333,2020-10-25 13:05:42,INACTIVE,True,True,0,True,True,True,True,0.0,0.0,0.0,0.0
0007IC,2089,2020-06-26 05:47:32,INACTIVE,True,True,0,True,True,True,True,0.0,0.0,0.0,0.0
0005QQ,528,2024-06-11 12:06:22,INACTIVE,True,True,0,True,True,True,True,0.0,0.0,0.0,0.0
000787,1049,2021-11-27 10:27:21,INACTIVE,True,True,0,True,True,True,True,0.0,0.0,0.0,0.0
0004B4,3577,2019-04-07 15:40:02,INACTIVE,True,True,0,True,True,True,True,0.0,0.0,0.0,0.0
0002YJ,63,2023-12-05 00:00:00,ACTIVE,2023-12-05,2025-10-13,0,1607186.3500000000,1607186.3500000000,0E-10,0E-10,0.0,0.0,2078.14,1881.64
0003VD,84,2025-09-27 10:44:00,INACTIVE,True,True,0,True,True,True,True,0.0,0.0,0.0,0.0
000291,1940,2019-08-06 13:26:33,INACTIVE,True,True,0,True,True,True,True,0.0,0.0,0.0,0.0
0005VY,62,2025-10-10 06:51:50,INACTIVE,True,True,0,True,True,True,True,0.0,0.0,0.0,0.0
0000EG,1247,2021-06-03 10:31:43,ACTIVE,2022-09-30,2022-09-30,0,100.0000000000,0E-10,0E-10,0E-10,0.0,0.0,1.71,2.08
0006YP,912,2023-01-26 14:55:32,INACTIVE,2023-01-27,2023-01-27,609103,True,True,True,True,34255.97,208884.43,0.0,55644.31
0003MQ,1791,2021-08-12 11:13:59,INACTIVE,True,True,0,True,True,True,True,0.0,0.0,0.0,0.0
0003HT,240,2022-03-03 11:53:54,ACTIVE,2025-04-14,2025-04-14,22424,30000.0000000000,29322.5000000000,0E-10,0E-10,-25264.99,-29967.73,790.95,-18777.1
000246,463,2023-12-22 16:57:52,ACTIVE,2023-12-23,2023-12-26,4678,9950.0000000000,5000.0000000000,0E-10,0E-10,1529.63,3713.04,202.27,2769.2
0007MS,373,2025-04-18 07:46:47,INACTIVE,True,True,0,True,True,True,True,0.0,0.0,0.0,0.0
000696,2002,2020-08-11 10:14:15,INACTIVE,True,True,0,True,True,True,True,0.0,0.0,0.0,0.0
0003SJ,298,2025-01-18 18:51:36,INACTIVE,True,True,0,True,True,True,True,0.0,0.0,0.0,0.0
0000JM,747,2022-01-30 10:02:33,INACTIVE,True,True,0,True,True,True,True,0.0,0.0,0.0,0.0
0006EO,445,2024-12-06 18:21:52,INACTIVE,True,True,0,True,True,True,True,0.0,0.0,0.0,0.0
0002IV,1961,2021-11-08 07:19:03,INACTIVE,True,True,0,True,True,True,True,0.0,0.0,0.0,0.0
00046F,3375,2018-01-02 07:33:11,INACTIVE,True,True,0,True,True,True,True,0.0,0.0,0.0,0.0
0003CU,3232,2019-03-03 21:46:53,INACTIVE,True,True,0,True,True,True,True,0.0,0.0,0.0,0.0
00041I,1774,2018-08-17 00:05:52,INACTIVE,True,True,0,True,True,True,True,0.0,0.0,0.0,0.0
0006V8,2636,2021-02-19 14:47:16,INACTIVE,True,True,0,True,True,True,True,0.0,0.0,0.0,0.0
0001D9,533,2023-12-28 09:23:25,INACTIVE,True,True,0,True,True,True,True,0.0,0.0,0.0,0.0
00073O,31,2024-05-10 18:55:24,ACTIVE,2025-12-06,2025-12-06,0,56450.0000000000,56192.1400000000,200.0000000000,0E-10,0.0,0.0,1854.74,1684.91
00051R,2776,2018-07-14 10:18:30,INACTIVE,True,True,0,True,True,True,True,0.0,0.0,0.0,0.0
00029E,404,2023-11-07 18:08:00,INACTIVE,True,True,0,True,True,True,True,0.0,0.0,0.0,0.0
00049N,203,2025-06-14 02:39:07,INACTIVE,True,True,0,True,True,True,True,0.0,0.0,0.0,0.0
0002NU,789,2022-12-08 08:38:44,INACTIVE,True,True,0,True,True,True,True,0.0,0.0,0.0,0.0
0002FD,1346,2022-12-30 01:13:10,ACTIVE,2023-02-02,2023-02-02,0,200.0000000000,200.0000000000,0E-10,0E-10,0.0,0.0,4.17,4.95
0004T5,5488,2014-02-03 00:00:00,INACTIVE,2014-02-04,2014-02-04,28997,True,True,True,True,0.0,0.0,0.0,0.0
0007KE,567,2024-08-25 16:32:29,INACTIVE,True,True,0,True,True,True,True,0.0,0.0,0.0,0.0
0006VR,1607,2021-04-07 17:14:05,INACTIVE,True,True,0,True,True,True,True,0.0,0.0,0.0,0.0
0003LY,700,2023-09-04 14:06:19,INACTIVE,True,True,0,True,True,True,True,0.0,0.0,0.0,0.0
0004GR,612,2024-10-11 19:32:50,INACTIVE,True,True,0,True,True,True,True,0.0,0.0,0.0,0.0
0001HN,2737,2018-08-07 10:45:22,INACTIVE,True,True,0,True,True,True,True,0.0,0.0,0.0,0.0
000500,1018,2023-03-30 04:14:52,INACTIVE,True,True,0,True,True,True,True,0.0,0.0,0.0,0.0
0006C3,434,2024-02-07 15:26:59,INACTIVE,True,True,0,True,True,True,True,0.0,0.0,0.0,0.0
0005ZW,443,2024-05-09 14:21:36,INACTIVE,True,True,0,True,True,True,True,0.0,0.0,0.0,0.0
0000OO,423,2024-09-11 04:41:39,INACTIVE,True,True,0,True,True,True,True,0.0,0.0,0.0,0.0
0005YV,80,2025-11-09 08:24:49,INACTIVE,True,True,0,True,True,True,True,0.0,0.0,0.0,0.0
0007GG,1131,2023-09-27 10:20:42,INACTIVE,True,True,0,True,True,True,True,0.0,0.0,0.0,0.0
0000HD,2006,2022-05-12 19:08:14,INACTIVE,True,True,0,True,True,True,True,0.0,0.0,0.0,0.0
000717,2265,2019-05-02 00:31:21,EXITED,2019-05-10,2019-05-10,194009,True,True,True,True,249533.73,444441.41,0.0,138585.2
000529,45,2025-07-02 08:59:29,ACTIVE,2025-09-20,2025-11-29,0,2000.0000000000,1510.7500000000,400.0000000000,0E-10,0.0,0.0,49.8,36.08
00044I,1674,2022-06-03 12:36:46,INACTIVE,True,True,0,True,True,True,True,0.0,0.0,0.0,0.0
00041Q,1417,2021-04-26 23:29:03,INACTIVE,True,True,0,True,True,True,True,0.0,0.0,0.0,0.0
00018A,1420,2022-04-21 14:36:15,INACTIVE,True,True,0,True,True,True,True,0.0,0.0,0.0,0.0
0007B7,2842,2019-06-06 20:11:05,INACTIVE,True,True,0,True,True,True,True,0.0,0.0,0.0,0.0
000086,779,2023-02-22 12:34:31,INACTIVE,True,True,0,True,True,True,True,0.0,0.0,0.0,0.0
0006LJ,1692,2020-02-06 11:38:11,INACTIVE,True,True,0,True,True,True,True,0.0,0.0,0.0,0.0
0000SJ,551,2024-04-12 16:45:51,INACTIVE,True,True,0,True,True,True,True,0.0,0.0,0.0,0.0
00025L,181,2025-07-31 09:18:23,INACTIVE,True,True,0,True,True,True,True,0.0,0.0,0.0,0.0
0006H9,679,2023-08-18 11:23:22,INACTIVE,True,True,0,True,True,True,True,0.0,0.0,0.0,0.0
00055H,1827,2018-12-23 09:41:15,INACTIVE,True,True,0,True,True,True,True,0.0,0.0,0.0,0.0
000227,736,2022-12-09 12:26:08,INACTIVE,True,True,0,True,True,True,True,0.0,0.0,0.0,0.0
0003QC,1449,2023-01-04 06:53:10,INACTIVE,True,True,0,True,True,True,True,0.0,0.0,0.0,0.0
0001RW,978,2024-02-09 18:52:35,INACTIVE,True,True,0,True,True,True,True,0.0,0.0,0.0,0.0
00039S,164,2025-09-20 12:42:34,INACTIVE,True,True,0,True,True,True,True,0.0,0.0,0.0,0.0
0004Y2,2090,2021-09-17 16:03:26,INACTIVE,True,True,0,True,True,True,True,0.0,0.0,0.0,0.0
00066U,328,2024-08-18 21:30:25,INACTIVE,True,True,0,True,True,True,True,0.0,0.0,0.0,0.0
00035L,314,2024-08-07 15:59:45,INACTIVE,True,True,0,True,True,True,True,0.0,0.0,0.0,0.0
0006DG,583,2024-06-11 11:01:33,INACTIVE,True,True,0,True,True,True,True,0.0,0.0,0.0,0.0
00061P,1240,2022-09-19 19:22:27,INACTIVE,True,True,0,True,True,True,True,0.0,0.0,0.0,0.0
0004UH,1364,2023-01-05 17:19:19,INACTIVE,True,True,0,True,True,True,True,0.0,0.0,0.0,0.0
0005M1,434,2024-05-24 11:43:48,INACTIVE,True,True,0,True,True,True,True,0.0,0.0,0.0,0.0
0000E7,2779,2020-09-21 15:24:45,INACTIVE,True,True,0,True,True,True,True,0.0,0.0,0.0,0.0
00005Y,791,2023-05-14 22:53:38,INACTIVE,True,True,0,True,True,True,True,0.0,0.0,0.0,0.0
0004S1,2396,2019-12-15 11:21:10,INACTIVE,True,True,0,True,True,True,True,0.0,0.0,0.0,0.0
0000ON,1688,2022-08-27 23:31:42,INACTIVE,True,True,0,True,True,True,True,0.0,0.0,0.0,0.0
00023W,1798,2021-03-25 11:18:57,INACTIVE,True,True,0,True,True,True,True,0.0,0.0,0.0,0.0
0002JA,2752,2020-01-12 07:11:50,INACTIVE,True,True,0,True,True,True,True,0.0,0.0,0.0,0.0
0002XL,1889,2019-10-30 10:04:46,ACTIVE,2021-11-04,2021-11-25,187360,1125.0000000000,1125.0000000000,0E-10,125.0000000000,-69731.89,941.44,40.89,-101230.55
000422,233,2025-07-18 14:36:15,INACTIVE,True,True,0,True,True,True,True,0.0,0.0,0.0,0.0
000038,1648,2022-08-07 17:46:11,INACTIVE,True,True,0,True,True,True,True,0.0,0.0,0.0,0.0
0001GF,895,2023-04-18 19:34:00,INACTIVE,True,True,0,True,True,True,True,0.0,0.0,0.0,0.0
0002MT,537,2024-05-03 12:21:18,INACTIVE,True,True,0,True,True,True,True,0.0,0.0,0.0,0.0
00029Y,1244,2023-06-06 13:16:34,INACTIVE,True,True,0,True,True,True,True,0.0,0.0,0.0,0.0
00019R,1654,2021-11-05 22:29:39,INACTIVE,True,True,0,True,True,True,True,0.0,0.0,0.0,0.0
0002S9,2706,2019-05-09 00:00:00,INACTIVE,2019-05-09,2019-05-09,690673,True,True,True,True,-34857.66,218151.84,0.0,-25996.15
0007N7,1366,2021-12-09 09:14:53,INACTIVE,True,True,0,True,True,True,True,0.0,0.0,0.0,0.0
0003TZ,196,2025-04-11 15:24:46,INACTIVE,True,True,0,True,True,True,True,0.0,0.0,0.0,0.0
0000DG,162,2025-07-30 13:32:56,INACTIVE,True,True,0,True,True,True,True,0.0,0.0,0.0,0.0
000658,2826,2020-10-10 22:52:46,INACTIVE,True,True,0,True,True,True,True,0.0,0.0,0.0,0.0
00059T,40,2025-11-26 00:00:00,ACTIVE,2025-11-26,2025-11-26,0,2000.0000000000,998.7500000000,1000.0000000000,0E-10,0.0,0.0,217.98,194.77
0006YC,116,2025-08-14 00:00:00,ACTIVE,2025-08-14,2025-08-18,0,100.0000000000,0E-10,100.0000000000,0E-10,0.0,0.0,16.62,10.84
0005C2,909,2022-02-04 16:52:18,INACTIVE,True,True,0,True,True,True,True,0.0,0.0,0.0,0.0
0004X2,449,2024-10-14 07:23:38,INACTIVE,True,True,0,True,True,True,True,0.0,0.0,0.0,0.0
0004AJ,907,2022-11-22 10:19:43,INACTIVE,True,True,0,True,True,True,True,0.0,0.0,0.0,0.0
0003AH,613,2024-08-17 15:04:13,INACTIVE,True,True,0,True,True,True,True,0.0,0.0,0.0,0.0
0002L1,173,2025-04-18 13:05:35,INACTIVE,True,True,0,True,True,True,True,0.0,0.0,0.0,0.0
0004AG,1816,2019-01-04 01:40:06,EXITED,2019-05-22,2019-05-22,547767,True,True,True,True,393046.71,776863.24,0.0,908476.49
0007BE,880,2021-10-02 19:55:00,INACTIVE,True,True,0,True,True,True,True,0.0,0.0,0.0,0.0
0002N4,1307,2019-06-07 09:48:41,INACTIVE,True,True,0,True,True,True,True,0.0,0.0,0.0,0.0
00052S,1490,2022-12-08 20:23:05,INACTIVE,True,True,0,True,True,True,True,0.0,0.0,0.0,0.0
00069E,1525,2023-01-26 12:16:26,INACTIVE,True,True,0,True,True,True,True,0.0,0.0,0.0,0.0
0006JW,1656,2022-06-15 13:28:23,INACTIVE,True,True,0,True,True,True,True,0.0,0.0,0.0,0.0
00024R,1027,2022-03-05 12:07:08,ACTIVE,2023-05-23,2023-12-25,112099,115900.0000000000,79001.4400000000,0E-10,0E-10,-69378.55,17577.94,508.36,-91536.82
0000TG,1095,2020-12-05 08:45:59,INACTIVE,True,True,0,True,True,True,True,0.0,0.0,0.0,0.0
00071M,3224,2019-09-23 16:36:38,INACTIVE,True,True,0,True,True,True,True,0.0,0.0,0.0,0.0
0007EO,1149,2022-10-14 14:05:27,INACTIVE,True,True,0,True,True,True,True,0.0,0.0,0.0,0.0
0003XM,61,2025-11-28 00:00:00,ACTIVE,2025-11-28,2025-11-28,0,2000.0000000000,1000.0000000000,1000.0000000000,0E-10,0.0,0.0,174.37,167.62
0003L2,951,2023-09-16 09:42:07,INACTIVE,True,True,0,True,True,True,True,0.0,0.0,0.0,0.0
000045,2269,2017-11-24 14:50:48,INACTIVE,2017-12-19,2018-09-24,130724,0E-10,0E-10,0E-10,0E-10,-14205.84,112590.85,0.0,-11534.19
00020H,1130,2021-12-29 07:46:33,INACTIVE,True,True,0,True,True,True,True,0.0,0.0,0.0,0.0
0006B9,159,2025-05-02 18:24:35,INACTIVE,True,True,0,True,True,True,True,0.0,0.0,0.0,0.0
0002N5,231,2025-05-07 14:09:07,INACTIVE,True,True,0,True,True,True,True,0.0,0.0,0.0,0.0
00075P,2531,2019-01-26 03:40:32,INACTIVE,True,True,0,True,True,True,True,0.0,0.0,0.0,0.0
0001SK,2851,2020-10-11 15:14:09,INACTIVE,True,True,0,True,True,True,True,0.0,0.0,0.0,0.0
0004I7,75,2025-08-28 14:28:51,INACTIVE,True,True,0,True,True,True,True,0.0,0.0,0.0,0.0
0003OZ,881,2023-10-30 06:05:53,INACTIVE,True,True,0,True,True,True,True,0.0,0.0,0.0,0.0
0001VG,2081,2020-06-25 13:26:01,INACTIVE,True,True,0,True,True,True,True,0.0,0.0,0.0,0.0
0005WP,859,2021-07-17 13:31:46,INACTIVE,True,True,0,True,True,True,True,0.0,0.0,0.0,0.0
0001ZR,355,2024-11-13 21:18:18,INACTIVE,True,True,0,True,True,True,True,0.0,0.0,0.0,0.0
00007B,880,2023-06-07 10:10:52,INACTIVE,True,True,0,True,True,True,True,0.0,0.0,0.0,0.0
000322,27,2018-11-03 11:39:19,ACTIVE,2024-07-24,2025-12-19,0,2500.0000000000,0E-10,1600.0000000000,0E-10,0.0,0.0,7.22,10.38
0001P9,7,2026-01-06 14:23:48,INACTIVE,True,True,0,True,True,True,True,0.0,0.0,0.0,0.0
0001D3,1496,2018-05-16 00:00:00,EXITED,2018-05-16,2018-05-16,12499,True,True,True,True,-353.18,889.36,0.0,-481.03
0000VS,1185,2019-11-01 00:00:00,ACTIVE,2019-11-01,2021-12-14,0,59.0900000000,0E-10,0E-10,0E-10,0.0,0.0,0.07,0.06
0003JL,163,2024-12-25 16:52:52,ACTIVE,2025-04-11,2025-09-15,104857,73900.0000000000,72329.3300000000,1500.0000000000,0E-10,-94101.69,-12685.44,236.41,-69581.57
0004YL,132,2014-02-17 00:00:00,ACTIVE,2014-02-18,2025-10-06,6227353,14500.0000000000,14425.8000000000,0E-10,0E-10,-2710168.83,-4069178.49,2.37,-5604233.39
0007BG,515,2023-12-21 14:34:31,INACTIVE,True,True,0,True,True,True,True,0.0,0.0,0.0,0.0
0001IO,2908,2019-02-04 17:18:21,INACTIVE,True,True,0,True,True,True,True,0.0,0.0,0.0,0.0
0002LX,67,2025-05-05 12:31:45,ACTIVE,2025-08-02,2025-11-29,127939,333000.0000000000,323616.8900000000,5950.0000000000,0E-10,-86195.4,-14232.13,1050.79,-60786.28
00062I,1698,2019-02-14 12:39:45,EXITED,2019-02-15,2019-02-15,120102,True,True,True,True,278160.77,348048.17,0.0,294231.6
0000EK,304,2024-09-19 16:55:39,INACTIVE,True,True,0,True,True,True,True,0.0,0.0,0.0,0.0
0001GB,725,2022-03-28 12:20:05,INACTIVE,True,True,0,True,True,True,True,0.0,0.0,0.0,0.0
00010E,933,2022-03-30 03:02:24,INACTIVE,True,True,0,True,True,True,True,0.0,0.0,0.0,0.0
0000JR,285,2024-06-14 14:36:39,ACTIVE,2024-06-16,2025-06-12,0,122109.8900000000,122727.0800000000,0E-10,62300.2000000000,0.0,0.0,394.23,223.2
0005RQ,1114,2023-09-20 09:37:03,INACTIVE,True,True,0,True,True,True,True,0.0,0.0,0.0,0.0
0006TD,2149,2020-05-21 21:22:31,INACTIVE,True,True,0,True,True,True,True,0.0,0.0,0.0,0.0
0002M4,801,2023-05-30 19:34:21,INACTIVE,True,True,0,True,True,True,True,0.0,0.0,0.0,0.0
0006I5,3270,2019-03-11 22:15:42,INACTIVE,True,True,0,True,True,True,True,0.0,0.0,0.0,0.0
0002Q7,768,2023-01-06 09:03:49,INACTIVE,True,True,0,True,True,True,True,0.0,0.0,0.0,0.0
0004IU,905,2022-03-03 12:15:49,INACTIVE,True,True,0,True,True,True,True,0.0,0.0,0.0,0.0
0002V0,539,2023-04-14 00:00:00,ACTIVE,2023-04-14,2023-07-15,32970,34050.0000000000,33851.3900000000,50.0000000000,0E-10,5681.59,6344.3,237.36,7130.7
0005OX,2077,2018-08-08 18:24:32,INACTIVE,2021-10-31,2021-10-31,11331,True,True,True,True,-443.77,552.25,0.0,-715.56
00010G,38,2025-12-15 14:52:20,INACTIVE,True,True,0,True,True,True,True,0.0,0.0,0.0,0.0
0005SI,2119,2020-11-18 11:41:52,INACTIVE,True,True,0,True,True,True,True,0.0,0.0,0.0,0.0
00060D,142,2025-09-21 16:00:10,INACTIVE,True,True,0,True,True,True,True,0.0,0.0,0.0,0.0
00020D,1382,2020-02-29 18:57:32,INACTIVE,True,True,0,True,True,True,True,0.0,0.0,0.0,0.0
0001EW,517,2024-06-10 18:45:54,INACTIVE,True,True,0,True,True,True,True,0.0,0.0,0.0,0.0
0006XN,311,2025-05-12 16:48:15,ACTIVE,2025-05-23,2025-05-23,0,2500.0000000000,2432.2500000000,0E-10,0E-10,0.0,0.0,60.4,62.06
00025I,1863,2022-06-10 05:26:37,INACTIVE,True,True,0,True,True,True,True,0.0,0.0,0.0,0.0
000651,626,2024-05-07 22:26:57,INACTIVE,True,True,0,True,True,True,True,0.0,0.0,0.0,0.0
0004F1,504,2023-10-28 15:50:11,INACTIVE,True,True,0,True,True,True,True,0.0,0.0,0.0,0.0
0004LS,52,2025-12-11 21:13:32,INACTIVE,True,True,0,True,True,True,True,0.0,0.0,0.0,0.0
0003T4,1266,2022-03-03 11:32:45,INACTIVE,True,True,0,True,True,True,True,0.0,0.0,0.0,0.0
0004YZ,345,2024-10-13 00:00:00,ACTIVE,2024-10-13,2024-11-20,8060,21400.0000000000,21381.3800000000,0E-10,0E-10,-6952.56,-4236.05,384.83,-10713.22
00001E,790,2022-07-20 18:07:02,INACTIVE,True,True,0,True,True,True,True,0.0,0.0,0.0,0.0
0006T4,798,2021-10-12 16:48:54,INACTIVE,True,True,0,True,True,True,True,0.0,0.0,0.0,0.0
0001M3,2766,2019-03-07 22:39:11,INACTIVE,True,True,0,True,True,True,True,0.0,0.0,0.0,0.0
0004M8,1484,2022-05-22 04:16:15,INACTIVE,True,True,0,True,True,True,True,0.0,0.0,0.0,0.0
0001JC,737,2023-04-17 12:30:00,INACTIVE,True,True,0,True,True,True,True,0.0,0.0,0.0,0.0
00028K,798,2022-09-28 20:08:40,INACTIVE,True,True,0,True,True,True,True,0.0,0.0,0.0,0.0
000158,245,2025-05-22 13:54:25,INACTIVE,True,True,0,True,True,True,True,0.0,0.0,0.0,0.0
0007IY,693,2024-01-05 15:46:46,INACTIVE,True,True,0,True,True,True,True,0.0,0.0,0.0,0.0
0005WC,380,2024-09-29 08:55:35,INACTIVE,True,True,0,True,True,True,True,0.0,0.0,0.0,0.0
00077D,1692,2019-08-04 18:26:51,INACTIVE,True,True,0,True,True,True,True,0.0,0.0,0.0,0.0
0002FI,296,2025-06-11 08:49:44,INACTIVE,True,True,0,True,True,True,True,0.0,0.0,0.0,0.0
0004SV,196,2025-09-04 15:39:50,ACTIVE,2025-09-05,2025-09-05,8956,7000.0000000000,6972.1300000000,0E-10,0E-10,-14154.33,-7857.52,112.29,-12262.1
0005P1,964,2022-12-15 19:54:53,INACTIVE,True,True,0,True,True,True,True,0.0,0.0,0.0,0.0
00040F,2961,2019-04-11 08:12:23,INACTIVE,True,True,0,True,True,True,True,0.0,0.0,0.0,0.0
0005LP,475,2025-02-01 15:44:14,INACTIVE,True,True,0,True,True,True,True,0.0,0.0,0.0,0.0
0005BB,183,2025-02-02 20:21:22,INACTIVE,True,True,0,True,True,True,True,0.0,0.0,0.0,0.0
000076,3505,2019-03-24 11:20:39,INACTIVE,True,True,0,True,True,True,True,0.0,0.0,0.0,0.0
0005DA,225,2025-06-04 11:10:39,INACTIVE,True,True,0,True,True,True,True,0.0,0.0,0.0,0.0
00037N,1415,2022-05-17 22:09:14,INACTIVE,True,True,0,True,True,True,True,0.0,0.0,0.0,0.0
0003H5,1390,2022-05-19 13:58:22,INACTIVE,True,True,0,True,True,True,True,0.0,0.0,0.0,0.0
00059U,309,2024-11-25 21:31:33,INACTIVE,True,True,0,True,True,True,True,0.0,0.0,0.0,0.0
00034K,2623,2020-06-09 20:08:32,INACTIVE,True,True,0,True,True,True,True,0.0,0.0,0.0,0.0
0002GN,2643,2020-03-02 16:48:09,INACTIVE,True,True,0,True,True,True,True,0.0,0.0,0.0,0.0
0004MF,449,2023-12-24 20:14:55,INACTIVE,True,True,0,True,True,True,True,0.0,0.0,0.0,0.0
00031F,2123,2020-07-27 19:31:09,INACTIVE,True,True,0,True,True,True,True,0.0,0.0,0.0,0.0
0000XN,305,2025-04-28 08:08:14,ACTIVE,2025-06-20,2025-06-20,0,1000.0000000000,960.7500000000,0E-10,500.0000000000,0.0,0.0,34.55,47.72
0002OZ,698,2024-08-24 07:37:56,INACTIVE,True,True,0,True,True,True,True,0.0,0.0,0.0,0.0
0004P1,1128,2023-04-19 07:07:06,INACTIVE,True,True,0,True,True,True,True,0.0,0.0,0.0,0.0
00077M,1,2026-01-14 02:07:33,INACTIVE,True,True,0,True,True,True,True,0.0,0.0,0.0,0.0
0000MX,1962,2019-09-13 06:56:47,INACTIVE,True,True,0,True,True,True,True,0.0,0.0,0.0,0.0
0003ZY,549,2023-09-24 11:23:30,INACTIVE,True,True,0,True,True,True,True,0.0,0.0,0.0,0.0
0006JK,1356,2023-03-26 09:41:04,INACTIVE,True,True,0,True,True,True,True,0.0,0.0,0.0,0.0
0006GL,1322,2023-03-18 09:40:04,INACTIVE,True,True,0,True,True,True,True,0.0,0.0,0.0,0.0
0002XZ,1087,2023-12-06 15:58:40,INACTIVE,True,True,0,True,True,True,True,0.0,0.0,0.0,0.0
0004UI,1244,2019-12-30 07:18:16,INACTIVE,True,True,0,True,True,True,True,0.0,0.0,0.0,0.0
0000YR,291,2025-06-30 04:18:47,INACTIVE,True,True,0,True,True,True,True,0.0,0.0,0.0,0.0
0002Q9,342,2025-05-27 11:59:31,INACTIVE,True,True,0,True,True,True,True,0.0,0.0,0.0,0.0
00000Z,426,2025-01-17 22:13:40,INACTIVE,True,True,0,True,True,True,True,0.0,0.0,0.0,0.0
0007EW,554,2024-09-27 09:38:14,ACTIVE,2024-10-14,2024-12-10,38064,64050.0000000000,63883.9200000000,100.0000000000,0E-10,-15624.83,-10630.31,574.1,-18664.73
0007GD,1073,2022-11-29 10:53:32,INACTIVE,True,True,0,True,True,True,True,0.0,0.0,0.0,0.0
000494,359,2018-05-05 10:06:55,ACTIVE,2024-02-21,2024-10-31,118067,464084.0400000000,590837.0100000000,0E-10,0E-10,-98598.89,-87555.72,1180.88,-84066.74
0002AG,152,2025-03-13 08:46:26,ACTIVE,2025-05-26,2025-05-27,3389,3300.0000000000,3254.8300000000,0E-10,0E-10,-4596.73,-3121.36,76.27,-4483.11
0001PM,547,2023-03-23 09:46:10,INACTIVE,True,True,0,True,True,True,True,0.0,0.0,0.0,0.0
0004ZV,1007,2020-12-14 10:10:26,INACTIVE,True,True,0,True,True,True,True,0.0,0.0,0.0,0.0
000737,76,2025-11-12 04:22:35,INACTIVE,True,True,0,True,True,True,True,0.0,0.0,0.0,0.0
0004E2,1975,2019-07-30 07:41:04,INACTIVE,True,True,0,True,True,True,True,0.0,0.0,0.0,0.0
0006UB,891,2021-08-20 01:21:43,INACTIVE,True,True,0,True,True,True,True,0.0,0.0,0.0,0.0
00040S,1659,2018-08-14 08:46:45,EXITED,2018-08-15,2018-08-15,193564,True,True,True,True,128959.87,224577.53,0.0,123963.4
00065T,2232,2020-10-18 16:07:36,INACTIVE,True,True,0,True,True,True,True,0.0,0.0,0.0,0.0
0002E6,49,2022-04-29 19:06:24,ACTIVE,2025-11-26,2025-12-12,9681,17250.0000000000,17179.0000000000,0E-10,0E-10,-5669.52,-7238.29,539.73,-9613.74
00018U,163,2025-07-20 17:50:00,INACTIVE,True,True,0,True,True,True,True,0.0,0.0,0.0,0.0
00007N,3372,2018-10-25 11:58:37,INACTIVE,True,True,0,True,True,True,True,0.0,0.0,0.0,0.0
00061N,214,2025-03-22 18:03:04,ACTIVE,2025-03-27,2025-08-23,40332,104200.0000000000,103191.5300000000,200.0000000000,0E-10,-69501.65,-25194.53,411.1,-31955.09
000514,1431,2022-10-19 15:23:32,INACTIVE,True,True,0,True,True,True,True,0.0,0.0,0.0,0.0
0003LC,55,2025-12-01 08:40:39,INACTIVE,True,True,0,True,True,True,True,0.0,0.0,0.0,0.0
0007CB,346,2025-03-11 13:04:28,INACTIVE,True,True,0,True,True,True,True,0.0,0.0,0.0,0.0
00011Q,480,2025-02-24 12:09:10,INACTIVE,True,True,0,True,True,True,True,0.0,0.0,0.0,0.0
0006N1,1863,2019-08-31 13:16:27,INACTIVE,True,True,0,True,True,True,True,0.0,0.0,0.0,0.0
0003SF,2901,2019-11-07 15:27:24,INACTIVE,True,True,0,True,True,True,True,0.0,0.0,0.0,0.0
0000OF,1258,2022-04-11 07:44:42,INACTIVE,True,True,0,True,True,True,True,0.0,0.0,0.0,0.0
00060S,1617,2019-04-15 09:06:36,INACTIVE,True,True,0,True,True,True,True,0.0,0.0,0.0,0.0
000774,69,2025-11-20 14:22:15,INACTIVE,True,True,0,True,True,True,True,0.0,0.0,0.0,0.0
0006RB,3500,2018-06-29 00:00:00,EXITED,2018-06-29,2018-10-31,45836,True,True,True,True,8352.62,28690.01,0.0,4537.81
0007ES,3120,2019-10-11 00:24:28,INACTIVE,True,True,0,True,True,True,True,0.0,0.0,0.0,0.0
000182,1897,2022-05-22 17:30:16,INACTIVE,True,True,0,True,True,True,True,0.0,0.0,0.0,0.0
0002HY,2017,2021-08-09 00:29:13,INACTIVE,True,True,0,True,True,True,True,0.0,0.0,0.0,0.0
0004HR,1616,2021-09-25 03:13:41,INACTIVE,True,True,0,True,True,True,True,0.0,0.0,0.0,0.0
0007II,2332,2021-08-08 11:17:06,INACTIVE,True,True,0,True,True,True,True,0.0,0.0,0.0,0.0
00043E,1335,2020-11-21 19:24:53,INACTIVE,True,True,0,True,True,True,True,0.0,0.0,0.0,0.0
0007A9,1152,2020-07-30 15:54:18,INACTIVE,True,True,0,True,True,True,True,0.0,0.0,0.0,0.0
0004TE,421,2024-10-07 23:37:02,ACTIVE,2024-10-19,2024-10-20,0,1000.0000000000,1000.0000000000,0E-10,0E-10,0.0,0.0,30.46,14.69
0003LH,588,2024-07-21 21:45:38,INACTIVE,True,True,0,True,True,True,True,0.0,0.0,0.0,0.0
0007HQ,398,2025-02-12 07:39:04,INACTIVE,True,True,0,True,True,True,True,0.0,0.0,0.0,0.0
0005AI,3200,2019-05-19 22:30:01,INACTIVE,True,True,0,True,True,True,True,0.0,0.0,0.0,0.0
0007P8,272,2024-08-17 01:35:40,INACTIVE,True,True,0,True,True,True,True,0.0,0.0,0.0,0.0
00055C,1392,2018-12-23 10:53:54,EXITED,2022-08-23,2023-02-11,278586,True,True,True,True,-155374.35,-185449.61,0.0,-207481.17
0005MB,398,2025-01-18 09:17:40,INACTIVE,True,True,0,True,True,True,True,0.0,0.0,0.0,0.0
0006QG,1560,2023-02-06 12:49:48,INACTIVE,True,True,0,True,True,True,True,0.0,0.0,0.0,0.0
0002YM,577,2023-09-25 10:01:39,INACTIVE,2023-09-28,2024-03-06,606738,True,True,True,True,-118319.27,337782.35,0.0,-84132.12
00068P,2597,2019-09-04 09:43:58,INACTIVE,True,True,0,True,True,True,True,0.0,0.0,0.0,0.0
0003US,1041,2023-10-16 15:02:44,INACTIVE,True,True,0,True,True,True,True,0.0,0.0,0.0,0.0
0004OR,1990,2020-09-05 16:28:47,INACTIVE,True,True,0,True,True,True,True,0.0,0.0,0.0,0.0
0000OI,1917,2018-01-15 18:43:14,INACTIVE,True,True,0,True,True,True,True,0.0,0.0,0.0,0.0
0002PK,1403,2019-01-20 01:58:16,INACTIVE,True,True,0,True,True,True,True,0.0,0.0,0.0,0.0
0002JT,1512,2019-04-09 23:10:12,EXITED,True,True,0,True,True,True,True,0.0,0.0,0.0,0.0
0002HV,1252,2022-08-06 13:32:29,INACTIVE,True,True,0,True,True,True,True,0.0,0.0,0.0,0.0
0004FS,2078,2021-01-18 10:02:15,INACTIVE,True,True,0,True,True,True,True,0.0,0.0,0.0,0.0
0005OG,1065,2023-04-26 15:04:50,INACTIVE,True,True,0,True,True,True,True,0.0,0.0,0.0,0.0
00075B,133,2025-09-27 10:45:00,INACTIVE,True,True,0,True,True,True,True,0.0,0.0,0.0,0.0
0003HJ,910,2021-06-02 17:20:52,INACTIVE,True,True,0,True,True,True,True,0.0,0.0,0.0,0.0
0002QG,1377,2020-02-12 11:32:35,INACTIVE,True,True,0,True,True,True,True,0.0,0.0,0.0,0.0
0006XQ,95,2025-11-01 15:06:47,INACTIVE,True,True,0,True,True,True,True,0.0,0.0,0.0,0.0
0003ZP,1229,2023-05-25 14:42:35,INACTIVE,2023-06-01,2023-06-01,369528,True,True,True,True,-909892.03,368481.25,0.0,-888363.28
00030O,1840,2021-05-17 11:57:42,ACTIVE,2021-05-19,2021-11-07,288150,500.0000000000,0E-10,0E-10,0E-10,-34313.73,85745.6,2.02,-43454.56
0000PQ,1351,2023-01-26 17:40:18,INACTIVE,True,True,0,True,True,True,True,0.0,0.0,0.0,0.0
0005PL,457,2025-03-09 20:47:32,INACTIVE,True,True,0,True,True,True,True,0.0,0.0,0.0,0.0
0002N8,3946,2018-07-24 21:57:45,INACTIVE,True,True,0,True,True,True,True,0.0,0.0,0.0,0.0
0001ZF,905,2023-11-16 07:56:57,INACTIVE,True,True,0,True,True,True,True,0.0,0.0,0.0,0.0
0003VN,748,2023-07-17 11:14:22,INACTIVE,True,True,0,True,True,True,True,0.0,0.0,0.0,0.0
0005T6,697,2022-05-01 16:34:12,INACTIVE,True,True,0,True,True,True,True,0.0,0.0,0.0,0.0
0005X8,165,2017-11-29 20:46:40,ACTIVE,2025-07-13,2025-08-22,40476,66000.0000000000,65948.5100000000,0E-10,0E-10,-60417.01,-24552.42,886.13,-26516.54
00026M,4,2026-01-11 12:36:42,INACTIVE,True,True,0,True,True,True,True,0.0,0.0,0.0,0.0
0002F2,396,2024-05-13 07:55:51,INACTIVE,True,True,0,True,True,True,True,0.0,0.0,0.0,0.0
0006GG,75,2025-10-02 08:39:46,INACTIVE,True,True,0,True,True,True,True,0.0,0.0,0.0,0.0
00044P,6,2025-06-27 08:29:18,ACTIVE,2026-01-06,2026-01-11,0,1045000.0000000000,1039103.7600000000,500.0000000000,1000000.0000000000,0.0,0.0,33238.25,33399.64
0000XM,896,2021-09-16 14:28:53,INACTIVE,True,True,0,True,True,True,True,0.0,0.0,0.0,0.0
0000YP,1268,2023-05-06 08:52:11,INACTIVE,True,True,0,True,True,True,True,0.0,0.0,0.0,0.0
00026S,557,2024-12-14 06:16:29,INACTIVE,True,True,0,True,True,True,True,0.0,0.0,0.0,0.0
0002JN,76,2025-11-12 15:41:56,INACTIVE,True,True,0,True,True,True,True,0.0,0.0,0.0,0.0
00063D,38,2025-11-09 15:26:10,INACTIVE,True,True,0,True,True,True,True,0.0,0.0,0.0,0.0
00003X,2693,2020-07-24 12:57:49,INACTIVE,True,True,0,True,True,True,True,0.0,0.0,0.0,0.0
00079L,619,2024-07-27 08:28:45,INACTIVE,True,True,0,True,True,True,True,0.0,0.0,0.0,0.0
000463,363,2024-10-05 18:04:38,INACTIVE,True,True,0,True,True,True,True,0.0,0.0,0.0,0.0
00049K,133,2025-09-19 20:57:46,INACTIVE,True,True,0,True,True,True,True,0.0,0.0,0.0,0.0
0001VV,397,2024-05-02 19:46:16,INACTIVE,True,True,0,True,True,True,True,0.0,0.0,0.0,0.0
0005Q6,2945,2019-05-13 18:52:41,INACTIVE,True,True,0,True,True,True,True,0.0,0.0,0.0,0.0
0001J1,2386,2021-05-20 13:47:17,INACTIVE,True,True,0,True,True,True,True,0.0,0.0,0.0,0.0
0004IY,768,2023-12-25 10:32:34,INACTIVE,True,True,0,True,True,True,True,0.0,0.0,0.0,0.0
000704,2368,2021-07-29 17:47:53,INACTIVE,True,True,0,True,True,True,True,0.0,0.0,0.0,0.0
0007JF,427,2024-10-17 11:28:40,INACTIVE,True,True,0,True,True,True,True,0.0,0.0,0.0,0.0
00049J,2183,2021-08-21 15:17:35,INACTIVE,True,True,0,True,True,True,True,0.0,0.0,0.0,0.0
00023G,1526,2022-10-05 12:54:24,INACTIVE,True,True,0,True,True,True,True,0.0,0.0,0.0,0.0
0002CR,667,2022-12-09 16:09:47,INACTIVE,True,True,0,True,True,True,True,0.0,0.0,0.0,0.0
0005BC,3265,2018-10-25 11:01:02,INACTIVE,2018-12-17,2019-09-18,656815,True,True,True,True,-8731.56,387114.45,0.0,-20431.13
0004EY,3746,2018-10-08 20:14:38,INACTIVE,True,True,0,True,True,True,True,0.0,0.0,0.0,0.0
0007M5,18,2023-09-14 00:00:00,ACTIVE,2023-09-14,2025-12-25,567495,529700.0000000000,460927.9600000000,0E-10,0E-10,-303318.22,-193368.05,505.6,-606453.49
0001NP,2492,2020-10-06 22:04:21,INACTIVE,True,True,0,True,True,True,True,0.0,0.0,0.0,0.0
0006MQ,905,2022-08-15 12:18:44,INACTIVE,True,True,0,True,True,True,True,0.0,0.0,0.0,0.0
0000XY,528,2023-04-26 17:07:35,INACTIVE,True,True,0,True,True,True,True,0.0,0.0,0.0,0.0
0004LN,973,2022-04-12 15:06:45,INACTIVE,True,True,0,True,True,True,True,0.0,0.0,0.0,0.0
0000CF,1399,2022-02-23 22:22:20,INACTIVE,True,True,0,True,True,True,True,0.0,0.0,0.0,0.0
0006WT,1047,2020-11-24 08:11:57,INACTIVE,True,True,0,True,True,True,True,0.0,0.0,0.0,0.0
0006Z5,704,2023-02-14 10:22:18,INACTIVE,True,True,0,True,True,True,True,0.0,0.0,0.0,0.0
0001PN,4035,2018-05-01 00:00:00,EXITED,2018-05-01,2018-06-04,25063,True,True,True,True,-14250.7,-9227.05,0.0,-18709.14
0000G3,1990,2020-07-23 17:24:26,INACTIVE,True,True,0,True,True,True,True,0.0,0.0,0.0,0.0
0000Z2,1396,2023-02-25 20:46:16,INACTIVE,True,True,0,True,True,True,True,0.0,0.0,0.0,0.0
0007NI,232,2025-02-21 15:54:19,INACTIVE,True,True,0,True,True,True,True,0.0,0.0,0.0,0.0
0005HQ,1096,2020-12-10 13:09:15,INACTIVE,True,True,0,True,True,True,True,0.0,0.0,0.0,0.0
00031A,1603,2022-08-12 12:15:23,INACTIVE,True,True,0,True,True,True,True,0.0,0.0,0.0,0.0
0006P0,899,2023-02-21 11:05:22,INACTIVE,True,True,0,True,True,True,True,0.0,0.0,0.0,0.0
0006J2,652,2024-03-07 14:03:53,INACTIVE,True,True,0,True,True,True,True,0.0,0.0,0.0,0.0
00002J,1483,2018-10-05 10:55:52,ACTIVE,2022-10-07,2023-04-27,3122846,556520.0000000000,556456.8200000000,0E-10,0E-10,2010954.65,3101436.31,1168.66,1435178.43
000383,1227,2021-12-04 00:00:00,ACTIVE,2021-12-04,2021-12-04,0,150.0000000000,150.0000000000,0E-10,0E-10,0.0,0.0,4.72,4.8
0007A5,583,2024-05-26 09:02:57,INACTIVE,True,True,0,True,True,True,True,0.0,0.0,0.0,0.0
0002KS,31,2016-03-29 00:00:00,ACTIVE,2016-03-29,2025-12-19,20268547,9754473.2100000000,5843120.1500000000,0E-10,0E-10,-10402868.29,-2200200.64,1477.71,-11508784.97
000425,92,2025-08-11 23:53:52,INACTIVE,True,True,0,True,True,True,True,0.0,0.0,0.0,0.0
000457,201,2025-08-03 11:38:56,INACTIVE,True,True,0,True,True,True,True,0.0,0.0,0.0,0.0
00044B,1523,2021-08-29 13:31:20,INACTIVE,True,True,0,True,True,True,True,0.0,0.0,0.0,0.0
0007DU,597,2023-08-15 05:29:55,INACTIVE,True,True,0,True,True,True,True,0.0,0.0,0.0,0.0
0005E8,2337,2018-10-15 00:00:00,INACTIVE,2018-10-15,2019-03-02,1899383,True,True,True,True,-108572.06,311725.74,0.0,-80580.95
0007JW,2091,2020-01-30 09:43:00,INACTIVE,True,True,0,True,True,True,True,0.0,0.0,0.0,0.0
00013A,2195,2020-10-09 20:32:20,INACTIVE,True,True,0,True,True,True,True,0.0,0.0,0.0,0.0
0007I1,405,2025-04-08 19:55:36,INACTIVE,True,True,0,True,True,True,True,0.0,0.0,0.0,0.0
0005TL,2512,2020-08-08 14:57:04,INACTIVE,True,True,0,True,True,True,True,0.0,0.0,0.0,0.0
0006PH,2082,2019-08-01 00:13:45,INACTIVE,True,True,0,True,True,True,True,0.0,0.0,0.0,0.0
0002CT,4203,2018-03-18 17:45:31,INACTIVE,True,True,0,True,True,True,True,0.0,0.0,0.0,0.0
000552,254,2025-07-02 12:22:08,INACTIVE,True,True,0,True,True,True,True,0.0,0.0,0.0,0.0
0000HQ,196,2025-01-09 21:49:33,INACTIVE,True,True,0,True,True,True,True,0.0,0.0,0.0,0.0
0001PI,1447,2019-08-13 06:35:24,INACTIVE,True,True,0,True,True,True,True,0.0,0.0,0.0,0.0
0006FU,3163,2013-12-23 00:00:00,EXITED,2013-12-24,2013-12-24,109659,True,True,True,True,0.0,0.0,0.0,0.0
0007DH,1313,2019-11-17 15:32:56,INACTIVE,True,True,0,True,True,True,True,0.0,0.0,0.0,0.0
00069S,1451,2022-01-04 16:25:26,INACTIVE,True,True,0,True,True,True,True,0.0,0.0,0.0,0.0
00051Y,2165,2018-12-28 02:28:20,INACTIVE,True,True,0,True,True,True,True,0.0,0.0,0.0,0.0
0001PW,10,2026-01-08 13:27:17,INACTIVE,True,True,0,True,True,True,True,0.0,0.0,0.0,0.0
00029X,852,2023-08-23 06:04:10,INACTIVE,True,True,0,True,True,True,True,0.0,0.0,0.0,0.0
0002DQ,1666,2019-08-20 00:39:20,INACTIVE,True,True,0,True,True,True,True,0.0,0.0,0.0,0.0
0004W7,1371,2023-06-28 15:10:01,INACTIVE,True,True,0,True,True,True,True,0.0,0.0,0.0,0.0
0000X0,1430,2022-03-07 08:10:23,INACTIVE,True,True,0,True,True,True,True,0.0,0.0,0.0,0.0
0006Q5,924,2021-08-16 21:13:52,INACTIVE,True,True,0,True,True,True,True,0.0,0.0,0.0,0.0
0000T6,189,2025-02-23 10:33:58,INACTIVE,True,True,0,True,True,True,True,0.0,0.0,0.0,0.0
0002FZ,719,2024-05-13 06:21:51,INACTIVE,True,True,0,True,True,True,True,0.0,0.0,0.0,0.0
0002IF,222,2025-06-06 06:17:54,INACTIVE,True,True,0,True,True,True,True,0.0,0.0,0.0,0.0
00006X,3351,2017-11-16 14:55:45,INACTIVE,2017-11-17,2017-11-17,286427,True,True,True,True,-24183.0,81368.79,0.0,-11205.32
0007G6,2524,2020-12-02 20:31:46,INACTIVE,True,True,0,True,True,True,True,0.0,0.0,0.0,0.0
00061E,423,2025-01-22 09:43:36,INACTIVE,True,True,0,True,True,True,True,0.0,0.0,0.0,0.0
0005SX,223,2025-07-30 14:47:49,ACTIVE,2025-08-04,2025-08-04,5295,5000.0000000000,4975.2500000000,0E-10,0E-10,-9146.91,-9373.77,161.72,-6604.33
0004VZ,2943,2019-07-23 23:31:11,INACTIVE,True,True,0,True,True,True,True,0.0,0.0,0.0,0.0
0001R1,2,2025-08-31 00:00:00,ACTIVE,2025-08-31,2026-01-13,223763,602400.0000000000,596703.1800000000,2000.0000000000,0E-10,-278829.92,-13466.32,3281.53,-299339.44
0002YT,636,2023-04-19 11:14:33,INACTIVE,True,True,0,True,True,True,True,0.0,0.0,0.0,0.0
0002ST,1461,2021-12-20 18:53:46,INACTIVE,True,True,0,True,True,True,True,0.0,0.0,0.0,0.0
0003EI,1025,2023-01-12 07:56:11,INACTIVE,True,True,0,True,True,True,True,0.0,0.0,0.0,0.0
0000LI,34,2025-12-13 09:13:23,INACTIVE,True,True,0,True,True,True,True,0.0,0.0,0.0,0.0
0002GQ,2272,2019-01-22 23:57:57,INACTIVE,True,True,0,True,True,True,True,0.0,0.0,0.0,0.0
0004CT,112,2025-10-07 10:34:13,INACTIVE,True,True,0,True,True,True,True,0.0,0.0,0.0,0.0
000229,1689,2020-11-10 12:17:40,INACTIVE,True,True,0,True,True,True,True,0.0,0.0,0.0,0.0
00064Q,2341,2019-12-25 02:07:14,INACTIVE,True,True,0,True,True,True,True,0.0,0.0,0.0,0.0
0000SP,1172,2022-06-15 08:13:59,INACTIVE,True,True,0,True,True,True,True,0.0,0.0,0.0,0.0
0005JK,848,2024-05-20 13:47:51,INACTIVE,True,True,0,True,True,True,True,0.0,0.0,0.0,0.0
0003S5,1066,2022-09-12 16:14:38,INACTIVE,True,True,0,True,True,True,True,0.0,0.0,0.0,0.0
0005D5,4766,2015-06-02 00:00:00,INACTIVE,2015-06-10,2015-06-10,44572,True,True,True,True,-71378.79,-68692.24,0.0,-81169.37
0005A2,82,2025-11-02 12:17:53,INACTIVE,True,True,0,True,True,True,True,0.0,0.0,0.0,0.0
0004A8,844,2023-06-07 11:36:55,INACTIVE,True,True,0,True,True,True,True,0.0,0.0,0.0,0.0
0001FF,3663,2018-05-16 20:02:36,INACTIVE,True,True,0,True,True,True,True,0.0,0.0,0.0,0.0
0003BA,53,2025-09-04 14:24:44,ACTIVE,2025-09-18,2025-12-09,2429263,2684000.0000000000,2681520.7200000000,0E-10,0E-10,-1297098.35,-837.55,12191.14,-826272.17
0003M8,1334,2023-02-22 16:35:25,INACTIVE,True,True,0,True,True,True,True,0.0,0.0,0.0,0.0
0001M9,65,2025-12-01 00:00:00,ACTIVE,2025-12-01,2025-12-01,0,2000.0000000000,1000.0000000000,1000.0000000000,0E-10,0.0,0.0,122.29,214.08
000611,95,2025-09-25 18:24:06,ACTIVE,2025-10-06,2025-10-06,17877,15000.0000000000,14938.1300000000,0E-10,0E-10,-9650.17,-20898.9,215.45,-16591.59
00066I,3686,2015-04-16 00:00:00,INACTIVE,2018-02-23,2018-11-26,128632,True,True,True,True,43161.69,89561.07,0.0,65004.69
0002VH,3187,2019-09-05 11:01:32,EXITED,2019-09-13,2019-09-13,351373,True,True,True,True,26066.35,100068.33,0.0,28792.15
0002X6,650,2024-08-18 09:01:07,INACTIVE,True,True,0,True,True,True,True,0.0,0.0,0.0,0.0
00000H,1266,2023-06-12 19:01:04,INACTIVE,True,True,0,True,True,True,True,0.0,0.0,0.0,0.0
0006XS,702,2020-02-27 07:11:22,ACTIVE,2024-06-23,2024-06-23,0,1000.0000000000,0E-10,0E-10,0E-10,0.0,0.0,25.55,30.36
0005TO,1599,2021-09-18 06:09:36,INACTIVE,True,True,0,True,True,True,True,0.0,0.0,0.0,0.0
0003U2,701,2024-03-13 06:02:38,ACTIVE,2024-03-15,2024-03-20,0,6000.0000000000,6000.0000000000,0E-10,1000.0000000000,0.0,0.0,115.15,133.29
0001EV,528,2024-06-19 18:37:18,INACTIVE,True,True,0,True,True,True,True,0.0,0.0,0.0,0.0
0005UG,210,2025-07-19 10:09:21,INACTIVE,True,True,0,True,True,True,True,0.0,0.0,0.0,0.0
0001YG,1059,2022-07-11 07:53:20,INACTIVE,True,True,0,True,True,True,True,0.0,0.0,0.0,0.0
00013I,2968,2019-06-26 14:21:20,INACTIVE,2019-06-27,2019-06-27,2600556,True,True,True,True,-442399.12,611509.99,0.0,-648015.42
0004SK,2963,2017-12-20 10:22:11,INACTIVE,True,True,0,True,True,True,True,0.0,0.0,0.0,0.0
0007OA,2289,2018-09-11 12:10:46,INACTIVE,True,True,0,True,True,True,True,0.0,0.0,0.0,0.0
0005PT,227,2025-01-30 22:23:53,INACTIVE,True,True,0,True,True,True,True,0.0,0.0,0.0,0.0
0003FF,1206,2021-08-09 16:42:20,INACTIVE,2021-09-02,2021-09-02,25688,True,True,True,True,721.34,3492.47,0.0,572.83
0006AY,1472,2022-07-04 16:06:44,INACTIVE,True,True,0,True,True,True,True,0.0,0.0,0.0,0.0
0004XZ,36,2025-12-05 13:31:05,INACTIVE,True,True,0,True,True,True,True,0.0,0.0,0.0,0.0
00010Q,565,2023-02-20 10:00:43,INACTIVE,True,True,0,True,True,True,True,0.0,0.0,0.0,0.0
0004CK,237,2025-01-14 00:00:00,ACTIVE,2025-01-14,2025-04-04,292740,266300.0000000000,266135.3000000000,0E-10,0E-10,-174222.64,-117695.18,3174.07,-192092.73
0006J4,2435,2018-05-06 07:39:26,INACTIVE,True,True,0,True,True,True,True,0.0,0.0,0.0,0.0
0003GK,92,2025-09-12 09:47:07,INACTIVE,True,True,0,True,True,True,True,0.0,0.0,0.0,0.0
000579,1835,2019-08-26 11:53:49,INACTIVE,True,True,0,True,True,True,True,0.0,0.0,0.0,0.0
00045Q,2838,2019-08-05 16:15:32,INACTIVE,True,True,0,True,True,True,True,0.0,0.0,0.0,0.0
0003VH,1442,2022-11-15 21:54:10,INACTIVE,True,True,0,True,True,True,True,0.0,0.0,0.0,0.0
00061A,64,2025-11-30 18:53:42,ACTIVE,2025-12-01,2025-12-02,0,2000.0000000000,997.7500000000,1000.0000000000,0E-10,0.0,0.0,220.75,195.85
0000IN,413,2024-03-18 17:46:20,INACTIVE,True,True,0,True,True,True,True,0.0,0.0,0.0,0.0
0005VJ,1582,2020-09-14 17:06:25,INACTIVE,True,True,0,True,True,True,True,0.0,0.0,0.0,0.0
000357,1466,2019-01-31 13:19:38,INACTIVE,True,True,0,True,True,True,True,0.0,0.0,0.0,0.0
00072P,1840,2021-07-07 11:04:50,INACTIVE,True,True,0,True,True,True,True,0.0,0.0,0.0,0.0
0006PM,499,2023-05-25 05:55:00,INACTIVE,True,True,0,True,True,True,True,0.0,0.0,0.0,0.0
00034B,186,2025-04-27 18:42:08,INACTIVE,True,True,0,True,True,True,True,0.0,0.0,0.0,0.0
0003U0,622,2024-06-22 17:33:23,INACTIVE,True,True,0,True,True,True,True,0.0,0.0,0.0,0.0
00041K,1170,2022-04-23 13:16:03,ACTIVE,2022-04-24,2022-04-24,0,100.0000000000,0E-10,100.0000000000,0E-10,0.0,0.0,14.06,6.56
00077C,42,2025-12-06 12:56:02,INACTIVE,True,True,0,True,True,True,True,0.0,0.0,0.0,0.0
0006KN,1022,2023-08-03 15:52:43,INACTIVE,True,True,0,True,True,True,True,0.0,0.0,0.0,0.0
0002HO,2164,2021-08-13 07:09:53,INACTIVE,True,True,0,True,True,True,True,0.0,0.0,0.0,0.0
0003S0,1685,2020-11-15 15:43:44,INACTIVE,True,True,0,True,True,True,True,0.0,0.0,0.0,0.0
0006GU,2225,2018-03-22 00:00:00,INACTIVE,2018-03-22,2018-03-22,114294,True,True,True,True,-5059.58,22064.07,0.0,-10861.95
00000P,1115,2023-02-07 03:48:27,INACTIVE,True,True,0,True,True,True,True,0.0,0.0,0.0,0.0
0004Y7,893,2021-09-24 15:01:19,EXITED,2021-09-30,2021-09-30,1415412,True,True,True,True,118295.49,641896.72,0.0,131004.12
0002U4,307,2024-06-27 10:18:38,INACTIVE,True,True,0,True,True,True,True,0.0,0.0,0.0,0.0
0000I0,1341,2022-03-09 08:08:55,INACTIVE,True,True,0,True,True,True,True,0.0,0.0,0.0,0.0
0006WN,667,2023-07-01 19:39:12,INACTIVE,True,True,0,True,True,True,True,0.0,0.0,0.0,0.0
00021M,1007,2020-08-08 18:48:31,INACTIVE,True,True,0,True,True,True,True,0.0,0.0,0.0,0.0
0004O6,2733,2019-09-12 14:23:35,INACTIVE,True,True,0,True,True,True,True,0.0,0.0,0.0,0.0
00017T,3094,2019-08-09 20:16:15,INACTIVE,True,True,0,True,True,True,True,0.0,0.0,0.0,0.0
0006Z8,301,2024-07-24 11:42:39,ACTIVE,2024-09-06,2024-10-08,6168,8400.0000000000,8384.0000000000,0E-10,0E-10,-2042.7,92.42,234.84,-1327.05
0002FC,1238,2022-08-24 00:00:00,ACTIVE,2022-08-24,2022-11-08,21930,26985.0000000000,27119.8100000000,500.0000000000,500.0000000000,-8842.14,-11828.58,319.67,-8378.29
0006CG,292,2025-07-02 04:27:08,INACTIVE,True,True,0,True,True,True,True,0.0,0.0,0.0,0.0
0004GA,815,2023-02-20 11:24:10,INACTIVE,True,True,0,True,True,True,True,0.0,0.0,0.0,0.0
00014T,3452,2018-05-12 13:00:15,INACTIVE,True,True,0,True,True,True,True,0.0,0.0,0.0,0.0
00033I,36,2025-11-22 23:22:46,INACTIVE,True,True,0,True,True,True,True,0.0,0.0,0.0,0.0
0006OQ,2213,2021-10-23 01:42:29,INACTIVE,True,True,0,True,True,True,True,0.0,0.0,0.0,0.0
0004SS,1025,2020-06-06 02:02:19,INACTIVE,True,True,0,True,True,True,True,0.0,0.0,0.0,0.0
0006D2,773,2019-04-17 21:14:14,INACTIVE,2023-05-18,2023-05-18,850391,True,True,True,True,-245023.19,639499.8,0.0,-171218.43
0002JF,453,2025-03-14 16:16:05,INACTIVE,True,True,0,True,True,True,True,0.0,0.0,0.0,0.0
00026Z,18,2025-12-31 13:37:18,INACTIVE,True,True,0,True,True,True,True,0.0,0.0,0.0,0.0
0002Z4,1700,2019-07-03 07:39:22,INACTIVE,True,True,0,True,True,True,True,0.0,0.0,0.0,0.0
000438,2929,2019-10-31 08:19:55,INACTIVE,True,True,0,True,True,True,True,0.0,0.0,0.0,0.0
0005XI,6385,2013-07-12 00:00:00,INACTIVE,2013-07-15,2013-07-15,67134,True,True,True,True,0.0,0.0,0.0,0.0
0002ZL,290,2025-03-27 15:02:18,INACTIVE,True,True,0,True,True,True,True,0.0,0.0,0.0,0.0
0004AN,775,2021-10-30 12:58:04,ACTIVE,2022-06-08,2022-10-22,1452114,1149000.0000000000,1147969.8200000000,0E-10,0E-10,-94503.14,577018.33,2937.13,-84827.2
0001RL,2254,2017-11-27 19:20:14,INACTIVE,True,True,0,True,True,True,True,0.0,0.0,0.0,0.0
0002P6,3364,2019-08-29 11:10:22,INACTIVE,True,True,0,True,True,True,True,0.0,0.0,0.0,0.0
0000Y7,1470,2019-12-14 19:52:38,INACTIVE,True,True,0,True,True,True,True,0.0,0.0,0.0,0.0
0003XD,736,2023-07-24 01:43:34,INACTIVE,True,True,0,True,True,True,True,0.0,0.0,0.0,0.0
00071J,629,2023-05-17 08:51:14,INACTIVE,True,True,0,True,True,True,True,0.0,0.0,0.0,0.0
00054D,93,2023-03-16 10:42:43,ACTIVE,2023-03-23,2025-08-14,10176781,12691410.0500000000,7468395.4900000000,0E-10,0E-10,3262732.23,3642939.47,10037.2,2137252.35
0004CQ,996,2023-05-16 10:12:50,INACTIVE,True,True,0,True,True,True,True,0.0,0.0,0.0,0.0
0000EN,164,2025-07-16 00:00:39,INACTIVE,True,True,0,True,True,True,True,0.0,0.0,0.0,0.0
0006WY,1728,2017-05-19 00:00:00,INACTIVE,2017-05-19,2017-05-19,35857,True,True,True,True,7858.52,11883.84,0.0,5649.56
0000PP,1228,2020-10-29 10:03:08,INACTIVE,True,True,0,True,True,True,True,0.0,0.0,0.0,0.0
00002N,1045,2020-09-19 12:05:15,INACTIVE,True,True,0,True,True,True,True,0.0,0.0,0.0,0.0
000347,1178,2019-11-22 12:14:35,INACTIVE,True,True,0,True,True,True,True,0.0,0.0,0.0,0.0
00062B,320,2024-09-09 05:09:45,ACTIVE,2024-09-18,2024-09-30,21616,64100.0000000000,63999.8000000000,0E-10,0E-10,-12479.59,-6568.84,705.9,-7687.72
0003BZ,1208,2023-05-17 00:00:00,ACTIVE,2023-05-17,2023-05-20,0,90300.0000000000,148300.0000000000,2700.0000000000,0E-10,0.0,0.0,1807.0,2803.95
00007O,945,2021-01-06 11:57:50,INACTIVE,True,True,0,True,True,True,True,0.0,0.0,0.0,0.0
000159,135,2025-07-31 18:32:53,INACTIVE,True,True,0,True,True,True,True,0.0,0.0,0.0,0.0
0004MC,2513,2019-07-31 07:59:17,INACTIVE,True,True,0,True,True,True,True,0.0,0.0,0.0,0.0
00052K,1038,2023-10-03 09:00:55,INACTIVE,True,True,0,True,True,True,True,0.0,0.0,0.0,0.0
000071,154,2025-09-06 15:47:40,INACTIVE,True,True,0,True,True,True,True,0.0,0.0,0.0,0.0
0005JJ,2943,2020-08-17 21:55:33,INACTIVE,True,True,0,True,True,True,True,0.0,0.0,0.0,0.0
0003ZQ,2434,2017-06-13 08:10:18,INACTIVE,True,True,0,True,True,True,True,0.0,0.0,0.0,0.0
00031Y,1342,2018-09-10 18:42:23,INACTIVE,2018-09-11,2018-09-11,61566,True,True,True,True,-1323.27,18436.13,0.0,-534.06
0003LV,1243,2019-09-19 02:43:42,INACTIVE,True,True,0,True,True,True,True,0.0,0.0,0.0,0.0
0005OQ,1435,2019-06-19 11:41:11,INACTIVE,True,True,0,True,True,True,True,0.0,0.0,0.0,0.0
00040Y,5050,2016-09-01 11:53:56,INACTIVE,True,True,0,True,True,True,True,0.0,0.0,0.0,0.0
0004NA,1251,2022-11-03 00:11:25,INACTIVE,True,True,0,True,True,True,True,0.0,0.0,0.0,0.0
0002TZ,3003,2019-09-18 19:12:57,INACTIVE,True,True,0,True,True,True,True,0.0,0.0,0.0,0.0
0004KN,4262,2018-03-08 20:42:25,INACTIVE,True,True,0,True,True,True,True,0.0,0.0,0.0,0.0
000504,114,2025-10-22 23:04:08,INACTIVE,True,True,0,True,True,True,True,0.0,0.0,0.0,0.0
0004KL,1832,2013-12-17 00:00:00,INACTIVE,2013-12-18,2020-07-07,1300339,True,True,True,True,-999518.46,-398070.6,0.0,-696280.68
0000RK,1244,2023-07-26 20:55:54,INACTIVE,True,True,0,True,True,True,True,0.0,0.0,0.0,0.0
000042,80,2025-10-21 15:45:23,INACTIVE,True,True,0,True,True,True,True,0.0,0.0,0.0,0.0
0000BP,1070,2021-04-09 09:57:49,INACTIVE,True,True,0,True,True,True,True,0.0,0.0,0.0,0.0
0001H3,1204,2022-11-23 05:48:40,INACTIVE,True,True,0,True,True,True,True,0.0,0.0,0.0,0.0
0004FK,2008,2022-02-27 04:55:39,INACTIVE,True,True,0,True,True,True,True,0.0,0.0,0.0,0.0
0000E0,13,2026-01-05 05:21:42,INACTIVE,True,True,0,True,True,True,True,0.0,0.0,0.0,0.0
0001VJ,771,2019-09-28 07:21:40,ACTIVE,2019-10-04,2023-09-13,7308719,724428.9200000000,724870.1100000000,0E-10,0E-10,-1174634.64,1509930.88,189.39,-1524569.31
0004RM,774,2024-06-23 21:14:56,INACTIVE,True,True,0,True,True,True,True,0.0,0.0,0.0,0.0
00049A,416,2024-11-10 19:15:57,INACTIVE,True,True,0,True,True,True,True,0.0,0.0,0.0,0.0
0006YS,914,2023-12-03 09:25:19,ACTIVE,2023-12-05,2023-12-05,0,100.0000000000,0E-10,0E-10,0E-10,0.0,0.0,1.43,1.88
0001SP,92,2025-09-27 20:32:15,INACTIVE,True,True,0,True,True,True,True,0.0,0.0,0.0,0.0
0005OJ,998,2022-02-08 16:51:32,INACTIVE,True,True,0,True,True,True,True,0.0,0.0,0.0,0.0
0004XJ,229,2024-09-08 06:05:09,ACTIVE,2025-04-09,2025-04-09,4948,5000.0000000000,53.7500000000,0E-10,0E-10,-2287.69,-2177.74,81.15,-2692.08
0004DG,789,2024-06-20 13:03:18,INACTIVE,True,True,0,True,True,True,True,0.0,0.0,0.0,0.0
0002FM,398,2025-04-23 17:38:28,INACTIVE,True,True,0,True,True,True,True,0.0,0.0,0.0,0.0
00053X,623,2023-10-18 09:43:26,ACTIVE,2023-10-23,2023-10-23,0,50.0000000000,0E-10,0E-10,0E-10,0.0,0.0,0.65,0.72
00076B,234,2019-08-03 15:29:31,ACTIVE,2021-11-19,2025-01-28,7725661,342460.0000000000,342408.2200000000,0E-10,0E-10,-3338027.21,-430439.09,127.82,-3533848.68
0004JX,1341,2019-08-11 16:02:01,INACTIVE,True,True,0,True,True,True,True,0.0,0.0,0.0,0.0
0004C3,1449,2022-11-16 09:54:49,INACTIVE,True,True,0,True,True,True,True,0.0,0.0,0.0,0.0
0000OM,785,2023-01-31 11:54:26,ACTIVE,2023-07-19,2023-12-13,46732,56134.0000000000,55291.3100000000,0E-10,0E-10,-11496.32,-11585.02,233.69,-22502.13
0004AF,1137,2023-02-03 01:39:12,INACTIVE,True,True,0,True,True,True,True,0.0,0.0,0.0,0.0
0003KM,1286,2019-08-02 12:35:21,INACTIVE,True,True,0,True,True,True,True,0.0,0.0,0.0,0.0
0003UL,776,2022-05-20 14:26:24,INACTIVE,True,True,0,True,True,True,True,0.0,0.0,0.0,0.0
0005W5,1031,2024-01-17 18:12:10,INACTIVE,True,True,0,True,True,True,True,0.0,0.0,0.0,0.0
0005F8,2420,2019-11-20 00:18:41,INACTIVE,True,True,0,True,True,True,True,0.0,0.0,0.0,0.0
00055V,29,2025-11-23 05:59:01,ACTIVE,2025-12-02,2025-12-05,0,2000.0000000000,960.7500000000,1000.0000000000,0E-10,0.0,0.0,115.99,167.07
00068X,707,2023-04-21 13:05:56,INACTIVE,True,True,0,True,True,True,True,0.0,0.0,0.0,0.0
0006QL,374,2024-08-28 21:48:47,INACTIVE,True,True,0,True,True,True,True,0.0,0.0,0.0,0.0
00057K,290,2024-08-19 09:31:16,INACTIVE,True,True,0,True,True,True,True,0.0,0.0,0.0,0.0
000448,841,2021-11-07 10:29:19,INACTIVE,True,True,0,True,True,True,True,0.0,0.0,0.0,0.0
0003J2,3121,2019-01-14 19:30:46,INACTIVE,True,True,0,True,True,True,True,0.0,0.0,0.0,0.0
0005F3,45,2025-11-17 12:27:20,INACTIVE,True,True,0,True,True,True,True,0.0,0.0,0.0,0.0
0003N0,1383,2021-10-04 21:09:51,INACTIVE,True,True,0,True,True,True,True,0.0,0.0,0.0,0.0
0006E4,1191,2022-11-24 12:09:13,INACTIVE,True,True,0,True,True,True,True,0.0,0.0,0.0,0.0
0006P5,1579,2020-10-08 13:09:21,INACTIVE,True,True,0,True,True,True,True,0.0,0.0,0.0,0.0
0003AW,512,2024-08-10 12:20:43,INACTIVE,True,True,0,True,True,True,True,0.0,0.0,0.0,0.0
0003ZR,287,2025-06-19 22:00:37,INACTIVE,True,True,0,True,True,True,True,0.0,0.0,0.0,0.0
0006L8,2037,2018-07-16 14:47:06,INACTIVE,2018-07-18,2018-07-18,293207,True,True,True,True,149501.58,173151.97,0.0,195334.42
00017D,2082,2021-08-17 19:25:30,INACTIVE,True,True,0,True,True,True,True,0.0,0.0,0.0,0.0
00018M,884,2022-11-10 14:57:16,EXITED,2022-11-15,2022-11-15,21992,True,True,True,True,-11828.27,-19457.31,0.0,-17237.31
0004TU,1033,2019-11-08 12:43:13,INACTIVE,2019-11-12,2021-12-03,2980604,True,True,True,True,433788.03,1131390.8,0.0,392147.01
0001HJ,1467,2016-07-11 16:48:44,INACTIVE,2016-07-19,2019-01-10,3341855,True,True,True,True,-1792878.22,-1177841.14,0.0,-747064.98
0000H3,701,2024-06-02 11:19:27,INACTIVE,True,True,0,True,True,True,True,0.0,0.0,0.0,0.0
0004KV,895,2023-05-06 00:00:00,EXITED,2023-05-06,2023-05-09,57439,True,True,True,True,-21453.37,-34820.3,0.0,-19035.32
0000N6,1658,2022-06-20 07:36:31,INACTIVE,True,True,0,True,True,True,True,0.0,0.0,0.0,0.0
000686,285,2024-10-21 16:53:35,INACTIVE,True,True,0,True,True,True,True,0.0,0.0,0.0,0.0
0002CE,1417,2022-07-11 22:44:02,INACTIVE,True,True,0,True,True,True,True,0.0,0.0,0.0,0.0
00010W,313,2024-05-15 09:41:00,INACTIVE,True,True,0,True,True,True,True,0.0,0.0,0.0,0.0
000325,88,2025-09-17 22:08:19,INACTIVE,True,True,0,True,True,True,True,0.0,0.0,0.0,0.0
0003VB,529,2023-09-16 09:06:55,ACTIVE,2024-09-25,2024-09-25,5100,3600.0000000000,3586.0000000000,0E-10,0E-10,-6629.12,-5701.7,115.24,-9876.18
0001UU,48,2025-10-20 00:00:00,ACTIVE,2025-10-20,2025-10-20,7671,10000.0000000000,9984.3800000000,0E-10,0E-10,-579.31,3647.91,313.61,-276.57
0002AT,1907,2020-02-02 21:29:32,INACTIVE,True,True,0,True,True,True,True,0.0,0.0,0.0,0.0
00015R,2671,2019-02-25 12:20:32,INACTIVE,True,True,0,True,True,True,True,0.0,0.0,0.0,0.0
0002DN,444,2025-01-18 17:06:27,INACTIVE,True,True,0,True,True,True,True,0.0,0.0,0.0,0.0
000315,42,2025-11-20 18:05:39,ACTIVE,2025-12-11,2025-12-11,7177,5000.0000000000,4964.5000000000,0E-10,0E-10,-8458.26,-7742.49,93.75,-8656.76
000597,1340,2020-05-18 10:39:46,INACTIVE,True,True,0,True,True,True,True,0.0,0.0,0.0,0.0
00074J,28,2025-11-27 11:57:13,INACTIVE,True,True,0,True,True,True,True,0.0,0.0,0.0,0.0
0006O3,537,2024-05-12 17:00:48,INACTIVE,True,True,0,True,True,True,True,0.0,0.0,0.0,0.0
0000C0,696,2023-06-20 12:01:58,INACTIVE,True,True,0,True,True,True,True,0.0,0.0,0.0,0.0
00022Z,91,2025-09-24 16:45:19,INACTIVE,True,True,0,True,True,True,True,0.0,0.0,0.0,0.0
0006TM,750,2023-08-09 15:59:10,INACTIVE,True,True,0,True,True,True,True,0.0,0.0,0.0,0.0
0003Q4,2507,2018-02-20 16:21:18,INACTIVE,2018-02-21,2018-05-23,0,0E-10,0E-10,0E-10,0E-10,0.0,0.0,0.0,0.0
0003E5,972,2023-06-06 13:30:58,INACTIVE,True,True,0,True,True,True,True,0.0,0.0,0.0,0.0
0004JY,427,2023-09-29 12:42:09,INACTIVE,True,True,0,True,True,True,True,0.0,0.0,0.0,0.0
0001JY,1079,2022-05-04 11:23:47,INACTIVE,True,True,0,True,True,True,True,0.0,0.0,0.0,0.0
00049H,987,2022-07-04 18:46:56,INACTIVE,True,True,0,True,True,True,True,0.0,0.0,0.0,0.0
0005PR,99,2022-08-24 00:00:00,ACTIVE,2022-08-24,2025-09-03,188701,242120.0000000000,241818.8200000000,0E-10,0E-10,-130051.7,-46838.67,175.08,-69680.88
0005EB,218,2025-07-30 16:34:02,INACTIVE,True,True,0,True,True,True,True,0.0,0.0,0.0,0.0
0004EL,5,2022-11-15 10:40:22,ACTIVE,2026-01-08,2026-01-08,5910,5000.0000000000,4964.5000000000,0E-10,0E-10,-4750.24,-7516.35,70.11,-9664.32
0003I5,574,2023-08-01 09:21:34,ACTIVE,2023-08-17,2023-08-17,0,300.0000000000,300.0000000000,0E-10,0E-10,0.0,0.0,5.09,7.82
0003YO,2129,2021-09-23 10:51:40,INACTIVE,True,True,0,True,True,True,True,0.0,0.0,0.0,0.0
0005WX,33,2025-12-01 21:20:28,ACTIVE,2025-12-02,2025-12-09,0,2000.0000000000,50.0000000000,1950.0000000000,0E-10,0.0,0.0,283.68,161.87
0002IW,1721,2019-02-25 10:37:43,INACTIVE,True,True,0,True,True,True,True,0.0,0.0,0.0,0.0
00063P,582,2024-10-07 14:42:17,INACTIVE,True,True,0,True,True,True,True,0.0,0.0,0.0,0.0
0003IE,855,2024-01-07 15:13:37,INACTIVE,True,True,0,True,True,True,True,0.0,0.0,0.0,0.0
0003IT,1523,2023-02-26 17:09:43,INACTIVE,True,True,0,True,True,True,True,0.0,0.0,0.0,0.0
0006MM,3704,2016-04-25 15:19:20,INACTIVE,2016-04-28,2018-09-06,6365084,True,True,True,True,-914423.42,-1016753.8,0.0,-2529497.06
0005UD,1612,2022-05-06 11:43:24,INACTIVE,True,True,0,True,True,True,True,0.0,0.0,0.0,0.0
00060X,79,2025-09-17 16:36:43,INACTIVE,True,True,0,True,True,True,True,0.0,0.0,0.0,0.0
0007EZ,2342,2019-07-09 14:59:22,INACTIVE,True,True,0,True,True,True,True,0.0,0.0,0.0,0.0
0007JY,1962,2017-05-12 00:00:00,EXITED,2017-05-12,2017-05-12,28795,True,True,True,True,-20500.7,-16732.49,0.0,-16541.44
00053Z,603,2024-06-19 07:45:11,INACTIVE,True,True,0,True,True,True,True,0.0,0.0,0.0,0.0
0001PH,330,2025-05-27 23:09:19,INACTIVE,True,True,0,True,True,True,True,0.0,0.0,0.0,0.0
00045H,942,2020-12-03 19:16:17,INACTIVE,True,True,0,True,True,True,True,0.0,0.0,0.0,0.0
0003JZ,2803,2020-06-18 12:59:30,INACTIVE,True,True,0,True,True,True,True,0.0,0.0,0.0,0.0
0004K5,2418,2019-09-02 19:08:38,INACTIVE,True,True,0,True,True,True,True,0.0,0.0,0.0,0.0
000607,514,2023-11-17 12:59:45,INACTIVE,True,True,0,True,True,True,True,0.0,0.0,0.0,0.0
0001U4,587,2024-11-08 13:22:08,INACTIVE,True,True,0,True,True,True,True,0.0,0.0,0.0,0.0
0001RU,1420,2022-04-17 16:40:36,INACTIVE,True,True,0,True,True,True,True,0.0,0.0,0.0,0.0
0001JW,2429,2019-01-10 08:25:47,INACTIVE,True,True,0,True,True,True,True,0.0,0.0,0.0,0.0
0002B3,1826,2021-01-14 15:12:58,INACTIVE,True,True,0,True,True,True,True,0.0,0.0,0.0,0.0
0000BE,1223,2020-11-13 01:16:28,INACTIVE,True,True,0,True,True,True,True,0.0,0.0,0.0,0.0
00003M,765,2022-08-16 17:55:11,INACTIVE,True,True,0,True,True,True,True,0.0,0.0,0.0,0.0
0003U9,562,2024-09-18 09:59:58,INACTIVE,True,True,0,True,True,True,True,0.0,0.0,0.0,0.0
00042Z,14,2026-01-05 09:01:36,INACTIVE,True,True,0,True,True,True,True,0.0,0.0,0.0,0.0
0006OV,1119,2023-06-23 01:04:13,INACTIVE,True,True,0,True,True,True,True,0.0,0.0,0.0,0.0
0002AW,2688,2020-07-20 11:29:04,INACTIVE,True,True,0,True,True,True,True,0.0,0.0,0.0,0.0
0004F2,2130,2021-09-14 19:28:22,INACTIVE,True,True,0,True,True,True,True,0.0,0.0,0.0,0.0
00035D,1003,2020-11-17 07:19:36,INACTIVE,True,True,0,True,True,True,True,0.0,0.0,0.0,0.0
0005M0,1010,2023-11-02 00:00:00,ACTIVE,2023-11-02,2023-11-12,0,2002.0000000000,2000.0000000000,0E-10,500.0000000000,0.0,0.0,69.69,55.52
0002N6,702,2024-07-12 09:46:17,INACTIVE,True,True,0,True,True,True,True,0.0,0.0,0.0,0.0
0002T5,101,2025-09-18 22:48:34,INACTIVE,True,True,0,True,True,True,True,0.0,0.0,0.0,0.0
00073H,957,2023-02-28 01:21:40,INACTIVE,True,True,0,True,True,True,True,0.0,0.0,0.0,0.0
00039W,443,2025-01-24 13:43:55,INACTIVE,True,True,0,True,True,True,True,0.0,0.0,0.0,0.0
0000S3,459,2025-03-12 09:30:32,INACTIVE,True,True,0,True,True,True,True,0.0,0.0,0.0,0.0
0000HP,122,2025-10-25 22:31:05,INACTIVE,True,True,0,True,True,True,True,0.0,0.0,0.0,0.0
0003E0,3164,2017-02-14 14:49:33,INACTIVE,2017-02-22,2017-02-22,360437,True,True,True,True,374182.65,591804.19,0.0,391537.1
0006DP,382,2025-03-25 19:14:48,INACTIVE,True,True,0,True,True,True,True,0.0,0.0,0.0,0.0
0004ZC,128,2025-09-05 22:58:58,INACTIVE,True,True,0,True,True,True,True,0.0,0.0,0.0,0.0
0001UE,2991,2020-01-17 00:50:05,INACTIVE,True,True,0,True,True,True,True,0.0,0.0,0.0,0.0
0004Q2,1996,2021-04-15 15:34:53,INACTIVE,True,True,0,True,True,True,True,0.0,0.0,0.0,0.0
0003EO,3165,2020-01-04 19:29:59,INACTIVE,True,True,0,True,True,True,True,0.0,0.0,0.0,0.0
000620,3505,2019-08-19 06:53:38,INACTIVE,True,True,0,True,True,True,True,0.0,0.0,0.0,0.0
0004O7,33,2025-12-06 09:22:14,INACTIVE,True,True,0,True,True,True,True,0.0,0.0,0.0,0.0
0002H7,760,2024-08-19 06:42:49,INACTIVE,True,True,0,True,True,True,True,0.0,0.0,0.0,0.0
00035N,268,2025-06-04 06:05:53,INACTIVE,True,True,0,True,True,True,True,0.0,0.0,0.0,0.0
0007AB,720,2023-05-15 18:54:08,INACTIVE,True,True,0,True,True,True,True,0.0,0.0,0.0,0.0
0006R9,351,2024-02-14 09:17:23,ACTIVE,2024-02-17,2024-02-17,0,100.0000000000,100.0000000000,0E-10,0E-10,0.0,0.0,1.94,2.68
0003M3,820,2024-02-22 09:19:14,INACTIVE,True,True,0,True,True,True,True,0.0,0.0,0.0,0.0
0005WW,530,2024-01-09 16:51:28,ACTIVE,2024-01-13,2024-01-13,6520,5000.0000000000,5000.0000000000,0E-10,0E-10,-8737.79,-5348.95,115.74,-9591.61
0006IG,88,2025-09-16 12:39:19,INACTIVE,True,True,0,True,True,True,True,0.0,0.0,0.0,0.0
0000JA,1273,2022-09-23 09:12:25,INACTIVE,True,True,0,True,True,True,True,0.0,0.0,0.0,0.0
0000WZ,552,2023-03-13 13:23:26,INACTIVE,True,True,0,True,True,True,True,0.0,0.0,0.0,0.0
0004OM,810,2023-08-15 22:59:16,INACTIVE,True,True,0,True,True,True,True,0.0,0.0,0.0,0.0
0006CB,2587,2020-08-03 02:25:25,INACTIVE,True,True,0,True,True,True,True,0.0,0.0,0.0,0.0
0006UN,30,2018-09-12 15:52:43,ACTIVE,2025-09-14,2025-11-20,81501,126300.0000000000,126111.0100000000,0E-10,0E-10,-31784.99,-3076.27,856.65,-24515.72
00071L,224,2025-06-30 14:16:08,INACTIVE,True,True,0,True,True,True,True,0.0,0.0,0.0,0.0
00012X,668,2023-04-06 18:37:24,INACTIVE,True,True,0,True,True,True,True,0.0,0.0,0.0,0.0
0006SW,399,2025-03-28 13:57:09,INACTIVE,True,True,0,True,True,True,True,0.0,0.0,0.0,0.0
00027A,636,2024-02-01 23:53:05,INACTIVE,True,True,0,True,True,True,True,0.0,0.0,0.0,0.0
0000D7,2046,2021-10-09 10:36:04,INACTIVE,True,True,0,True,True,True,True,0.0,0.0,0.0,0.0
0007JN,1735,2022-02-27 16:03:44,INACTIVE,True,True,0,True,True,True,True,0.0,0.0,0.0,0.0
0002LD,3358,2019-05-15 11:11:32,INACTIVE,True,True,0,True,True,True,True,0.0,0.0,0.0,0.0
000331,770,2023-12-20 13:50:25,INACTIVE,True,True,0,True,True,True,True,0.0,0.0,0.0,0.0
0004CV,396,2024-12-09 16:41:03,INACTIVE,True,True,0,True,True,True,True,0.0,0.0,0.0,0.0
00079K,678,2022-08-02 10:34:43,INACTIVE,True,True,0,True,True,True,True,0.0,0.0,0.0,0.0
0003ZA,600,2024-06-14 14:23:18,INACTIVE,True,True,0,True,True,True,True,0.0,0.0,0.0,0.0
0001HC,727,2024-02-04 04:53:11,INACTIVE,True,True,0,True,True,True,True,0.0,0.0,0.0,0.0
00017Q,458,2024-11-27 14:49:00,INACTIVE,True,True,0,True,True,True,True,0.0,0.0,0.0,0.0
0002VJ,836,2022-05-31 14:40:40,INACTIVE,True,True,0,True,True,True,True,0.0,0.0,0.0,0.0
000362,1044,2023-04-17 10:43:21,INACTIVE,True,True,0,True,True,True,True,0.0,0.0,0.0,0.0
00031D,2504,2018-11-01 11:40:56,INACTIVE,2018-11-08,2018-11-08,184983,True,True,True,True,-6049.5,9543.21,0.0,-5943.69
0003RG,958,2018-07-14 07:42:06,ACTIVE,2023-07-23,2023-08-25,32343,65953.0000000000,65873.5300000000,0E-10,0E-10,-19245.52,-34305.28,966.5,-38672.66
0003TQ,2853,2019-04-24 15:48:38,INACTIVE,True,True,0,True,True,True,True,0.0,0.0,0.0,0.0
00011D,1748,2020-06-26 12:59:41,INACTIVE,True,True,0,True,True,True,True,0.0,0.0,0.0,0.0
0007FP,2733,2018-07-06 00:00:00,EXITED,2018-07-06,2018-08-03,43235,True,True,True,True,-13602.48,-27200.49,0.0,-23500.2
0002EQ,11,2025-08-18 22:31:23,ACTIVE,2025-08-19,2026-01-03,0,369500.0000000000,368646.6900000000,500.0000000000,47900.0000000000,0.0,0.0,2246.62,1543.93
00012M,2106,2021-06-26 11:56:12,INACTIVE,True,True,0,True,True,True,True,0.0,0.0,0.0,0.0
0004RH,192,2025-08-20 12:20:35,INACTIVE,True,True,0,True,True,True,True,0.0,0.0,0.0,0.0
0002FO,434,2024-07-17 08:51:11,INACTIVE,True,True,0,True,True,True,True,0.0,0.0,0.0,0.0
0002G9,1168,2021-10-30 08:18:25,INACTIVE,True,True,0,True,True,True,True,0.0,0.0,0.0,0.0
0004HB,252,2025-06-15 10:02:25,INACTIVE,True,True,0,True,True,True,True,0.0,0.0,0.0,0.0
0005K0,1860,2022-01-16 11:03:42,INACTIVE,True,True,0,True,True,True,True,0.0,0.0,0.0,0.0
0003VS,1,2018-03-21 18:00:03,ACTIVE,2019-03-01,2026-01-14,9542144,43614200.9400000000,43609347.0400000000,302100.0000000000,18684681.9600000000,-11230440.61,-6097371.67,19522.94,-7967517.89
00019O,1142,2022-09-02 17:14:02,INACTIVE,True,True,0,True,True,True,True,0.0,0.0,0.0,0.0
00008L,796,2023-05-06 09:45:26,INACTIVE,True,True,0,True,True,True,True,0.0,0.0,0.0,0.0
0000F4,1633,2022-07-06 10:03:29,INACTIVE,True,True,0,True,True,True,True,0.0,0.0,0.0,0.0
00008B,406,2024-04-24 11:25:03,INACTIVE,True,True,0,True,True,True,True,0.0,0.0,0.0,0.0
00033S,974,2023-12-15 17:14:34,INACTIVE,True,True,0,True,True,True,True,0.0,0.0,0.0,0.0
0001RB,1163,2023-02-27 00:00:00,ACTIVE,2023-02-27,2023-04-20,24996,8000.0000000000,7519.6200000000,450.0000000000,0E-10,-7615.21,-4930.76,155.85,-10343.24
0000RC,1330,2023-05-01 09:33:17,INACTIVE,True,True,0,True,True,True,True,0.0,0.0,0.0,0.0
000290,1834,2022-09-02 17:31:08,INACTIVE,True,True,0,True,True,True,True,0.0,0.0,0.0,0.0
00066M,1504,2021-10-28 15:30:11,INACTIVE,True,True,0,True,True,True,True,0.0,0.0,0.0,0.0
00039I,627,2024-08-10 16:16:40,INACTIVE,True,True,0,True,True,True,True,0.0,0.0,0.0,0.0
0001I9,1590,2022-06-11 12:53:24,INACTIVE,True,True,0,True,True,True,True,0.0,0.0,0.0,0.0
0004OY,196,2021-11-07 08:46:31,ACTIVE,2025-05-12,2025-08-22,322703,682816.4000000000,682587.5100000000,0E-10,0E-10,-132749.72,52269.53,4391.22,-130372.34
0006QH,1884,2020-12-22 14:17:26,INACTIVE,True,True,0,True,True,True,True,0.0,0.0,0.0,0.0
0000YW,808,2022-05-27 05:38:58,INACTIVE,True,True,0,True,True,True,True,0.0,0.0,0.0,0.0
0001K7,222,2025-08-18 22:10:26,INACTIVE,True,True,0,True,True,True,True,0.0,0.0,0.0,0.0
0006L1,729,2022-06-15 11:20:08,INACTIVE,True,True,0,True,True,True,True,0.0,0.0,0.0,0.0
000435,917,2024-04-28 15:58:18,INACTIVE,True,True,0,True,True,True,True,0.0,0.0,0.0,0.0
0007FI,398,2024-08-06 21:56:15,INACTIVE,True,True,0,True,True,True,True,0.0,0.0,0.0,0.0
000536,458,2024-10-11 11:52:59,INACTIVE,True,True,0,True,True,True,True,0.0,0.0,0.0,0.0
000711,74,2025-11-25 22:24:55,INACTIVE,True,True,0,True,True,True,True,0.0,0.0,0.0,0.0
0002SU,2818,2019-06-26 11:33:02,INACTIVE,True,True,0,True,True,True,True,0.0,0.0,0.0,0.0
0002D9,678,2024-04-30 13:35:33,INACTIVE,True,True,0,True,True,True,True,0.0,0.0,0.0,0.0
0004Y6,1843,2019-12-07 22:20:32,INACTIVE,True,True,0,True,True,True,True,0.0,0.0,0.0,0.0
0007OM,628,2023-11-15 19:17:56,INACTIVE,True,True,0,True,True,True,True,0.0,0.0,0.0,0.0
000299,236,2019-10-22 17:11:28,ACTIVE,2019-10-29,2024-10-29,212195,52450.0000000000,52570.4300000000,0E-10,0E-10,673725.68,773689.54,19.25,661611.7
00028B,765,2024-02-11 06:11:59,INACTIVE,True,True,0,True,True,True,True,0.0,0.0,0.0,0.0
0003MX,262,2025-04-08 11:21:01,INACTIVE,True,True,0,True,True,True,True,0.0,0.0,0.0,0.0
0002NS,796,2023-01-12 11:02:53,INACTIVE,True,True,0,True,True,True,True,0.0,0.0,0.0,0.0
000748,286,2024-08-03 16:34:33,ACTIVE,2025-02-25,2025-02-25,0,100.0000000000,0E-10,0E-10,0E-10,0.0,0.0,1.32,2.37
0003DF,2035,2022-03-05 23:25:36,INACTIVE,True,True,0,True,True,True,True,0.0,0.0,0.0,0.0
00044M,781,2024-06-15 18:22:15,INACTIVE,True,True,0,True,True,True,True,0.0,0.0,0.0,0.0
0004M5,2211,2019-07-15 08:11:15,INACTIVE,True,True,0,True,True,True,True,0.0,0.0,0.0,0.0
00027X,2717,2021-01-05 00:30:20,INACTIVE,True,True,0,True,True,True,True,0.0,0.0,0.0,0.0
000791,2203,2019-10-09 23:16:33,INACTIVE,True,True,0,True,True,True,True,0.0,0.0,0.0,0.0
0002C4,1858,2020-01-19 12:17:52,INACTIVE,True,True,0,True,True,True,True,0.0,0.0,0.0,0.0
0006T9,1108,2022-08-16 16:19:55,INACTIVE,True,True,0,True,True,True,True,0.0,0.0,0.0,0.0
00027N,419,2025-03-16 17:29:59,INACTIVE,True,True,0,True,True,True,True,0.0,0.0,0.0,0.0
0003OQ,805,2023-03-03 13:15:01,INACTIVE,True,True,0,True,True,True,True,0.0,0.0,0.0,0.0
0003FH,1474,2020-06-14 09:36:17,INACTIVE,True,True,0,True,True,True,True,0.0,0.0,0.0,0.0
0000TM,2562,2021-03-28 15:32:24,INACTIVE,True,True,0,True,True,True,True,0.0,0.0,0.0,0.0
0005AV,314,2023-08-04 09:52:43,ACTIVE,2025-05-06,2025-05-06,28762,30000.0000000000,29972.5000000000,0E-10,0E-10,-52644.75,-34793.04,692.77,-35441.67
0000MF,1544,2022-09-11 20:23:14,INACTIVE,True,True,0,True,True,True,True,0.0,0.0,0.0,0.0
0006MX,165,2017-08-27 09:13:06,ACTIVE,2025-07-22,2025-09-04,3343,7721.0200000000,7698.1700000000,0E-10,0E-10,-2271.14,-372.18,82.44,-4069.23
0002V6,5020,2013-10-10 00:00:00,INACTIVE,2013-10-11,2014-06-03,546228,True,True,True,True,0.0,0.0,0.0,0.0
0003KJ,742,2021-12-16 14:06:42,INACTIVE,2021-12-23,2022-08-09,440299,True,True,True,True,20083.79,113159.66,0.0,19816.57
0001P0,3082,2019-04-23 14:00:28,INACTIVE,2019-04-24,2019-04-24,2627078,True,True,True,True,274997.58,1951090.87,0.0,291774.71
000466,609,2023-10-25 12:38:41,INACTIVE,True,True,0,True,True,True,True,0.0,0.0,0.0,0.0
0007AH,621,2023-05-09 13:28:51,INACTIVE,True,True,0,True,True,True,True,0.0,0.0,0.0,0.0
0000IE,489,2025-02-19 19:47:51,INACTIVE,True,True,0,True,True,True,True,0.0,0.0,0.0,0.0
0000N3,1395,2018-10-21 17:11:57,INACTIVE,True,True,0,True,True,True,True,0.0,0.0,0.0,0.0
0003IW,1,2026-01-13 21:51:33,INACTIVE,True,True,0,True,True,True,True,0.0,0.0,0.0,0.0
0003I1,1843,2019-10-23 19:56:46,INACTIVE,True,True,0,True,True,True,True,0.0,0.0,0.0,0.0
0000ZT,3135,2019-08-28 22:20:43,INACTIVE,True,True,0,True,True,True,True,0.0,0.0,0.0,0.0
00045F,2529,2021-05-10 10:21:15,INACTIVE,True,True,0,True,True,True,True,0.0,0.0,0.0,0.0
0005FT,46,2025-08-25 12:38:18,ACTIVE,2025-10-01,2025-11-01,0,2200.0000000000,2010.7500000000,200.0000000000,0E-10,0.0,0.0,76.5,95.22
0004M0,1417,2021-09-15 15:25:43,INACTIVE,True,True,0,True,True,True,True,0.0,0.0,0.0,0.0
0002ZD,248,2025-06-28 00:00:00,ACTIVE,2025-06-28,2025-06-28,4674,6000.0000000000,5996.0000000000,0E-10,0E-10,-10588.33,-8967.36,148.96,-21340.87
0005T5,126,2025-09-22 00:00:00,ACTIVE,2025-09-22,2025-09-27,6840,30700.0000000000,30643.1400000000,0E-10,0E-10,-1196.31,1454.38,660.68,-203.82
000660,32,2025-12-01 00:00:00,ACTIVE,2025-12-01,2025-12-03,0,2000.0000000000,1000.0000000000,1000.0000000000,0E-10,0.0,0.0,190.84,157.89
0001EE,697,2023-09-28 14:54:27,INACTIVE,True,True,0,True,True,True,True,0.0,0.0,0.0,0.0
0000HW,533,2024-09-15 11:00:37,INACTIVE,True,True,0,True,True,True,True,0.0,0.0,0.0,0.0
0002V2,50,2025-07-28 00:00:00,ACTIVE,2025-07-28,2025-10-14,283898,390000.0000000000,349988.1300000000,0E-10,0E-10,-285978.79,-184027.67,3229.14,-195586.09
00070U,2815,2019-12-01 12:45:02,INACTIVE,True,True,0,True,True,True,True,0.0,0.0,0.0,0.0
0003CN,1848,2019-07-08 23:25:07,INACTIVE,True,True,0,True,True,True,True,0.0,0.0,0.0,0.0
0003OP,494,2025-01-08 10:36:56,BLACKLISTED,True,True,0,True,True,True,True,0.0,0.0,0.0,0.0
0003MN,714,2024-05-22 14:47:27,INACTIVE,True,True,0,True,True,True,True,0.0,0.0,0.0,0.0
0005RO,1410,2022-09-02 15:44:45,INACTIVE,True,True,0,True,True,True,True,0.0,0.0,0.0,0.0
0002OO,2485,2020-09-02 13:19:33,INACTIVE,True,True,0,True,True,True,True,0.0,0.0,0.0,0.0
0004TF,565,2023-05-09 17:28:29,INACTIVE,True,True,0,True,True,True,True,0.0,0.0,0.0,0.0
0004G7,763,2023-04-17 16:23:42,INACTIVE,True,True,0,True,True,True,True,0.0,0.0,0.0,0.0
0002IJ,2221,2020-02-02 14:35:02,INACTIVE,True,True,0,True,True,True,True,0.0,0.0,0.0,0.0
0004KH,3152,2019-04-14 17:22:03,INACTIVE,True,True,0,True,True,True,True,0.0,0.0,0.0,0.0
000733,575,2024-06-03 13:10:00,ACTIVE,2024-06-05,2024-11-15,0,244811.1100000000,244661.1100000000,0E-10,122961.1100000000,0.0,0.0,2210.71,1435.08
0002KN,783,2023-08-11 15:50:58,INACTIVE,True,True,0,True,True,True,True,0.0,0.0,0.0,0.0
0006S6,5084,2015-04-13 00:00:00,INACTIVE,2015-04-13,2015-04-13,141888,True,True,True,True,-128846.07,-60996.74,0.0,-141640.43
0002KF,1147,2021-09-06 00:00:00,ACTIVE,2021-09-06,2021-09-06,0,100.0000000000,0E-10,0E-10,0E-10,0.0,0.0,2.0,2.22
0006WJ,814,2022-03-19 12:00:33,INACTIVE,True,True,0,True,True,True,True,0.0,0.0,0.0,0.0
00043V,2043,2018-07-20 13:03:59,INACTIVE,True,True,0,True,True,True,True,0.0,0.0,0.0,0.0
00071G,1149,2023-10-19 07:51:41,INACTIVE,True,True,0,True,True,True,True,0.0,0.0,0.0,0.0
000661,1435,2022-04-12 01:12:09,INACTIVE,True,True,0,True,True,True,True,0.0,0.0,0.0,0.0
0004G3,1718,2021-03-31 23:50:16,INACTIVE,True,True,0,True,True,True,True,0.0,0.0,0.0,0.0
0004GU,159,2025-09-09 08:39:07,INACTIVE,True,True,0,True,True,True,True,0.0,0.0,0.0,0.0
0001C1,79,2025-08-14 01:53:48,INACTIVE,True,True,0,True,True,True,True,0.0,0.0,0.0,0.0
0005XF,210,2025-01-13 00:00:00,ACTIVE,2025-01-13,2025-02-10,0,19500.0000000000,18900.0000000000,500.0000000000,0E-10,0.0,0.0,514.65,570.64
0006NR,782,2022-06-20 15:26:23,INACTIVE,True,True,0,True,True,True,True,0.0,0.0,0.0,0.0
0001TT,106,2025-07-28 10:05:35,INACTIVE,True,True,0,True,True,True,True,0.0,0.0,0.0,0.0
0005E3,2211,2019-09-10 13:13:17,INACTIVE,True,True,0,True,True,True,True,0.0,0.0,0.0,0.0
0005XQ,1071,2022-04-14 09:47:48,INACTIVE,True,True,0,True,True,True,True,0.0,0.0,0.0,0.0
0002SN,1755,2022-04-21 23:09:27,INACTIVE,True,True,0,True,True,True,True,0.0,0.0,0.0,0.0
0003TG,1648,2022-09-01 16:42:14,INACTIVE,2022-09-02,2022-09-02,1026652,True,True,True,True,-162404.83,200263.59,0.0,-141567.88
000783,2876,2020-07-07 15:28:39,INACTIVE,True,True,0,True,True,True,True,0.0,0.0,0.0,0.0
000265,439,2024-04-25 02:45:18,INACTIVE,True,True,0,True,True,True,True,0.0,0.0,0.0,0.0
00052E,1325,2022-06-04 10:28:24,INACTIVE,True,True,0,True,True,True,True,0.0,0.0,0.0,0.0
0002QR,463,2023-09-25 14:11:51,INACTIVE,True,True,0,True,True,True,True,0.0,0.0,0.0,0.0
00051K,13,2024-08-25 11:04:35,ACTIVE,2025-10-15,2025-12-28,35231,56100.0000000000,55889.7400000000,0E-10,0E-10,-21794.23,-9422.43,509.11,-33672.2
0006MU,1096,2023-05-08 21:05:15,INACTIVE,True,True,0,True,True,True,True,0.0,0.0,0.0,0.0
0000JG,339,2020-09-14 22:12:35,ACTIVE,2025-01-13,2025-01-13,10623,7500.0000000000,7500.0000000000,0E-10,0E-10,-6548.53,-5165.09,177.35,-5064.28
0006EY,1484,2022-08-18 11:13:26,INACTIVE,True,True,0,True,True,True,True,0.0,0.0,0.0,0.0
0003PA,516,2024-07-20 17:00:56,ACTIVE,2024-12-17,2024-12-26,0,1300.0000000000,1300.0000000000,0E-10,400.0000000000,0.0,0.0,21.53,56.89
0002B9,118,2025-06-18 09:07:14,INACTIVE,True,True,0,True,True,True,True,0.0,0.0,0.0,0.0
0002TK,381,2025-04-25 22:59:17,INACTIVE,True,True,0,True,True,True,True,0.0,0.0,0.0,0.0
0007J8,152,2025-04-10 11:15:15,INACTIVE,True,True,0,True,True,True,True,0.0,0.0,0.0,0.0
0003FT,2812,2020-11-04 10:48:39,INACTIVE,True,True,0,True,True,True,True,0.0,0.0,0.0,0.0
0000C6,2676,2019-08-08 11:14:04,INACTIVE,True,True,0,True,True,True,True,0.0,0.0,0.0,0.0
0004QA,1244,2019-10-10 11:46:25,INACTIVE,True,True,0,True,True,True,True,0.0,0.0,0.0,0.0
0002Y0,99,2025-09-26 07:53:03,INACTIVE,True,True,0,True,True,True,True,0.0,0.0,0.0,0.0
0001MB,978,2022-07-05 12:22:02,INACTIVE,True,True,0,True,True,True,True,0.0,0.0,0.0,0.0
0003D6,2639,2020-06-23 23:06:06,INACTIVE,True,True,0,True,True,True,True,0.0,0.0,0.0,0.0
0007EY,1792,2019-04-12 03:53:41,INACTIVE,True,True,0,True,True,True,True,0.0,0.0,0.0,0.0
000485,2247,2021-05-27 09:40:48,INACTIVE,True,True,0,True,True,True,True,0.0,0.0,0.0,0.0
0005JT,1023,2022-08-05 10:52:17,INACTIVE,True,True,0,True,True,True,True,0.0,0.0,0.0,0.0
0006ZA,61,2024-11-16 09:06:55,ACTIVE,2025-12-05,2025-12-05,2938,5000.0000000000,4964.5000000000,0E-10,0E-10,-11137.37,-5804.85,113.26,-11813.49
0002IX,942,2022-09-10 00:56:36,INACTIVE,True,True,0,True,True,True,True,0.0,0.0,0.0,0.0
0005NG,1125,2023-06-11 17:00:52,INACTIVE,True,True,0,True,True,True,True,0.0,0.0,0.0,0.0
0001E1,194,2025-08-19 00:09:29,INACTIVE,True,True,0,True,True,True,True,0.0,0.0,0.0,0.0
0000BZ,296,2024-11-28 14:05:09,INACTIVE,True,True,0,True,True,True,True,0.0,0.0,0.0,0.0
00069M,61,2019-06-05 19:05:43,ACTIVE,2021-11-11,2025-10-01,29431,76270.0000000000,50924.1300000000,25223.0000000000,0E-10,-6247.84,3279.93,86.5,-5677.74
0007P6,2404,2019-10-12 07:37:14,INACTIVE,True,True,0,True,True,True,True,0.0,0.0,0.0,0.0
0004DK,671,2024-06-24 09:25:20,INACTIVE,True,True,0,True,True,True,True,0.0,0.0,0.0,0.0
000307,49,2025-12-09 01:14:11,INACTIVE,True,True,0,True,True,True,True,0.0,0.0,0.0,0.0
0003A3,515,2024-03-19 13:39:14,INACTIVE,True,True,0,True,True,True,True,0.0,0.0,0.0,0.0
0005XL,1117,2023-10-24 01:25:38,INACTIVE,True,True,0,True,True,True,True,0.0,0.0,0.0,0.0
0003J7,304,2025-06-14 19:38:07,INACTIVE,True,True,0,True,True,True,True,0.0,0.0,0.0,0.0
0005LO,1219,2023-06-07 10:47:49,INACTIVE,True,True,0,True,True,True,True,0.0,0.0,0.0,0.0
00017R,897,2021-03-15 13:55:03,INACTIVE,True,True,0,True,True,True,True,0.0,0.0,0.0,0.0
0004WC,439,2023-09-19 10:57:12,ACTIVE,2023-10-02,2023-12-30,83585,30175.0000000000,30101.7500000000,0E-10,0E-10,-28071.71,-25592.39,250.3,-24807.05
000705,127,2025-10-22 11:55:56,INACTIVE,True,True,0,True,True,True,True,0.0,0.0,0.0,0.0
00070R,2696,2020-01-22 18:01:23,INACTIVE,True,True,0,True,True,True,True,0.0,0.0,0.0,0.0
0000A5,2065,2021-01-08 14:04:32,INACTIVE,True,True,0,True,True,True,True,0.0,0.0,0.0,0.0
0006KL,193,2025-08-30 19:06:15,INACTIVE,True,True,0,True,True,True,True,0.0,0.0,0.0,0.0
0004SL,91,2025-07-30 09:13:10,INACTIVE,True,True,0,True,True,True,True,0.0,0.0,0.0,0.0
0005CH,2767,2020-01-06 00:27:31,INACTIVE,True,True,0,True,True,True,True,0.0,0.0,0.0,0.0
0000IB,826,2024-01-31 14:44:38,INACTIVE,True,True,0,True,True,True,True,0.0,0.0,0.0,0.0
00043N,2966,2020-01-07 11:00:21,INACTIVE,True,True,0,True,True,True,True,0.0,0.0,0.0,0.0
0003YS,2762,2020-02-15 11:06:31,INACTIVE,True,True,0,True,True,True,True,0.0,0.0,0.0,0.0
0003YB,44,2025-11-30 12:30:24,ACTIVE,2025-12-01,2025-12-01,0,2000.0000000000,999.7500000000,1000.0000000000,0E-10,0.0,0.0,117.66,105.51
0003ML,817,2022-02-14 09:30:58,INACTIVE,True,True,0,True,True,True,True,0.0,0.0,0.0,0.0
0001Z1,2864,2020-06-23 05:44:46,INACTIVE,True,True,0,True,True,True,True,0.0,0.0,0.0,0.0
0003VJ,3039,2019-06-16 13:59:59,INACTIVE,True,True,0,True,True,True,True,0.0,0.0,0.0,0.0
0000PB,1584,2020-12-22 16:19:38,INACTIVE,True,True,0,True,True,True,True,0.0,0.0,0.0,0.0
00019S,1984,2022-05-19 00:00:00,ACTIVE,2022-05-19,2022-05-19,0,500.0000000000,0E-10,0E-10,0E-10,0.0,0.0,6.81,8.72
0000HE,519,2024-04-15 19:36:57,INACTIVE,True,True,0,True,True,True,True,0.0,0.0,0.0,0.0
0007DQ,293,2025-02-13 13:27:18,INACTIVE,True,True,0,True,True,True,True,0.0,0.0,0.0,0.0
0000Q9,683,2022-07-21 18:04:42,ACTIVE,2022-09-24,2024-10-09,662151,972188.0000000000,904773.6300000000,0E-10,0E-10,-101803.78,102983.95,732.78,-85207.27
0005Y6,1394,2022-10-10 14:55:52,INACTIVE,True,True,0,True,True,True,True,0.0,0.0,0.0,0.0
0007GO,633,2024-10-13 13:20:14,INACTIVE,True,True,0,True,True,True,True,0.0,0.0,0.0,0.0
0000EH,1100,2022-01-11 18:35:11,INACTIVE,2023-11-14,2023-11-14,116542,True,True,True,True,-72741.03,18743.99,0.0,-54796.2
0006N0,1470,2022-02-27 12:49:36,INACTIVE,True,True,0,True,True,True,True,0.0,0.0,0.0,0.0
00029H,1934,2019-02-19 07:10:06,INACTIVE,True,True,0,True,True,True,True,0.0,0.0,0.0,0.0
00060A,2261,2021-06-12 19:40:53,INACTIVE,True,True,0,True,True,True,True,0.0,0.0,0.0,0.0
00075S,2168,2020-02-12 06:46:38,INACTIVE,True,True,0,True,True,True,True,0.0,0.0,0.0,0.0
000728,2542,2019-07-03 16:15:20,INACTIVE,True,True,0,True,True,True,True,0.0,0.0,0.0,0.0
0005WK,999,2023-06-01 10:33:31,INACTIVE,True,True,0,True,True,True,True,0.0,0.0,0.0,0.0
0007NJ,993,2020-09-15 18:02:09,INACTIVE,True,True,0,True,True,True,True,0.0,0.0,0.0,0.0
0000P3,53,2025-10-10 13:11:05,INACTIVE,True,True,0,True,True,True,True,0.0,0.0,0.0,0.0
0002JO,990,2023-08-12 08:26:13,INACTIVE,True,True,0,True,True,True,True,0.0,0.0,0.0,0.0
0003RB,220,2025-07-29 10:37:43,INACTIVE,True,True,0,True,True,True,True,0.0,0.0,0.0,0.0
0007CP,239,2025-05-10 14:18:26,INACTIVE,True,True,0,True,True,True,True,0.0,0.0,0.0,0.0
0006H3,853,2022-08-28 19:55:14,INACTIVE,True,True,0,True,True,True,True,0.0,0.0,0.0,0.0
0003P8,2613,2018-02-24 12:06:07,INACTIVE,True,True,0,True,True,True,True,0.0,0.0,0.0,0.0
0006XU,1270,2023-04-20 20:22:44,INACTIVE,True,True,0,True,True,True,True,0.0,0.0,0.0,0.0
0000MD,9,2016-10-18 23:11:28,ACTIVE,2025-01-31,2025-12-31,245937,439500.0000000000,437391.6800000000,0E-10,0E-10,-98150.47,32180.24,811.38,-115148.11
0000IV,429,2024-12-06 11:47:23,INACTIVE,True,True,0,True,True,True,True,0.0,0.0,0.0,0.0
00069H,1826,2021-11-18 17:54:37,INACTIVE,True,True,0,True,True,True,True,0.0,0.0,0.0,0.0
00042K,92,2025-10-06 08:53:56,INACTIVE,True,True,0,True,True,True,True,0.0,0.0,0.0,0.0
0000OE,2575,2019-08-22 14:51:13,INACTIVE,True,True,0,True,True,True,True,0.0,0.0,0.0,0.0
0003W0,3142,2019-10-28 17:28:06,INACTIVE,True,True,0,True,True,True,True,0.0,0.0,0.0,0.0
0001KS,634,2023-08-10 07:12:52,INACTIVE,True,True,0,True,True,True,True,0.0,0.0,0.0,0.0
00078I,747,2022-10-26 09:48:51,INACTIVE,True,True,0,True,True,True,True,0.0,0.0,0.0,0.0
0004PC,911,2021-08-05 11:23:02,INACTIVE,True,True,0,True,True,True,True,0.0,0.0,0.0,0.0
0002MH,2824,2019-09-26 10:05:19,INACTIVE,True,True,0,True,True,True,True,0.0,0.0,0.0,0.0
0002T7,805,2024-06-19 17:51:30,INACTIVE,True,True,0,True,True,True,True,0.0,0.0,0.0,0.0
0000YV,2403,2020-07-06 10:40:24,INACTIVE,True,True,0,True,True,True,True,0.0,0.0,0.0,0.0
00041W,4093,2018-06-14 12:41:13,INACTIVE,True,True,0,True,True,True,True,0.0,0.0,0.0,0.0
00076S,992,2023-10-17 14:42:32,INACTIVE,True,True,0,True,True,True,True,0.0,0.0,0.0,0.0
0004G9,389,2024-09-09 12:21:18,INACTIVE,True,True,0,True,True,True,True,0.0,0.0,0.0,0.0
00045C,624,2023-10-12 10:28:44,INACTIVE,True,True,0,True,True,True,True,0.0,0.0,0.0,0.0
0000P6,3227,2018-06-20 00:00:00,EXITED,2018-06-20,2018-06-20,14098,True,True,True,True,-10025.58,-10091.96,0.0,-7219.56
0004HZ,2955,2019-02-28 23:23:04,INACTIVE,True,True,0,True,True,True,True,0.0,0.0,0.0,0.0
0004VQ,1597,2021-10-08 16:15:01,INACTIVE,True,True,0,True,True,True,True,0.0,0.0,0.0,0.0
0000IO,287,2025-04-11 06:18:21,INACTIVE,True,True,0,True,True,True,True,0.0,0.0,0.0,0.0
0003F5,250,2025-03-29 00:00:00,ACTIVE,2025-03-29,2025-04-17,0,400.0000000000,100.0000000000,0E-10,0E-10,0.0,0.0,8.09,7.27
00065C,1363,2021-08-25 01:46:47,INACTIVE,True,True,0,True,True,True,True,0.0,0.0,0.0,0.0
00003B,2277,2020-07-17 16:12:34,INACTIVE,True,True,0,True,True,True,True,0.0,0.0,0.0,0.0
00030V,380,2025-03-16 13:52:41,INACTIVE,True,True,0,True,True,True,True,0.0,0.0,0.0,0.0
0001W4,1072,2023-03-19 00:00:00,ACTIVE,2023-03-19,2023-10-22,35818,42018.3800000000,41882.0500000000,0E-10,0E-10,5170.43,18249.35,136.05,8381.45
0004JD,1003,2022-08-23 13:36:23,INACTIVE,True,True,0,True,True,True,True,0.0,0.0,0.0,0.0
00060M,3241,2019-07-04 14:38:27,INACTIVE,True,True,0,True,True,True,True,0.0,0.0,0.0,0.0
00041L,1126,2022-03-14 17:05:22,INACTIVE,True,True,0,True,True,True,True,0.0,0.0,0.0,0.0
0003LO,136,2025-07-30 09:25:28,INACTIVE,True,True,0,True,True,True,True,0.0,0.0,0.0,0.0
0002EU,1672,2022-07-15 11:16:10,INACTIVE,True,True,0,True,True,True,True,0.0,0.0,0.0,0.0
0003O3,4415,2017-10-24 20:15:04,INACTIVE,True,True,0,True,True,True,True,0.0,0.0,0.0,0.0
00029Z,1958,2022-04-19 17:23:27,INACTIVE,True,True,0,True,True,True,True,0.0,0.0,0.0,0.0
0006JI,741,2022-09-20 10:34:20,INACTIVE,True,True,0,True,True,True,True,0.0,0.0,0.0,0.0
00027C,1733,2020-01-09 16:37:20,INACTIVE,True,True,0,True,True,True,True,0.0,0.0,0.0,0.0
0004AB,1357,2023-02-03 10:14:27,INACTIVE,True,True,0,True,True,True,True,0.0,0.0,0.0,0.0
0005UZ,3076,2019-08-05 13:48:24,INACTIVE,True,True,0,True,True,True,True,0.0,0.0,0.0,0.0
0000EW,963,2023-06-01 17:35:01,INACTIVE,True,True,0,True,True,True,True,0.0,0.0,0.0,0.0
0007LN,1312,2019-01-29 00:00:00,EXITED,2019-01-29,2019-01-29,39586,True,True,True,True,147126.16,195829.55,0.0,181957.37
0000V3,1183,2022-10-22 15:57:25,INACTIVE,True,True,0,True,True,True,True,0.0,0.0,0.0,0.0
0000I9,814,2021-11-05 12:59:59,INACTIVE,True,True,0,True,True,True,True,0.0,0.0,0.0,0.0
000196,1474,2020-11-15 06:17:44,INACTIVE,True,True,0,True,True,True,True,0.0,0.0,0.0,0.0
00054G,2291,2020-08-14 18:40:55,INACTIVE,True,True,0,True,True,True,True,0.0,0.0,0.0,0.0
0003B6,1401,2018-02-26 10:55:20,INACTIVE,2018-02-28,2019-12-30,958326,True,True,True,True,218776.85,518751.88,0.0,81675.53
0006XA,1631,2022-05-11 07:26:04,INACTIVE,True,True,0,True,True,True,True,0.0,0.0,0.0,0.0
0003R8,354,2025-03-05 15:38:33,INACTIVE,True,True,0,True,True,True,True,0.0,0.0,0.0,0.0
00021R,2143,2019-09-24 20:25:34,INACTIVE,True,True,0,True,True,True,True,0.0,0.0,0.0,0.0
000230,99,2025-09-24 13:54:28,INACTIVE,True,True,0,True,True,True,True,0.0,0.0,0.0,0.0
0006RN,3084,2020-01-27 16:20:43,INACTIVE,True,True,0,True,True,True,True,0.0,0.0,0.0,0.0
0001SA,329,2025-03-09 16:46:17,INACTIVE,True,True,0,True,True,True,True,0.0,0.0,0.0,0.0
0006RE,2800,2020-07-09 14:49:14,INACTIVE,True,True,0,True,True,True,True,0.0,0.0,0.0,0.0
0004OC,243,2025-04-24 19:15:37,INACTIVE,True,True,0,True,True,True,True,0.0,0.0,0.0,0.0
0000R2,3248,2017-12-01 00:00:00,EXITED,2017-12-01,2017-12-01,8985,True,True,True,True,-14039.97,-12836.58,0.0,-12544.37
0000QP,10,2022-04-02 00:00:00,ACTIVE,2022-04-02,2026-01-08,6536547,8867680.6600000000,8260698.6900000000,0E-10,438213.9600000000,-963920.23,719797.95,4457.12,-1261252.85
0004Q3,1343,2020-02-24 20:13:12,INACTIVE,True,True,0,True,True,True,True,0.0,0.0,0.0,0.0
0004AZ,800,2023-03-03 01:15:22,INACTIVE,True,True,0,True,True,True,True,0.0,0.0,0.0,0.0
0004RL,275,2020-08-18 23:49:11,ACTIVE,2024-12-02,2025-07-05,10137,16795.0000000000,16726.7300000000,0E-10,0E-10,-12617.72,-12376.91,72.62,-5323.57
000386,138,2025-08-18 12:34:03,INACTIVE,True,True,0,True,True,True,True,0.0,0.0,0.0,0.0
0007F0,1164,2021-11-29 09:52:53,INACTIVE,True,True,0,True,True,True,True,0.0,0.0,0.0,0.0
0003SG,3291,2020-01-09 07:18:44,INACTIVE,True,True,0,True,True,True,True,0.0,0.0,0.0,0.0
0003LT,515,2023-09-12 17:41:52,INACTIVE,True,True,0,True,True,True,True,0.0,0.0,0.0,0.0
0002EV,28,2025-12-21 18:30:06,INACTIVE,True,True,0,True,True,True,True,0.0,0.0,0.0,0.0
0002HS,1091,2023-05-27 04:29:54,ACTIVE,2023-09-07,2023-09-21,6237,10950.0000000000,10900.0000000000,0E-10,0E-10,-1092.17,-590.4,176.97,-1034.54
0001B4,2562,2020-08-03 20:49:47,INACTIVE,True,True,0,True,True,True,True,0.0,0.0,0.0,0.0
00061Y,479,2024-08-24 05:09:44,INACTIVE,True,True,0,True,True,True,True,0.0,0.0,0.0,0.0
0001M5,1186,2020-01-26 07:30:53,INACTIVE,True,True,0,True,True,True,True,0.0,0.0,0.0,0.0
0004IZ,396,2018-11-24 06:41:54,ACTIVE,2025-03-26,2025-03-26,29933,20000.0000000000,20000.0000000000,0E-10,0E-10,-18018.93,-22801.43,506.48,-20556.42
0004AC,1679,2022-05-24 14:25:43,ACTIVE,2022-07-05,2022-07-06,231811,200050.0000000000,200000.0000000000,0E-10,0E-10,-277952.51,-207160.77,3412.13,-195236.43
000241,1607,2020-01-28 11:35:21,INACTIVE,True,True,0,True,True,True,True,0.0,0.0,0.0,0.0
00039Z,226,2024-08-16 11:17:19,ACTIVE,2024-09-22,2025-04-21,5942,11700.0000000000,11589.8000000000,100.0000000000,0E-10,-2814.17,-1329.02,25.14,-3119.09
0000KL,109,2025-09-28 17:34:18,ACTIVE,2025-09-29,2025-09-29,0,330.0000000000,0E-10,330.0000000000,0E-10,0.0,0.0,31.37,45.25
0003S7,1131,2020-12-31 18:32:40,INACTIVE,True,True,0,True,True,True,True,0.0,0.0,0.0,0.0
000755,708,2024-07-28 19:15:09,INACTIVE,True,True,0,True,True,True,True,0.0,0.0,0.0,0.0
0004P3,233,2025-08-04 11:03:25,INACTIVE,True,True,0,True,True,True,True,0.0,0.0,0.0,0.0
0000YK,223,2025-04-14 08:35:04,INACTIVE,True,True,0,True,True,True,True,0.0,0.0,0.0,0.0
0001AG,137,2025-10-06 00:00:00,ACTIVE,2025-10-06,2025-10-11,0,1000.0000000000,0E-10,500.0000000000,0E-10,0.0,0.0,56.17,49.16
0004JQ,3536,2018-08-07 13:15:06,INACTIVE,True,True,0,True,True,True,True,0.0,0.0,0.0,0.0
0004OS,2475,2020-07-09 19:14:33,INACTIVE,True,True,0,True,True,True,True,0.0,0.0,0.0,0.0
00046U,1700,2020-07-16 14:28:04,BLACKLISTED,2022-10-21,2022-11-15,13909,26200.0000000000,26100.0000000000,0E-10,100.0000000000,679.19,5908.3,682.75,1766.99
00033Z,968,2022-10-29 18:00:52,INACTIVE,True,True,0,True,True,True,True,0.0,0.0,0.0,0.0
0005RT,1598,2022-12-13 14:33:44,INACTIVE,True,True,0,True,True,True,True,0.0,0.0,0.0,0.0
0003OO,855,2022-02-17 18:25:47,INACTIVE,True,True,0,True,True,True,True,0.0,0.0,0.0,0.0
0007E8,3614,2015-06-11 00:00:00,INACTIVE,2015-06-12,2015-12-04,672220,True,True,True,True,-709795.21,-1309602.77,0.0,-1361659.2
00036I,764,2024-01-20 17:55:14,INACTIVE,True,True,0,True,True,True,True,0.0,0.0,0.0,0.0
00011O,315,2024-08-28 07:29:47,INACTIVE,True,True,0,True,True,True,True,0.0,0.0,0.0,0.0
000310,410,2025-02-18 12:43:39,INACTIVE,True,True,0,True,True,True,True,0.0,0.0,0.0,0.0
000273,1002,2023-03-24 18:32:28,INACTIVE,True,True,0,True,True,True,True,0.0,0.0,0.0,0.0
0000JI,571,2024-05-27 12:20:54,INACTIVE,True,True,0,True,True,True,True,0.0,0.0,0.0,0.0
0003AX,662,2024-05-13 08:33:48,INACTIVE,True,True,0,True,True,True,True,0.0,0.0,0.0,0.0
0000OV,1382,2020-01-30 23:46:35,INACTIVE,True,True,0,True,True,True,True,0.0,0.0,0.0,0.0
0002W3,320,2024-10-15 21:04:07,INACTIVE,True,True,0,True,True,True,True,0.0,0.0,0.0,0.0
0005ZG,1478,2020-02-04 17:40:41,INACTIVE,True,True,0,True,True,True,True,0.0,0.0,0.0,0.0
0002JE,3488,2019-06-19 12:39:47,INACTIVE,True,True,0,True,True,True,True,0.0,0.0,0.0,0.0
00005I,686,2024-05-30 00:00:00,ACTIVE,2024-05-30,2024-07-25,220548,240000.0000000000,240200.0000000000,0E-10,0E-10,31493.49,62007.9,4086.73,37067.35
0004YE,2208,2020-03-02 23:40:40,INACTIVE,True,True,0,True,True,True,True,0.0,0.0,0.0,0.0
000136,292,2025-05-08 07:52:07,INACTIVE,True,True,0,True,True,True,True,0.0,0.0,0.0,0.0
000569,590,2024-08-20 08:31:19,INACTIVE,True,True,0,True,True,True,True,0.0,0.0,0.0,0.0
0002MA,442,2024-06-14 07:08:03,INACTIVE,True,True,0,True,True,True,True,0.0,0.0,0.0,0.0
0000MT,874,2021-12-17 11:16:13,INACTIVE,True,True,0,True,True,True,True,0.0,0.0,0.0,0.0
0002ZQ,1543,2022-01-13 15:01:29,INACTIVE,True,True,0,True,True,True,True,0.0,0.0,0.0,0.0
0002WB,1766,2019-09-15 07:19:13,INACTIVE,True,True,0,True,True,True,True,0.0,0.0,0.0,0.0
0003C1,3281,2019-07-02 11:31:13,INACTIVE,True,True,0,True,True,True,True,0.0,0.0,0.0,0.0
0000KR,1295,2021-03-23 04:47:33,INACTIVE,True,True,0,True,True,True,True,0.0,0.0,0.0,0.0
0003ES,1849,2021-04-28 15:20:19,INACTIVE,True,True,0,True,True,True,True,0.0,0.0,0.0,0.0
00025V,305,2025-02-17 14:05:21,INACTIVE,True,True,0,True,True,True,True,0.0,0.0,0.0,0.0
00076F,1417,2022-12-02 20:46:50,INACTIVE,True,True,0,True,True,True,True,0.0,0.0,0.0,0.0
0005DC,1644,2022-12-09 02:21:53,INACTIVE,True,True,0,True,True,True,True,0.0,0.0,0.0,0.0
0001ZH,1813,2020-08-05 16:47:36,INACTIVE,True,True,0,True,True,True,True,0.0,0.0,0.0,0.0
0002KG,1250,2019-10-02 11:45:00,INACTIVE,True,True,0,True,True,True,True,0.0,0.0,0.0,0.0
0001AH,2661,2019-10-08 13:58:05,INACTIVE,True,True,0,True,True,True,True,0.0,0.0,0.0,0.0
0004OZ,323,2023-10-06 00:00:00,ACTIVE,2023-10-06,2024-08-20,809064,1163650.0000000000,1152469.4700000000,11350.0000000000,0E-10,-53492.84,-39770.25,3427.76,-131073.86
0001Y9,1029,2020-03-25 15:01:26,EXITED,2021-05-18,2021-05-18,183500,True,True,True,True,-249433.47,-108319.66,0.0,-238711.15
0003S8,1067,2023-07-11 19:37:27,INACTIVE,True,True,0,True,True,True,True,0.0,0.0,0.0,0.0
0006WB,420,2024-02-18 10:43:11,INACTIVE,True,True,0,True,True,True,True,0.0,0.0,0.0,0.0
0002HD,177,2024-10-26 00:00:00,ACTIVE,2024-10-26,2025-04-09,52893,135700.0000000000,129737.5000000000,750.0000000000,800.0000000000,-18221.76,-1538.35,788.14,-23336.49
000654,2650,2018-04-25 02:16:35,INACTIVE,True,True,0,True,True,True,True,0.0,0.0,0.0,0.0
0006CA,628,2024-03-27 00:00:00,ACTIVE,2024-03-27,2024-03-27,0,200.0000000000,200.0000000000,0E-10,0E-10,0.0,0.0,3.04,4.05
0006I6,1901,2022-05-11 21:48:41,INACTIVE,True,True,0,True,True,True,True,0.0,0.0,0.0,0.0
000603,34,2025-12-02 18:36:10,INACTIVE,True,True,0,True,True,True,True,0.0,0.0,0.0,0.0
0003SM,1162,2022-07-05 13:08:54,INACTIVE,True,True,0,True,True,True,True,0.0,0.0,0.0,0.0
0001L7,1563,2022-07-01 04:58:55,INACTIVE,True,True,0,True,True,True,True,0.0,0.0,0.0,0.0
000112,2418,2021-01-19 08:50:34,INACTIVE,True,True,0,True,True,True,True,0.0,0.0,0.0,0.0
00008T,4,2026-01-10 19:46:03,INACTIVE,True,True,0,True,True,True,True,0.0,0.0,0.0,0.0
0007L7,1112,2023-05-08 08:37:32,INACTIVE,True,True,0,True,True,True,True,0.0,0.0,0.0,0.0
0003SU,108,2025-10-11 16:29:44,INACTIVE,True,True,0,True,True,True,True,0.0,0.0,0.0,0.0
00064T,370,2024-10-11 07:54:32,INACTIVE,True,True,0,True,True,True,True,0.0,0.0,0.0,0.0
00064E,1806,2018-01-18 06:30:14,INACTIVE,True,True,0,True,True,True,True,0.0,0.0,0.0,0.0
0005M2,2726,2019-09-24 08:22:08,INACTIVE,True,True,0,True,True,True,True,0.0,0.0,0.0,0.0
0000PI,1322,2021-04-30 08:23:09,INACTIVE,True,True,0,True,True,True,True,0.0,0.0,0.0,0.0
0004JA,2023,2019-04-10 13:27:55,INACTIVE,True,True,0,True,True,True,True,0.0,0.0,0.0,0.0
0002KY,985,2023-07-11 16:34:37,INACTIVE,True,True,0,True,True,True,True,0.0,0.0,0.0,0.0
0000WS,1655,2019-03-08 16:13:57,INACTIVE,True,True,0,True,True,True,True,0.0,0.0,0.0,0.0
00032K,1305,2021-03-22 15:55:51,INACTIVE,True,True,0,True,True,True,True,0.0,0.0,0.0,0.0
0001MZ,2325,2019-04-17 07:32:54,BLACKLISTED,2019-04-24,2019-04-24,1170443,True,True,True,True,169116.26,860328.91,0.0,223565.9
0002NC,602,2024-11-04 22:17:10,INACTIVE,True,True,0,True,True,True,True,0.0,0.0,0.0,0.0
0002TI,2594,2020-06-16 08:52:12,INACTIVE,True,True,0,True,True,True,True,0.0,0.0,0.0,0.0
0006PP,2175,2018-10-03 09:19:59,INACTIVE,2018-10-04,2018-10-04,165003,True,True,True,True,50914.6,76076.33,0.0,118356.47
0004DM,70,2019-06-10 14:10:58,ACTIVE,2019-06-14,2025-10-20,222701,74000.0000000000,29949.3800000000,0E-10,0E-10,-63203.17,137194.1,27.45,-64188.61
0005RA,3193,2020-02-29 23:45:27,INACTIVE,True,True,0,True,True,True,True,0.0,0.0,0.0,0.0
0002ZA,181,2025-08-11 02:28:49,INACTIVE,True,True,0,True,True,True,True,0.0,0.0,0.0,0.0
00041N,2654,2019-11-29 16:25:46,INACTIVE,True,True,0,True,True,True,True,0.0,0.0,0.0,0.0
0001M0,249,2024-10-24 23:30:31,INACTIVE,True,True,0,True,True,True,True,0.0,0.0,0.0,0.0
0003DL,350,2024-06-16 09:43:03,INACTIVE,True,True,0,True,True,True,True,0.0,0.0,0.0,0.0
0005ZI,2275,2018-03-14 08:00:07,INACTIVE,True,True,0,True,True,True,True,0.0,0.0,0.0,0.0
0005WF,1296,2023-05-25 12:28:42,INACTIVE,True,True,0,True,True,True,True,0.0,0.0,0.0,0.0
0003F3,543,2024-10-25 02:07:25,ACTIVE,2024-12-26,2024-12-26,2582,5000.0000000000,5000.0000000000,0E-10,0E-10,-5504.08,-6806.54,80.07,-7566.14
0003DO,2,2026-01-12 16:14:42,INACTIVE,True,True,0,True,True,True,True,0.0,0.0,0.0,0.0
0005RY,1406,2022-11-14 11:40:10,INACTIVE,True,True,0,True,True,True,True,0.0,0.0,0.0,0.0
00063O,2414,2021-03-25 05:35:16,INACTIVE,True,True,0,True,True,True,True,0.0,0.0,0.0,0.0
00071E,1664,2022-05-26 00:00:00,INACTIVE,2022-05-26,2022-09-26,0,0E-10,0E-10,0E-10,0E-10,0.0,0.0,0.0,0.0
0005FJ,89,2025-10-14 16:32:08,INACTIVE,True,True,0,True,True,True,True,0.0,0.0,0.0,0.0
000447,805,2023-02-19 08:25:03,INACTIVE,True,True,0,True,True,True,True,0.0,0.0,0.0,0.0
00050U,376,2025-05-02 00:00:00,ACTIVE,2025-05-02,2025-05-02,25448,18600.0000000000,18549.9500000000,0E-10,0E-10,-38810.38,-17622.64,218.04,-41354.78
00019Y,961,2022-08-26 17:55:14,INACTIVE,True,True,0,True,True,True,True,0.0,0.0,0.0,0.0
00074X,561,2024-01-01 18:51:19,INACTIVE,True,True,0,True,True,True,True,0.0,0.0,0.0,0.0
0006PN,891,2022-08-01 16:20:04,INACTIVE,True,True,0,True,True,True,True,0.0,0.0,0.0,0.0
0007DV,1315,2022-07-21 09:58:20,INACTIVE,True,True,0,True,True,True,True,0.0,0.0,0.0,0.0
00077S,107,2024-11-19 12:41:54,ACTIVE,2024-11-20,2025-07-23,1063153,129.5200000000,129.5200000000,0E-10,0E-10,-1438488.68,298719.07,0.18,-1428652.33
0000B1,686,2024-04-14 10:55:45,INACTIVE,True,True,0,True,True,True,True,0.0,0.0,0.0,0.0
0004WX,121,2025-10-23 23:19:14,INACTIVE,True,True,0,True,True,True,True,0.0,0.0,0.0,0.0
00069D,23,2013-09-10 00:00:00,ACTIVE,2013-09-11,2025-12-23,53045984,8621163.3200000000,8575355.6200000000,0E-10,0E-10,4032961.12,7107996.66,1755.49,9596920.93
0006VJ,2907,2020-08-10 22:24:13,INACTIVE,True,True,0,True,True,True,True,0.0,0.0,0.0,0.0
0006GV,1244,2023-08-14 10:25:07,INACTIVE,True,True,0,True,True,True,True,0.0,0.0,0.0,0.0
00061O,81,2025-11-13 06:22:53,INACTIVE,True,True,0,True,True,True,True,0.0,0.0,0.0,0.0
0007AZ,1512,2022-04-21 07:51:15,INACTIVE,True,True,0,True,True,True,True,0.0,0.0,0.0,0.0
00036S,1078,2023-11-26 11:36:30,INACTIVE,True,True,0,True,True,True,True,0.0,0.0,0.0,0.0
0002H5,2729,2018-12-16 15:47:23,INACTIVE,True,True,0,True,True,True,True,0.0,0.0,0.0,0.0
0000SA,689,2023-05-17 10:57:59,INACTIVE,True,True,0,True,True,True,True,0.0,0.0,0.0,0.0
0000DE,4261,2017-11-08 15:15:23,INACTIVE,True,True,0,True,True,True,True,0.0,0.0,0.0,0.0
0005XB,850,2023-09-20 07:02:24,INACTIVE,True,True,0,True,True,True,True,0.0,0.0,0.0,0.0
0002EP,1458,2023-03-16 14:51:40,INACTIVE,True,True,0,True,True,True,True,0.0,0.0,0.0,0.0
0003P0,311,2025-02-01 08:33:41,INACTIVE,True,True,0,True,True,True,True,0.0,0.0,0.0,0.0
0005GF,2237,2018-09-17 06:39:33,INACTIVE,True,True,0,True,True,True,True,0.0,0.0,0.0,0.0
0007LD,1951,2021-10-27 21:33:46,INACTIVE,True,True,0,True,True,True,True,0.0,0.0,0.0,0.0
0001SE,43,2022-10-24 09:51:15,ACTIVE,2025-11-26,2025-12-08,22673,30000.0000000000,29649.3800000000,300.0000000000,0E-10,-62545.12,-17593.39,597.39,-35086.29
0001A4,979,2023-03-10 12:07:45,INACTIVE,True,True,0,True,True,True,True,0.0,0.0,0.0,0.0
0007CQ,2643,2020-10-16 13:55:18,INACTIVE,True,True,0,True,True,True,True,0.0,0.0,0.0,0.0
00078Z,2625,2018-12-21 08:18:35,INACTIVE,True,True,0,True,True,True,True,0.0,0.0,0.0,0.0
0004VO,1444,2018-05-01 05:54:45,INACTIVE,True,True,0,True,True,True,True,0.0,0.0,0.0,0.0
00001S,526,2024-10-31 16:50:03,INACTIVE,True,True,0,True,True,True,True,0.0,0.0,0.0,0.0
0006M1,64,2025-09-23 23:09:20,INACTIVE,True,True,0,True,True,True,True,0.0,0.0,0.0,0.0
00056T,1800,2021-01-06 12:24:02,INACTIVE,True,True,0,True,True,True,True,0.0,0.0,0.0,0.0
0006T8,152,2025-06-10 23:26:50,INACTIVE,True,True,0,True,True,True,True,0.0,0.0,0.0,0.0
0003Q7,19,2024-11-18 06:05:51,ACTIVE,2025-01-25,2025-12-21,16149,76493.5900000000,76441.7100000000,0E-10,0E-10,-3694.98,865.98,165.77,-1837.32
0001H8,4049,2018-07-20 10:07:58,INACTIVE,True,True,0,True,True,True,True,0.0,0.0,0.0,0.0
0006QN,606,2023-05-03 09:47:59,INACTIVE,True,True,0,True,True,True,True,0.0,0.0,0.0,0.0
0001D0,74,2025-11-17 12:31:20,INACTIVE,True,True,0,True,True,True,True,0.0,0.0,0.0,0.0
0004EA,707,2024-05-03 23:22:45,INACTIVE,True,True,0,True,True,True,True,0.0,0.0,0.0,0.0
00032V,1473,2020-03-27 20:27:28,INACTIVE,True,True,0,True,True,True,True,0.0,0.0,0.0,0.0
000028,3251,2019-11-03 10:34:14,INACTIVE,True,True,0,True,True,True,True,0.0,0.0,0.0,0.0
0005Z9,1945,2018-06-13 00:00:00,EXITED,2018-06-13,2018-06-13,10190,True,True,True,True,-12964.92,-15155.0,0.0,-15904.8
0006IZ,547,2024-07-25 15:35:18,INACTIVE,True,True,0,True,True,True,True,0.0,0.0,0.0,0.0
0004WE,2871,2019-12-13 16:42:55,INACTIVE,True,True,0,True,True,True,True,0.0,0.0,0.0,0.0
0001DF,1710,2022-05-03 18:01:46,INACTIVE,True,True,0,True,True,True,True,0.0,0.0,0.0,0.0
0004P2,721,2023-08-19 11:08:16,INACTIVE,True,True,0,True,True,True,True,0.0,0.0,0.0,0.0
000193,1345,2023-04-17 10:48:36,INACTIVE,True,True,0,True,True,True,True,0.0,0.0,0.0,0.0
0003J5,61,2025-09-20 00:00:00,ACTIVE,2025-09-20,2025-12-04,0,12300.0000000000,11126.0000000000,1364.0000000000,600.0000000000,0.0,0.0,96.27,112.32
0002H0,2450,2019-02-26 00:16:10,INACTIVE,True,True,0,True,True,True,True,0.0,0.0,0.0,0.0
0001GL,1353,2022-10-29 14:39:48,INACTIVE,True,True,0,True,True,True,True,0.0,0.0,0.0,0.0
0003KW,935,2019-11-23 05:48:30,EXITED,2023-01-30,2023-01-30,9534,True,True,True,True,-18029.72,-22806.25,0.0,-18590.87
000141,2139,2019-03-08 21:11:39,INACTIVE,True,True,0,True,True,True,True,0.0,0.0,0.0,0.0
00009P,1198,2022-08-29 17:38:50,INACTIVE,True,True,0,True,True,True,True,0.0,0.0,0.0,0.0
0004FV,809,2022-10-25 00:00:00,EXITED,2022-10-25,2022-11-11,18411,100.0000000000,100.0000000000,0E-10,0E-10,-16815.18,-10911.88,3.2,-15263.6
00048T,417,2025-01-29 08:16:18,INACTIVE,True,True,0,True,True,True,True,0.0,0.0,0.0,0.0
0003SQ,58,2025-10-20 13:18:53,INACTIVE,True,True,0,True,True,True,True,0.0,0.0,0.0,0.0
00076X,250,2024-09-08 07:55:21,INACTIVE,True,True,0,True,True,True,True,0.0,0.0,0.0,0.0
00079U,1510,2021-08-22 11:27:17,INACTIVE,True,True,0,True,True,True,True,0.0,0.0,0.0,0.0
0006KW,635,2023-01-10 12:52:47,INACTIVE,True,True,0,True,True,True,True,0.0,0.0,0.0,0.0
00019V,1724,2021-08-06 22:07:53,INACTIVE,True,True,0,True,True,True,True,0.0,0.0,0.0,0.0
0006S0,96,2025-09-21 00:00:00,ACTIVE,2025-09-21,2025-10-13,0,2500.0000000000,2421.5000000000,0E-10,0E-10,0.0,0.0,44.74,60.53
0002YA,619,2023-05-19 18:30:08,INACTIVE,True,True,0,True,True,True,True,0.0,0.0,0.0,0.0
0006LP,1609,2020-02-19 13:17:22,INACTIVE,True,True,0,True,True,True,True,0.0,0.0,0.0,0.0
00023L,1162,2019-12-22 12:11:33,INACTIVE,True,True,0,True,True,True,True,0.0,0.0,0.0,0.0
0005V8,2711,2019-04-04 10:01:32,INACTIVE,True,True,0,True,True,True,True,0.0,0.0,0.0,0.0
0005AT,1083,2017-01-24 00:00:00,ACTIVE,2017-01-24,2022-04-20,40562,10100.0000000000,10000.0000000000,0E-10,10166.0000000000,14796.36,29103.25,6.27,20060.75
0002H8,8,2020-08-11 06:04:38,ACTIVE,2025-12-26,2026-01-08,8540,76500.0000000000,75963.3900000000,500.0000000000,0E-10,-12138.39,-18090.66,1814.17,-13266.45
0003PQ,268,2025-05-23 12:01:28,INACTIVE,True,True,0,True,True,True,True,0.0,0.0,0.0,0.0
00041S,1874,2019-09-30 16:32:09,INACTIVE,2019-12-31,2020-03-02,0,0E-10,0E-10,0E-10,0E-10,0.0,0.0,0.0,0.0
0003KS,561,2023-02-04 09:15:24,INACTIVE,True,True,0,True,True,True,True,0.0,0.0,0.0,0.0
00043R,975,2019-11-06 11:06:15,ACTIVE,2022-10-14,2022-10-14,0,500.0000000000,0E-10,0E-10,0E-10,0.0,0.0,9.6,13.83
000604,1440,2021-04-05 12:51:59,INACTIVE,True,True,0,True,True,True,True,0.0,0.0,0.0,0.0
0004Q7,63,2025-10-31 11:48:03,INACTIVE,True,True,0,True,True,True,True,0.0,0.0,0.0,0.0
0007DP,1405,2023-05-24 11:59:42,INACTIVE,True,True,0,True,True,True,True,0.0,0.0,0.0,0.0
00030Q,1295,2020-09-14 09:37:31,INACTIVE,True,True,0,True,True,True,True,0.0,0.0,0.0,0.0
000636,1957,2019-01-30 10:28:57,INACTIVE,True,True,0,True,True,True,True,0.0,0.0,0.0,0.0
0000RA,2633,2020-08-18 13:28:27,INACTIVE,True,True,0,True,True,True,True,0.0,0.0,0.0,0.0
0002E3,1089,2023-12-13 20:48:22,INACTIVE,True,True,0,True,True,True,True,0.0,0.0,0.0,0.0
0006OI,1274,2022-05-19 02:13:52,INACTIVE,2022-06-09,2022-06-09,13331,True,True,True,True,-13779.29,-15146.64,0.0,-8604.84
0007KN,288,2025-04-13 07:37:13,INACTIVE,True,True,0,True,True,True,True,0.0,0.0,0.0,0.0
0004UW,1005,2021-01-23 09:27:17,INACTIVE,True,True,0,True,True,True,True,0.0,0.0,0.0,0.0
0005HP,1801,2022-04-09 11:48:37,INACTIVE,True,True,0,True,True,True,True,0.0,0.0,0.0,0.0
0002DW,834,2023-12-15 11:29:55,INACTIVE,True,True,0,True,True,True,True,0.0,0.0,0.0,0.0
0005ON,480,2024-09-12 09:10:07,INACTIVE,True,True,0,True,True,True,True,0.0,0.0,0.0,0.0
0000GJ,201,2025-05-09 09:41:35,INACTIVE,True,True,0,True,True,True,True,0.0,0.0,0.0,0.0
00024G,1327,2022-03-11 08:45:57,INACTIVE,True,True,0,True,True,True,True,0.0,0.0,0.0,0.0
0005XU,3475,2015-09-23 00:00:00,INACTIVE,2015-09-23,2018-05-04,475182,True,True,True,True,-116126.34,40519.59,0.0,-88732.91
0005YO,579,2023-04-24 12:11:02,INACTIVE,True,True,0,True,True,True,True,0.0,0.0,0.0,0.0
0005KS,3454,2013-12-24 00:00:00,INACTIVE,2013-12-26,2016-08-24,425899,True,True,True,True,-49494.57,-37730.35,0.0,-71719.61
0003CO,155,2025-04-01 21:14:33,INACTIVE,True,True,0,True,True,True,True,0.0,0.0,0.0,0.0
00062F,2765,2020-02-03 15:04:13,INACTIVE,True,True,0,True,True,True,True,0.0,0.0,0.0,0.0
0006ID,621,2023-08-26 06:21:13,INACTIVE,True,True,0,True,True,True,True,0.0,0.0,0.0,0.0
0004CI,295,2025-06-19 23:03:40,INACTIVE,True,True,0,True,True,True,True,0.0,0.0,0.0,0.0
0000NH,4270,2013-04-12 00:00:00,INACTIVE,2013-04-15,2014-01-23,126006,True,True,True,True,0.0,0.0,0.0,0.0
0006CO,667,2024-02-18 16:09:14,INACTIVE,True,True,0,True,True,True,True,0.0,0.0,0.0,0.0
00050A,853,2023-04-11 06:47:48,EXITED,2023-04-29,2023-04-29,147849,True,True,True,True,-101458.51,-88347.75,0.0,-113764.78
0001JD,1050,2023-03-19 13:39:31,INACTIVE,True,True,0,True,True,True,True,0.0,0.0,0.0,0.0
0005YY,805,2023-05-31 18:13:33,INACTIVE,True,True,0,True,True,True,True,0.0,0.0,0.0,0.0
00042J,1448,2021-06-06 12:34:52,INACTIVE,True,True,0,True,True,True,True,0.0,0.0,0.0,0.0
0001TV,683,2023-05-09 07:41:23,INACTIVE,True,True,0,True,True,True,True,0.0,0.0,0.0,0.0
0001JF,132,2025-08-12 14:56:47,INACTIVE,True,True,0,True,True,True,True,0.0,0.0,0.0,0.0
0004FI,1617,2022-08-31 00:00:00,ACTIVE,2022-08-31,2022-08-31,0,100.0000000000,0E-10,100.0000000000,0E-10,0.0,0.0,9.12,12.94
0001EC,1911,2019-01-09 13:31:44,INACTIVE,True,True,0,True,True,True,True,0.0,0.0,0.0,0.0
00068T,169,2025-09-09 12:15:07,INACTIVE,True,True,0,True,True,True,True,0.0,0.0,0.0,0.0
0005OB,3934,2018-02-16 11:00:16,INACTIVE,True,True,0,True,True,True,True,0.0,0.0,0.0,0.0
0004JO,1177,2023-04-12 23:52:57,INACTIVE,True,True,0,True,True,True,True,0.0,0.0,0.0,0.0
0005QV,713,2022-05-12 17:09:50,INACTIVE,True,True,0,True,True,True,True,0.0,0.0,0.0,0.0
0002SZ,469,2024-10-30 08:39:45,INACTIVE,True,True,0,True,True,True,True,0.0,0.0,0.0,0.0
000632,3120,2019-08-20 10:38:09,INACTIVE,True,True,0,True,True,True,True,0.0,0.0,0.0,0.0
00057S,81,2025-09-13 10:16:34,ACTIVE,2025-10-14,2025-10-14,24329,20000.0000000000,19941.8800000000,0E-10,0E-10,-30311.76,-25176.18,295.52,-39878.95
0000HF,136,2025-07-25 10:53:38,INACTIVE,True,True,0,True,True,True,True,0.0,0.0,0.0,0.0
00020V,246,2025-03-21 08:15:46,INACTIVE,True,True,0,True,True,True,True,0.0,0.0,0.0,0.0
000408,2248,2019-05-17 09:17:04,INACTIVE,True,True,0,True,True,True,True,0.0,0.0,0.0,0.0
0001J9,674,2022-10-21 11:56:37,INACTIVE,True,True,0,True,True,True,True,0.0,0.0,0.0,0.0
0002V9,109,2025-08-20 14:25:03,INACTIVE,True,True,0,True,True,True,True,0.0,0.0,0.0,0.0
0004ED,2623,2019-10-12 11:50:11,INACTIVE,True,True,0,True,True,True,True,0.0,0.0,0.0,0.0
0006A6,61,2025-11-13 22:54:56,INACTIVE,True,True,0,True,True,True,True,0.0,0.0,0.0,0.0
0004O1,907,2021-06-01 09:12:31,ACTIVE,2021-06-03,2022-09-19,199993,79744.2400000000,79744.2400000000,0E-10,0E-10,37949.79,73549.01,82.36,58579.87
0001US,242,2025-07-30 15:06:19,INACTIVE,True,True,0,True,True,True,True,0.0,0.0,0.0,0.0
0005BS,2572,2017-03-07 10:34:20,EXITED,2017-03-10,2017-03-10,242642,True,True,True,True,1284052.08,1364969.58,0.0,1186049.59
0007F6,193,2025-03-15 10:15:02,INACTIVE,True,True,0,True,True,True,True,0.0,0.0,0.0,0.0
0001ZU,806,2022-11-20 10:10:31,INACTIVE,True,True,0,True,True,True,True,0.0,0.0,0.0,0.0
0007EM,273,2025-02-06 23:16:37,INACTIVE,True,True,0,True,True,True,True,0.0,0.0,0.0,0.0
0000LW,2251,2020-01-06 08:31:02,INACTIVE,True,True,0,True,True,True,True,0.0,0.0,0.0,0.0
0004XC,1475,2018-11-28 07:38:03,INACTIVE,True,True,0,True,True,True,True,0.0,0.0,0.0,0.0
00043J,701,2024-08-16 14:08:58,INACTIVE,True,True,0,True,True,True,True,0.0,0.0,0.0,0.0
00036X,1563,2022-12-07 10:37:29,INACTIVE,True,True,0,True,True,True,True,0.0,0.0,0.0,0.0
0003EU,1032,2022-08-03 14:31:47,INACTIVE,True,True,0,True,True,True,True,0.0,0.0,0.0,0.0
00047J,795,2024-05-02 19:50:22,INACTIVE,True,True,0,True,True,True,True,0.0,0.0,0.0,0.0
000688,2647,2019-06-14 09:38:35,INACTIVE,True,True,0,True,True,True,True,0.0,0.0,0.0,0.0
0007O2,794,2024-06-04 15:03:51,INACTIVE,True,True,0,True,True,True,True,0.0,0.0,0.0,0.0
00014S,291,2025-01-06 17:03:06,INACTIVE,True,True,0,True,True,True,True,0.0,0.0,0.0,0.0
0000XV,651,2024-06-08 12:34:57,INACTIVE,True,True,0,True,True,True,True,0.0,0.0,0.0,0.0
0002L3,829,2022-01-29 11:24:19,INACTIVE,True,True,0,True,True,True,True,0.0,0.0,0.0,0.0
0002JW,509,2023-04-21 07:59:44,INACTIVE,True,True,0,True,True,True,True,0.0,0.0,0.0,0.0
0004VG,300,2025-06-11 13:24:10,INACTIVE,True,True,0,True,True,True,True,0.0,0.0,0.0,0.0
0004K4,1533,2020-10-04 18:42:12,INACTIVE,True,True,0,True,True,True,True,0.0,0.0,0.0,0.0
0001RH,156,2025-06-18 16:25:35,ACTIVE,2025-08-03,2025-08-03,0,1000.0000000000,0E-10,1000.0000000000,0E-10,0.0,0.0,117.46,83.23
000124,1889,2018-12-22 21:20:50,INACTIVE,True,True,0,True,True,True,True,0.0,0.0,0.0,0.0
00005J,3034,2020-01-03 13:20:10,INACTIVE,True,True,0,True,True,True,True,0.0,0.0,0.0,0.0
0006GJ,918,2023-03-14 20:18:16,INACTIVE,True,True,0,True,True,True,True,0.0,0.0,0.0,0.0
0005Y0,1263,2020-12-12 17:09:21,INACTIVE,True,True,0,True,True,True,True,0.0,0.0,0.0,0.0
0004LK,1323,2022-10-03 18:32:58,ACTIVE,2022-10-04,2022-10-09,0,22500.0000000000,21600.0000000000,6030.0000000000,0E-10,0.0,0.0,1007.33,1069.95
0005SJ,328,2024-10-07 06:46:43,INACTIVE,True,True,0,True,True,True,True,0.0,0.0,0.0,0.0
0003K8,803,2023-02-25 07:14:45,INACTIVE,True,True,0,True,True,True,True,0.0,0.0,0.0,0.0
000426,3285,2018-05-16 12:24:21,INACTIVE,True,True,0,True,True,True,True,0.0,0.0,0.0,0.0
0002B6,1163,2023-11-10 09:50:41,INACTIVE,True,True,0,True,True,True,True,0.0,0.0,0.0,0.0
0005EL,1892,2021-11-29 12:35:19,INACTIVE,True,True,0,True,True,True,True,0.0,0.0,0.0,0.0
00050V,66,2025-10-02 15:56:49,INACTIVE,True,True,0,True,True,True,True,0.0,0.0,0.0,0.0
0007ET,209,2025-05-03 15:23:02,INACTIVE,True,True,0,True,True,True,True,0.0,0.0,0.0,0.0
0006YL,99,2025-10-31 14:54:10,INACTIVE,True,True,0,True,True,True,True,0.0,0.0,0.0,0.0
0003K3,53,2025-11-08 17:18:58,INACTIVE,True,True,0,True,True,True,True,0.0,0.0,0.0,0.0
0000X4,792,2024-04-16 16:24:54,INACTIVE,True,True,0,True,True,True,True,0.0,0.0,0.0,0.0
0000DB,732,2023-12-24 07:21:02,INACTIVE,True,True,0,True,True,True,True,0.0,0.0,0.0,0.0
0005SA,1402,2023-04-03 11:12:21,INACTIVE,2023-04-08,2023-04-08,64869,True,True,True,True,-56870.84,-90129.83,0.0,-91545.92
0005V2,1064,2022-08-26 12:18:56,INACTIVE,True,True,0,True,True,True,True,0.0,0.0,0.0,0.0
0002IA,186,2025-09-07 10:11:13,INACTIVE,True,True,0,True,True,True,True,0.0,0.0,0.0,0.0
0002Q5,1957,2020-02-19 15:59:12,INACTIVE,True,True,0,True,True,True,True,0.0,0.0,0.0,0.0
00013W,1701,2022-03-30 18:03:13,INACTIVE,True,True,0,True,True,True,True,0.0,0.0,0.0,0.0
0002QQ,759,2023-01-19 22:39:41,INACTIVE,True,True,0,True,True,True,True,0.0,0.0,0.0,0.0
00047I,466,2024-10-20 21:30:28,INACTIVE,True,True,0,True,True,True,True,0.0,0.0,0.0,0.0
0004ZD,1390,2021-05-05 10:46:58,INACTIVE,True,True,0,True,True,True,True,0.0,0.0,0.0,0.0
0002M9,1481,2018-02-17 01:30:17,INACTIVE,True,True,0,True,True,True,True,0.0,0.0,0.0,0.0
0002DO,840,2023-08-03 00:00:00,ACTIVE,2023-08-03,2023-08-03,0,20.0000000000,0E-10,0E-10,0E-10,0.0,0.0,0.6,0.3
00012B,550,2023-10-20 12:08:05,INACTIVE,True,True,0,True,True,True,True,0.0,0.0,0.0,0.0
0001WS,333,2025-06-01 05:57:29,INACTIVE,True,True,0,True,True,True,True,0.0,0.0,0.0,0.0
0001QW,247,2025-07-10 06:07:42,INACTIVE,True,True,0,True,True,True,True,0.0,0.0,0.0,0.0
00048E,3011,2019-05-23 12:05:43,INACTIVE,True,True,0,True,True,True,True,0.0,0.0,0.0,0.0
00044X,73,2025-10-30 06:28:41,INACTIVE,True,True,0,True,True,True,True,0.0,0.0,0.0,0.0
0007LT,526,2024-02-22 18:00:53,INACTIVE,True,True,0,True,True,True,True,0.0,0.0,0.0,0.0
000008,110,2025-09-03 18:08:24,INACTIVE,True,True,0,True,True,True,True,0.0,0.0,0.0,0.0
0001YQ,761,2023-01-30 13:03:30,INACTIVE,True,True,0,True,True,True,True,0.0,0.0,0.0,0.0
00034S,373,2025-01-25 11:08:30,INACTIVE,True,True,0,True,True,True,True,0.0,0.0,0.0,0.0
00062Y,3478,2018-10-12 11:08:11,INACTIVE,True,True,0,True,True,True,True,0.0,0.0,0.0,0.0
0007E5,290,2024-11-19 09:13:40,INACTIVE,True,True,0,True,True,True,True,0.0,0.0,0.0,0.0
000129,548,2023-01-24 10:49:47,INACTIVE,True,True,0,True,True,True,True,0.0,0.0,0.0,0.0
000061,138,2025-06-08 13:15:15,INACTIVE,True,True,0,True,True,True,True,0.0,0.0,0.0,0.0
00022F,565,2024-06-06 23:27:15,INACTIVE,True,True,0,True,True,True,True,0.0,0.0,0.0,0.0
00028I,1038,2020-07-23 16:33:40,INACTIVE,True,True,0,True,True,True,True,0.0,0.0,0.0,0.0
0001EY,543,2024-05-24 04:13:36,INACTIVE,True,True,0,True,True,True,True,0.0,0.0,0.0,0.0
0000RY,37,2025-11-15 08:45:32,INACTIVE,True,True,0,True,True,True,True,0.0,0.0,0.0,0.0
00028H,36,2025-11-17 20:05:53,INACTIVE,True,True,0,True,True,True,True,0.0,0.0,0.0,0.0
0004QJ,722,2024-05-30 19:54:57,INACTIVE,True,True,0,True,True,True,True,0.0,0.0,0.0,0.0
0005U6,1519,2023-04-08 11:42:15,INACTIVE,True,True,0,True,True,True,True,0.0,0.0,0.0,0.0
0007NQ,1633,2019-08-09 11:48:14,INACTIVE,True,True,0,True,True,True,True,0.0,0.0,0.0,0.0
000179,662,2023-07-21 14:10:36,BLACKLISTED,2023-07-22,2023-07-22,34134,27044.0000000000,26754.4400000000,0E-10,0E-10,-28162.1,-11378.57,866.67,-15210.81
0003EP,1878,2018-07-10 10:23:13,INACTIVE,2018-07-26,2019-08-02,210807,True,True,True,True,5718.4,77817.42,0.0,2332.83
0000SS,2456,2020-10-22 19:36:02,INACTIVE,True,True,0,True,True,True,True,0.0,0.0,0.0,0.0
00026P,1907,2020-11-06 16:30:31,INACTIVE,True,True,0,True,True,True,True,0.0,0.0,0.0,0.0
00025C,1166,2023-01-22 06:47:47,INACTIVE,True,True,0,True,True,True,True,0.0,0.0,0.0,0.0
0003Q8,652,2024-05-02 19:53:59,INACTIVE,True,True,0,True,True,True,True,0.0,0.0,0.0,0.0
00016Y,2599,2021-02-02 22:21:13,INACTIVE,True,True,0,True,True,True,True,0.0,0.0,0.0,0.0
0005IV,532,2023-04-27 21:42:41,INACTIVE,True,True,0,True,True,True,True,0.0,0.0,0.0,0.0
0007OL,2404,2016-01-13 14:09:47,INACTIVE,2016-01-14,2016-01-14,374456,True,True,True,True,-712624.67,-674077.4,0.0,-606185.99
00004F,862,2023-05-14 17:56:59,INACTIVE,True,True,0,True,True,True,True,0.0,0.0,0.0,0.0
0006SG,253,2025-05-04 17:17:42,INACTIVE,True,True,0,True,True,True,True,0.0,0.0,0.0,0.0
0001H1,739,2022-08-30 07:21:11,ACTIVE,2022-09-01,2022-09-29,8305,7800.0000000000,7800.0000000000,0E-10,0E-10,-312.32,120.19,132.04,-572.37
0006HL,92,2025-11-10 16:58:35,INACTIVE,True,True,0,True,True,True,True,0.0,0.0,0.0,0.0
00062N,1157,2023-05-09 10:13:30,INACTIVE,True,True,0,True,True,True,True,0.0,0.0,0.0,0.0
0000CB,918,2024-04-14 20:04:39,INACTIVE,True,True,0,True,True,True,True,0.0,0.0,0.0,0.0
0002EX,3621,2019-02-28 11:57:37,INACTIVE,True,True,0,True,True,True,True,0.0,0.0,0.0,0.0
00016A,1233,2022-09-15 07:32:55,INACTIVE,True,True,0,True,True,True,True,0.0,0.0,0.0,0.0
0002JK,3679,2018-08-06 10:58:06,INACTIVE,True,True,0,True,True,True,True,0.0,0.0,0.0,0.0
00023U,1407,2022-12-04 08:55:44,INACTIVE,True,True,0,True,True,True,True,0.0,0.0,0.0,0.0
000381,2288,2018-10-05 21:43:46,INACTIVE,True,True,0,True,True,True,True,0.0,0.0,0.0,0.0
0004CO,145,2025-09-12 05:37:22,INACTIVE,True,True,0,True,True,True,True,0.0,0.0,0.0,0.0
0003IN,3492,2019-06-17 22:19:44,INACTIVE,True,True,0,True,True,True,True,0.0,0.0,0.0,0.0
0006W7,2886,2019-10-16 21:12:40,INACTIVE,True,True,0,True,True,True,True,0.0,0.0,0.0,0.0
0006RP,120,2025-10-08 15:18:59,INACTIVE,True,True,0,True,True,True,True,0.0,0.0,0.0,0.0
0000NG,36,2025-11-26 00:00:00,ACTIVE,2025-11-26,2025-11-26,0,2000.0000000000,999.7500000000,1000.0000000000,0E-10,0.0,0.0,164.31,219.58
0001CO,688,2023-07-20 19:31:27,ACTIVE,2023-08-09,2024-08-16,136399,370432.1200000000,369268.0800000000,2700.0000000000,0E-10,-63269.94,6721.91,362.61,-59977.79
0005QC,731,2023-10-16 12:14:26,INACTIVE,True,True,0,True,True,True,True,0.0,0.0,0.0,0.0
0002NP,831,2024-01-07 14:06:13,INACTIVE,True,True,0,True,True,True,True,0.0,0.0,0.0,0.0
00060G,1344,2022-12-01 16:59:02,INACTIVE,True,True,0,True,True,True,True,0.0,0.0,0.0,0.0
0002GD,2325,2018-09-21 11:55:18,INACTIVE,2018-09-27,2019-10-09,474218,True,True,True,True,9907.92,162315.67,0.0,7614.37
0005B3,274,2024-11-29 15:59:09,INACTIVE,True,True,0,True,True,True,True,0.0,0.0,0.0,0.0
0006X6,1741,2022-01-22 12:44:28,INACTIVE,True,True,0,True,True,True,True,0.0,0.0,0.0,0.0
0007N0,1503,2020-07-13 19:12:24,INACTIVE,True,True,0,True,True,True,True,0.0,0.0,0.0,0.0
0002WJ,2105,2018-07-06 10:26:24,INACTIVE,True,True,0,True,True,True,True,0.0,0.0,0.0,0.0
0007MY,243,2024-09-24 00:00:00,ACTIVE,2024-09-24,2024-12-24,0,22408.6100000000,22400.0000000000,0E-10,1500.0000000000,0.0,0.0,92.11,235.47
0007M2,1459,2022-06-22 18:25:35,INACTIVE,True,True,0,True,True,True,True,0.0,0.0,0.0,0.0
0003JP,217,2025-01-29 08:43:39,INACTIVE,True,True,0,True,True,True,True,0.0,0.0,0.0,0.0
00065W,4,2026-01-10 00:00:00,ACTIVE,2026-01-10,2026-01-10,0,1000.0000000000,0E-10,1000.0000000000,0E-10,0.0,0.0,65.15,73.99
0000WV,584,2024-11-21 00:10:47,INACTIVE,True,True,0,True,True,True,True,0.0,0.0,0.0,0.0
0003HL,2362,2019-04-02 10:44:21,EXITED,2019-04-04,2019-04-04,105608,True,True,True,True,372267.66,491395.47,0.0,330715.75
0002HK,2118,2021-11-12 08:21:30,INACTIVE,2021-11-18,2021-11-18,1835299,True,True,True,True,-440925.71,137063.94,0.0,-453016.69
00014M,2064,2020-05-07 23:55:46,INACTIVE,True,True,0,True,True,True,True,0.0,0.0,0.0,0.0
0005RJ,223,2025-02-21 07:19:04,INACTIVE,True,True,0,True,True,True,True,0.0,0.0,0.0,0.0
0004A3,1711,2022-04-27 21:21:02,INACTIVE,True,True,0,True,True,True,True,0.0,0.0,0.0,0.0
0007GC,2402,2018-05-02 17:30:00,INACTIVE,True,True,0,True,True,True,True,0.0,0.0,0.0,0.0
0000XQ,1507,2023-03-24 00:00:00,INACTIVE,2023-03-24,2023-03-24,28618,True,True,True,True,-3644.95,-375.13,0.0,-2529.18
0006IN,545,2023-03-15 12:02:22,ACTIVE,2023-09-26,2024-01-31,19680,8773.0000000000,7308.9500000000,250.0000000000,0E-10,1536.36,4924.21,57.67,1665.37
0005AY,2962,2019-11-28 22:42:20,INACTIVE,True,True,0,True,True,True,True,0.0,0.0,0.0,0.0
000761,569,2024-06-21 10:50:20,INACTIVE,True,True,0,True,True,True,True,0.0,0.0,0.0,0.0
0002XE,1070,2021-10-31 11:06:08,ACTIVE,2023-09-28,2023-11-10,0,4000.0000000000,4000.0000000000,0E-10,0E-10,0.0,0.0,53.7,30.65
00020I,1615,2019-07-27 15:50:14,INACTIVE,True,True,0,True,True,True,True,0.0,0.0,0.0,0.0
00037K,3240,2018-03-20 19:38:00,INACTIVE,True,True,0,True,True,True,True,0.0,0.0,0.0,0.0
00011C,342,2024-07-07 15:13:14,INACTIVE,True,True,0,True,True,True,True,0.0,0.0,0.0,0.0
0002TG,1774,2022-04-27 14:50:01,INACTIVE,True,True,0,True,True,True,True,0.0,0.0,0.0,0.0
0000WF,311,2024-11-18 13:25:49,INACTIVE,True,True,0,True,True,True,True,0.0,0.0,0.0,0.0
00078H,1108,2022-10-09 20:56:37,INACTIVE,True,True,0,True,True,True,True,0.0,0.0,0.0,0.0
000270,870,2023-12-22 23:02:56,ACTIVE,2023-12-24,2023-12-24,3503,5000.0000000000,5000.0000000000,0E-10,0E-10,-6060.31,-8170.04,130.52,-6974.6
0006Y5,1489,2021-11-15 21:39:17,INACTIVE,True,True,0,True,True,True,True,0.0,0.0,0.0,0.0
0003CM,765,2024-05-27 09:20:12,INACTIVE,True,True,0,True,True,True,True,0.0,0.0,0.0,0.0
00067I,1486,2022-08-13 11:21:25,INACTIVE,True,True,0,True,True,True,True,0.0,0.0,0.0,0.0
0000BF,1757,2018-05-30 00:46:13,INACTIVE,True,True,0,True,True,True,True,0.0,0.0,0.0,0.0
00047H,1990,2021-10-05 15:09:22,INACTIVE,True,True,0,True,True,True,True,0.0,0.0,0.0,0.0
00050F,1146,2022-03-06 17:32:23,ACTIVE,2022-08-23,2022-08-23,0,100.0000000000,100.0000000000,0E-10,0E-10,0.0,0.0,2.44,2.77
0001S4,1269,2022-11-16 17:18:07,INACTIVE,True,True,0,True,True,True,True,0.0,0.0,0.0,0.0
000420,469,2024-03-31 16:01:35,INACTIVE,True,True,0,True,True,True,True,0.0,0.0,0.0,0.0
00060J,822,2023-08-08 13:57:34,INACTIVE,True,True,0,True,True,True,True,0.0,0.0,0.0,0.0
0001HW,423,2025-02-28 08:07:33,INACTIVE,True,True,0,True,True,True,True,0.0,0.0,0.0,0.0
0003EZ,921,2024-04-09 10:02:23,INACTIVE,True,True,0,True,True,True,True,0.0,0.0,0.0,0.0
0007EB,3277,2019-10-21 13:26:20,INACTIVE,True,True,0,True,True,True,True,0.0,0.0,0.0,0.0
000303,2959,2019-04-16 06:23:47,INACTIVE,True,True,0,True,True,True,True,0.0,0.0,0.0,0.0
0006Y6,149,2023-08-08 16:49:10,ACTIVE,2025-03-14,2025-05-03,0,283400.0000000000,282900.0000000000,500.0000000000,0E-10,0.0,0.0,3960.1,3675.46
0005MY,273,2025-03-31 23:27:09,INACTIVE,True,True,0,True,True,True,True,0.0,0.0,0.0,0.0
0006N5,1202,2021-04-17 05:38:02,INACTIVE,True,True,0,True,True,True,True,0.0,0.0,0.0,0.0
0000PE,1305,2023-01-21 00:00:00,ACTIVE,2023-01-21,2023-01-21,0,500.0000000000,0E-10,500.0000000000,0E-10,0.0,0.0,81.95,51.38
00074D,130,2025-07-02 13:21:41,INACTIVE,True,True,0,True,True,True,True,0.0,0.0,0.0,0.0
0003ED,2051,2022-03-29 15:27:19,INACTIVE,True,True,0,True,True,True,True,0.0,0.0,0.0,0.0
00011L,1279,2020-12-30 13:54:03,INACTIVE,True,True,0,True,True,True,True,0.0,0.0,0.0,0.0
0006YX,118,2024-11-18 00:00:00,ACTIVE,2024-11-18,2025-06-15,64131,173200.0000000000,172280.6100000000,350.0000000000,0E-10,-762.14,10994.01,776.42,-98.41
0007DM,1561,2022-11-10 00:27:40,INACTIVE,True,True,0,True,True,True,True,0.0,0.0,0.0,0.0
0001H9,1926,2018-07-09 10:33:32,INACTIVE,2018-07-13,2018-07-13,278675,True,True,True,True,53353.96,164787.08,0.0,61522.25
0003Q0,168,2025-03-01 05:32:21,INACTIVE,True,True,0,True,True,True,True,0.0,0.0,0.0,0.0
0001MO,3155,2017-10-19 11:13:54,INACTIVE,True,True,0,True,True,True,True,0.0,0.0,0.0,0.0
0005AU,2070,2022-03-08 10:55:08,INACTIVE,True,True,0,True,True,True,True,0.0,0.0,0.0,0.0
0001QP,626,2023-10-22 23:38:56,INACTIVE,True,True,0,True,True,True,True,0.0,0.0,0.0,0.0
0007LM,452,2024-09-05 22:16:58,INACTIVE,True,True,0,True,True,True,True,0.0,0.0,0.0,0.0
00002R,259,2025-01-29 16:40:26,INACTIVE,True,True,0,True,True,True,True,0.0,0.0,0.0,0.0
0001ZX,955,2023-07-27 16:18:25,INACTIVE,True,True,0,True,True,True,True,0.0,0.0,0.0,0.0
0006GQ,284,2024-04-22 14:25:45,ACTIVE,2025-01-21,2025-02-04,3633,14000.0000000000,14400.0000000000,0E-10,0E-10,-6304.01,-9188.29,322.94,-9460.26
0004KE,1291,2022-10-20 15:23:42,INACTIVE,True,True,0,True,True,True,True,0.0,0.0,0.0,0.0
00023K,1747,2021-02-24 09:11:55,INACTIVE,True,True,0,True,True,True,True,0.0,0.0,0.0,0.0
0002Q8,1793,2022-08-09 00:09:44,INACTIVE,True,True,0,True,True,True,True,0.0,0.0,0.0,0.0
0004CD,1154,2023-05-05 13:33:17,INACTIVE,True,True,0,True,True,True,True,0.0,0.0,0.0,0.0
00037P,1263,2023-02-12 19:23:45,INACTIVE,True,True,0,True,True,True,True,0.0,0.0,0.0,0.0
0001BY,156,2025-07-24 00:00:00,ACTIVE,2025-07-24,2025-08-10,0,300.0000000000,150.0000000000,150.2300000000,150.0000000000,0.0,0.0,38.69,16.05
0001EX,981,2022-09-12 11:45:11,INACTIVE,True,True,0,True,True,True,True,0.0,0.0,0.0,0.0
00077P,2281,2014-07-09 00:00:00,INACTIVE,2014-07-10,2018-05-15,1840588,True,True,True,True,-710801.11,-311807.91,0.0,-299273.18
0006VI,717,2019-05-31 14:58:45,ACTIVE,2023-01-18,2024-02-01,66798,203114.4300000000,143582.5400000000,0E-10,11932.0000000000,-35407.02,34542.09,217.38,-23839.63
000746,1739,2019-02-28 23:30:09,INACTIVE,True,True,0,True,True,True,True,0.0,0.0,0.0,0.0
0004EN,1462,2019-09-17 14:52:43,INACTIVE,True,True,0,True,True,True,True,0.0,0.0,0.0,0.0
00039U,476,2024-07-18 13:30:14,INACTIVE,True,True,0,True,True,True,True,0.0,0.0,0.0,0.0
0006JT,554,2023-08-20 15:34:58,INACTIVE,True,True,0,True,True,True,True,0.0,0.0,0.0,0.0
0001XX,1485,2020-06-23 07:51:13,INACTIVE,True,True,0,True,True,True,True,0.0,0.0,0.0,0.0
0006DT,2237,2020-02-15 13:02:41,INACTIVE,True,True,0,True,True,True,True,0.0,0.0,0.0,0.0
000754,517,2024-12-10 13:56:11,INACTIVE,True,True,0,True,True,True,True,0.0,0.0,0.0,0.0
0003W1,952,2022-06-12 11:49:41,INACTIVE,True,True,0,True,True,True,True,0.0,0.0,0.0,0.0
0004NN,1445,2022-12-23 11:36:10,INACTIVE,True,True,0,True,True,True,True,0.0,0.0,0.0,0.0
0004DX,541,2023-03-03 11:36:10,INACTIVE,True,True,0,True,True,True,True,0.0,0.0,0.0,0.0
00046B,3207,2020-03-05 19:48:22,INACTIVE,True,True,0,True,True,True,True,0.0,0.0,0.0,0.0
0002FQ,3026,2017-11-22 17:53:45,INACTIVE,True,True,0,True,True,True,True,0.0,0.0,0.0,0.0
00005E,432,2022-11-20 17:49:31,ACTIVE,2022-11-21,2024-10-29,84808,100371.0000000000,99656.7100000000,646.0000000000,0E-10,-15559.42,-5712.01,50.81,-20889.77
00026X,1146,2023-04-25 07:04:44,INACTIVE,True,True,0,True,True,True,True,0.0,0.0,0.0,0.0
0005VH,567,2024-06-13 21:26:54,INACTIVE,True,True,0,True,True,True,True,0.0,0.0,0.0,0.0
0004VI,4037,2013-11-13 00:00:00,INACTIVE,2013-11-13,2013-11-13,34395,True,True,True,True,0.0,0.0,0.0,0.0
0007H6,879,2023-04-12 10:20:54,INACTIVE,True,True,0,True,True,True,True,0.0,0.0,0.0,0.0
0007E9,2122,2022-02-09 06:30:09,INACTIVE,True,True,0,True,True,True,True,0.0,0.0,0.0,0.0
00024S,3842,2018-04-25 08:23:33,INACTIVE,True,True,0,True,True,True,True,0.0,0.0,0.0,0.0
0000JD,825,2023-06-15 13:13:04,ACTIVE,2023-08-01,2023-10-15,12343,25717.0000000000,25716.6700000000,0E-10,0E-10,-7428.92,-8528.18,142.3,-15338.84
0005N9,551,2024-11-29 16:17:24,INACTIVE,True,True,0,True,True,True,True,0.0,0.0,0.0,0.0
00046H,371,2024-06-23 10:23:32,INACTIVE,True,True,0,True,True,True,True,0.0,0.0,0.0,0.0
0004K1,570,2024-07-10 21:55:23,INACTIVE,True,True,0,True,True,True,True,0.0,0.0,0.0,0.0
0002HW,1504,2021-09-15 05:53:51,INACTIVE,True,True,0,True,True,True,True,0.0,0.0,0.0,0.0
0004B6,1943,2019-08-05 12:24:48,INACTIVE,True,True,0,True,True,True,True,0.0,0.0,0.0,0.0
0005K8,199,2025-08-28 11:05:45,INACTIVE,True,True,0,True,True,True,True,0.0,0.0,0.0,0.0
00047Q,883,2024-03-23 23:20:33,INACTIVE,True,True,0,True,True,True,True,0.0,0.0,0.0,0.0
0000CP,1387,2023-05-05 11:58:11,INACTIVE,True,True,0,True,True,True,True,0.0,0.0,0.0,0.0
0005P9,1004,2023-08-15 07:48:40,INACTIVE,True,True,0,True,True,True,True,0.0,0.0,0.0,0.0
0000ST,2191,2019-03-12 08:25:12,INACTIVE,True,True,0,True,True,True,True,0.0,0.0,0.0,0.0
0006AL,1460,2022-11-10 06:39:22,INACTIVE,True,True,0,True,True,True,True,0.0,0.0,0.0,0.0
0003ZU,744,2022-09-10 07:42:44,INACTIVE,True,True,0,True,True,True,True,0.0,0.0,0.0,0.0
0004KC,587,2024-11-07 11:50:15,INACTIVE,True,True,0,True,True,True,True,0.0,0.0,0.0,0.0
0006A9,158,2025-03-22 22:49:25,INACTIVE,True,True,0,True,True,True,True,0.0,0.0,0.0,0.0
00060N,111,2025-10-23 22:49:47,INACTIVE,True,True,0,True,True,True,True,0.0,0.0,0.0,0.0
0005RF,1477,2022-09-06 10:56:53,INACTIVE,True,True,0,True,True,True,True,0.0,0.0,0.0,0.0
0005J7,1718,2018-01-18 09:32:42,INACTIVE,True,True,0,True,True,True,True,0.0,0.0,0.0,0.0
00055E,1645,2019-01-30 10:11:04,INACTIVE,True,True,0,True,True,True,True,0.0,0.0,0.0,0.0
0004PL,1495,2020-01-10 15:53:19,ACTIVE,2021-09-28,2021-09-28,0,100.0000000000,100.0000000000,0E-10,0E-10,0.0,0.0,1.37,3.25
00056D,1440,2021-02-10 16:39:34,INACTIVE,True,True,0,True,True,True,True,0.0,0.0,0.0,0.0
000560,3674,2018-09-02 18:18:58,INACTIVE,2018-09-07,2018-09-07,1603279,True,True,True,True,242680.44,975436.56,0.0,196848.5
0005XA,897,2022-07-01 11:58:06,INACTIVE,True,True,0,True,True,True,True,0.0,0.0,0.0,0.0
0007GS,167,2025-07-17 14:11:30,INACTIVE,True,True,0,True,True,True,True,0.0,0.0,0.0,0.0
000372,1475,2020-09-23 08:52:23,INACTIVE,True,True,0,True,True,True,True,0.0,0.0,0.0,0.0
0006OK,949,2021-11-24 09:49:08,INACTIVE,True,True,0,True,True,True,True,0.0,0.0,0.0,0.0
00065D,87,2025-09-22 14:56:08,INACTIVE,True,True,0,True,True,True,True,0.0,0.0,0.0,0.0
00039H,3766,2018-06-17 13:45:53,INACTIVE,True,True,0,True,True,True,True,0.0,0.0,0.0,0.0
00077O,2108,2021-04-17 20:37:43,INACTIVE,True,True,0,True,True,True,True,0.0,0.0,0.0,0.0
0003WY,931,2024-03-28 14:53:06,INACTIVE,True,True,0,True,True,True,True,0.0,0.0,0.0,0.0
0006D5,1123,2022-08-23 11:13:17,INACTIVE,True,True,0,True,True,True,True,0.0,0.0,0.0,0.0
0007CA,1781,2019-06-16 08:27:19,INACTIVE,True,True,0,True,True,True,True,0.0,0.0,0.0,0.0
0005A6,45,2025-10-21 11:23:56,INACTIVE,True,True,0,True,True,True,True,0.0,0.0,0.0,0.0
00003N,4245,2013-11-05 00:00:00,INACTIVE,2013-11-05,2014-05-12,177628,True,True,True,True,0.0,0.0,0.0,0.0
0002SE,9,2025-12-30 00:00:00,ACTIVE,2025-12-30,2025-12-30,0,1200.0000000000,710.7500000000,400.0000000000,0E-10,0.0,0.0,79.84,83.77
0004ZM,31,2025-11-15 14:51:35,INACTIVE,True,True,0,True,True,True,True,0.0,0.0,0.0,0.0
0003XW,1995,2021-02-04 00:21:58,INACTIVE,True,True,0,True,True,True,True,0.0,0.0,0.0,0.0
0005AC,239,2025-01-21 11:29:55,INACTIVE,True,True,0,True,True,True,True,0.0,0.0,0.0,0.0
00049R,2603,2019-04-26 15:10:09,INACTIVE,True,True,0,True,True,True,True,0.0,0.0,0.0,0.0
0000XB,500,2024-10-06 08:25:42,INACTIVE,True,True,0,True,True,True,True,0.0,0.0,0.0,0.0
0002OG,2303,2020-11-20 09:09:51,INACTIVE,True,True,0,True,True,True,True,0.0,0.0,0.0,0.0
0004GN,1199,2022-04-28 13:18:20,INACTIVE,True,True,0,True,True,True,True,0.0,0.0,0.0,0.0
0001NN,3223,2018-08-31 22:01:30,INACTIVE,2018-09-20,2018-09-20,113810,True,True,True,True,42470.87,63397.7,0.0,25751.34
0002MM,725,2023-10-01 15:05:48,INACTIVE,True,True,0,True,True,True,True,0.0,0.0,0.0,0.0
00031N,6,2026-01-05 15:46:18,INACTIVE,True,True,0,True,True,True,True,0.0,0.0,0.0,0.0
0003GH,1331,2021-07-17 13:21:11,INACTIVE,True,True,0,True,True,True,True,0.0,0.0,0.0,0.0
0007H1,1355,2018-09-25 11:19:28,INACTIVE,True,True,0,True,True,True,True,0.0,0.0,0.0,0.0
0002D5,1827,2020-11-04 02:34:08,INACTIVE,True,True,0,True,True,True,True,0.0,0.0,0.0,0.0
000011,1211,2023-05-15 15:54:11,INACTIVE,True,True,0,True,True,True,True,0.0,0.0,0.0,0.0
00021O,1237,2023-05-28 13:27:39,INACTIVE,True,True,0,True,True,True,True,0.0,0.0,0.0,0.0
0004MS,1417,2020-09-27 05:34:09,INACTIVE,True,True,0,True,True,True,True,0.0,0.0,0.0,0.0
0000YU,947,2021-10-04 10:37:21,INACTIVE,True,True,0,True,True,True,True,0.0,0.0,0.0,0.0
000512,1830,2018-09-24 09:46:24,INACTIVE,True,True,0,True,True,True,True,0.0,0.0,0.0,0.0
0007N2,79,2022-07-29 09:09:10,ACTIVE,2022-08-04,2025-11-23,1555136,1503290.0000000000,1501899.6000000000,0E-10,0E-10,-996862.6,108600.23,1047.95,-771633.76
00027B,1144,2022-03-08 04:51:37,INACTIVE,True,True,0,True,True,True,True,0.0,0.0,0.0,0.0
0007KY,45,2025-11-28 21:25:30,INACTIVE,True,True,0,True,True,True,True,0.0,0.0,0.0,0.0
00011Z,699,2022-09-19 07:16:35,INACTIVE,True,True,0,True,True,True,True,0.0,0.0,0.0,0.0
0000NX,300,2025-05-27 07:20:28,INACTIVE,True,True,0,True,True,True,True,0.0,0.0,0.0,0.0
0004BI,76,2025-10-27 07:04:14,INACTIVE,True,True,0,True,True,True,True,0.0,0.0,0.0,0.0
00024F,1703,2018-02-06 21:41:43,INACTIVE,True,True,0,True,True,True,True,0.0,0.0,0.0,0.0
0006KH,2598,2018-09-24 08:33:26,INACTIVE,True,True,0,True,True,True,True,0.0,0.0,0.0,0.0
0006IC,1199,2023-05-03 10:04:47,INACTIVE,True,True,0,True,True,True,True,0.0,0.0,0.0,0.0
0006X0,76,2025-10-29 13:09:50,INACTIVE,True,True,0,True,True,True,True,0.0,0.0,0.0,0.0
0000V1,167,2025-09-23 14:28:47,INACTIVE,True,True,0,True,True,True,True,0.0,0.0,0.0,0.0
0003FR,798,2024-06-12 22:34:54,INACTIVE,True,True,0,True,True,True,True,0.0,0.0,0.0,0.0
00032X,372,2025-01-06 15:22:24,ACTIVE,2025-01-07,2025-01-13,0,200.0000000000,200.0000000000,0E-10,0E-10,0.0,0.0,6.38,5.64
0007CG,457,2025-03-04 19:28:33,INACTIVE,True,True,0,True,True,True,True,0.0,0.0,0.0,0.0
0000EZ,3037,2019-09-13 11:33:26,INACTIVE,True,True,0,True,True,True,True,0.0,0.0,0.0,0.0
0004HW,1452,2020-01-15 15:35:11,EXITED,2021-06-18,2021-06-18,154916,True,True,True,True,-190311.46,-184698.63,0.0,-212154.02
000274,123,2025-10-10 07:48:44,INACTIVE,True,True,0,True,True,True,True,0.0,0.0,0.0,0.0
0002OK,264,2025-04-28 18:29:14,INACTIVE,True,True,0,True,True,True,True,0.0,0.0,0.0,0.0
0004PF,263,2025-05-07 07:19:43,INACTIVE,True,True,0,True,True,True,True,0.0,0.0,0.0,0.0
0004VC,997,2023-05-13 15:32:33,INACTIVE,2023-05-14,2023-05-14,895281,True,True,True,True,-1943325.57,246769.71,0.0,-1691056.23
0003AO,3714,2018-03-29 19:20:55,INACTIVE,True,True,0,True,True,True,True,0.0,0.0,0.0,0.0
0004Z5,3122,2020-01-06 10:45:33,INACTIVE,True,True,0,True,True,True,True,0.0,0.0,0.0,0.0
0004KK,1968,2019-06-20 17:36:00,INACTIVE,True,True,0,True,True,True,True,0.0,0.0,0.0,0.0
0003DI,1083,2023-06-12 00:00:00,INACTIVE,2023-06-12,2023-06-12,159449,True,True,True,True,-280383.83,-73643.49,0.0,-778121.44
0007G0,23,2025-12-14 00:00:00,ACTIVE,2025-12-14,2025-12-26,0,6508.0000000000,6508.0000000000,0E-10,5997.2500000000,0.0,0.0,176.3,380.58
0005TH,3329,2019-06-22 07:43:20,INACTIVE,True,True,0,True,True,True,True,0.0,0.0,0.0,0.0
00008Z,79,2025-09-22 00:00:00,ACTIVE,2025-09-22,2025-10-24,26096,120964.1400000000,120728.5200000000,0E-10,0E-10,-15104.67,14195.42,1570.27,-17797.9
0004FR,887,2022-07-10 17:18:20,INACTIVE,True,True,0,True,True,True,True,0.0,0.0,0.0,0.0
0002OM,1783,2019-02-05 13:00:44,INACTIVE,True,True,0,True,True,True,True,0.0,0.0,0.0,0.0
0005UW,1487,2018-08-27 09:41:11,INACTIVE,True,True,0,True,True,True,True,0.0,0.0,0.0,0.0
0004XS,512,2023-09-15 09:41:01,INACTIVE,True,True,0,True,True,True,True,0.0,0.0,0.0,0.0
0004HN,1602,2020-07-25 07:52:54,INACTIVE,True,True,0,True,True,True,True,0.0,0.0,0.0,0.0
0004NZ,1397,2019-09-10 14:08:15,INACTIVE,True,True,0,True,True,True,True,0.0,0.0,0.0,0.0
0004J2,319,2025-05-27 23:22:07,INACTIVE,True,True,0,True,True,True,True,0.0,0.0,0.0,0.0
00001Y,3,2025-08-08 10:54:55,ACTIVE,2026-01-07,2026-01-11,0,47370.0000000000,43401.3800000000,3950.0000000000,16000.0000000000,0.0,0.0,1973.45,2584.72
0006JJ,190,2025-06-10 22:45:44,INACTIVE,True,True,0,True,True,True,True,0.0,0.0,0.0,0.0
0001SZ,1215,2023-05-25 13:10:30,INACTIVE,True,True,0,True,True,True,True,0.0,0.0,0.0,0.0
0002L2,1622,2020-07-01 19:42:08,INACTIVE,True,True,0,True,True,True,True,0.0,0.0,0.0,0.0
00045E,942,2023-12-02 14:57:46,INACTIVE,True,True,0,True,True,True,True,0.0,0.0,0.0,0.0
000424,407,2025-03-13 01:32:49,INACTIVE,True,True,0,True,True,True,True,0.0,0.0,0.0,0.0
0003KA,221,2025-05-03 05:50:26,INACTIVE,True,True,0,True,True,True,True,0.0,0.0,0.0,0.0
0000RH,218,2025-06-06 05:04:36,INACTIVE,True,True,0,True,True,True,True,0.0,0.0,0.0,0.0
0006DW,1670,2020-06-24 11:25:45,INACTIVE,True,True,0,True,True,True,True,0.0,0.0,0.0,0.0
0006SL,82,2025-10-18 15:20:20,INACTIVE,True,True,0,True,True,True,True,0.0,0.0,0.0,0.0
0000U9,431,2024-12-08 04:22:44,ACTIVE,2024-12-12,2024-12-12,0,15520.0000000000,15400.0000000000,0E-10,0E-10,0.0,0.0,476.32,221.7
0000J2,72,2025-04-11 15:19:58,ACTIVE,2025-04-14,2025-10-22,39333,84700.0000000000,77586.6000000000,0E-10,0E-10,-2192.21,7522.53,205.79,-1797.29
000775,4450,2013-05-24 00:00:00,INACTIVE,2013-05-27,2013-05-27,103108,True,True,True,True,0.0,0.0,0.0,0.0
0000RD,2136,2020-03-03 10:55:58,INACTIVE,True,True,0,True,True,True,True,0.0,0.0,0.0,0.0
0004F8,655,2022-08-15 14:04:38,INACTIVE,True,True,0,True,True,True,True,0.0,0.0,0.0,0.0
0002RR,1144,2021-04-27 12:15:16,INACTIVE,True,True,0,True,True,True,True,0.0,0.0,0.0,0.0
0003CA,909,2023-08-26 16:01:31,INACTIVE,True,True,0,True,True,True,True,0.0,0.0,0.0,0.0
000101,47,2025-10-13 20:52:41,INACTIVE,True,True,0,True,True,True,True,0.0,0.0,0.0,0.0
0006JX,713,2024-06-02 11:58:48,INACTIVE,True,True,0,True,True,True,True,0.0,0.0,0.0,0.0
00014X,3453,2019-04-25 22:57:44,INACTIVE,True,True,0,True,True,True,True,0.0,0.0,0.0,0.0
0001XM,2822,2019-11-19 17:02:04,INACTIVE,True,True,0,True,True,True,True,0.0,0.0,0.0,0.0
0001LL,1067,2022-06-15 00:11:29,INACTIVE,True,True,0,True,True,True,True,0.0,0.0,0.0,0.0
0003V8,1288,2022-04-30 14:24:54,INACTIVE,True,True,0,True,True,True,True,0.0,0.0,0.0,0.0
0007G7,2885,2019-03-06 18:09:36,INACTIVE,True,True,0,True,True,True,True,0.0,0.0,0.0,0.0
0001HT,1308,2023-01-03 08:41:25,INACTIVE,True,True,0,True,True,True,True,0.0,0.0,0.0,0.0
00032P,3169,2020-03-02 09:59:13,INACTIVE,True,True,0,True,True,True,True,0.0,0.0,0.0,0.0
0005US,565,2022-09-15 13:16:43,ACTIVE,2022-09-16,2024-06-25,2575142,1464441.9200000000,1248350.8900000000,0E-10,0E-10,-2234229.82,216827.73,2062.38,-906805.88
0007A6,330,2024-11-01 22:30:24,INACTIVE,True,True,0,True,True,True,True,0.0,0.0,0.0,0.0
00017O,2072,2019-06-18 05:56:22,INACTIVE,True,True,0,True,True,True,True,0.0,0.0,0.0,0.0
0005KT,141,2025-10-08 14:55:26,INACTIVE,True,True,0,True,True,True,True,0.0,0.0,0.0,0.0
00016G,1129,2023-04-24 10:00:59,INACTIVE,True,True,0,True,True,True,True,0.0,0.0,0.0,0.0
0001DW,583,2024-11-14 08:41:54,INACTIVE,True,True,0,True,True,True,True,0.0,0.0,0.0,0.0
0002RA,1217,2023-04-27 11:43:27,INACTIVE,True,True,0,True,True,True,True,0.0,0.0,0.0,0.0
0004SO,3730,2019-01-27 22:33:03,INACTIVE,True,True,0,True,True,True,True,0.0,0.0,0.0,0.0
0004V8,545,2024-05-09 17:17:51,ACTIVE,2024-05-30,2024-07-20,0,17000.0000000000,16950.0000000000,0E-10,0E-10,0.0,0.0,258.03,310.07
00038K,3657,2019-02-19 22:37:38,INACTIVE,True,True,0,True,True,True,True,0.0,0.0,0.0,0.0
00073X,1642,2022-10-18 13:33:46,INACTIVE,True,True,0,True,True,True,True,0.0,0.0,0.0,0.0
0001P4,2732,2020-06-21 23:28:23,INACTIVE,True,True,0,True,True,True,True,0.0,0.0,0.0,0.0
0001UR,3851,2018-09-17 11:07:57,EXITED,2018-09-18,2018-09-18,60070,True,True,True,True,-15957.14,-6437.08,0.0,-27196.68
00067F,48,2025-11-29 00:00:00,ACTIVE,2025-11-29,2025-11-29,0,2000.0000000000,1000.0000000000,1000.0000000000,0E-10,0.0,0.0,128.21,163.88
0007ID,63,2025-11-25 09:04:19,INACTIVE,True,True,0,True,True,True,True,0.0,0.0,0.0,0.0
0003Q6,2778,2018-11-01 22:48:22,INACTIVE,True,True,0,True,True,True,True,0.0,0.0,0.0,0.0
00006C,2762,2020-02-12 05:47:29,INACTIVE,True,True,0,True,True,True,True,0.0,0.0,0.0,0.0
0002HQ,212,2025-07-31 04:01:49,INACTIVE,True,True,0,True,True,True,True,0.0,0.0,0.0,0.0
0004U2,2571,2020-06-12 14:51:48,INACTIVE,True,True,0,True,True,True,True,0.0,0.0,0.0,0.0
0002VZ,2252,2019-05-26 07:37:37,INACTIVE,True,True,0,True,True,True,True,0.0,0.0,0.0,0.0
000593,3980,2017-08-20 14:57:37,INACTIVE,True,True,0,True,True,True,True,0.0,0.0,0.0,0.0
0000DZ,89,2025-11-11 14:52:02,INACTIVE,True,True,0,True,True,True,True,0.0,0.0,0.0,0.0
0002KZ,1727,2021-11-17 08:16:17,INACTIVE,True,True,0,True,True,True,True,0.0,0.0,0.0,0.0
0000QD,216,2025-04-07 23:50:41,ACTIVE,2025-04-08,2025-06-03,91690,535032.8000000000,533179.7800000000,600.0000000000,152000.0000000000,-113792.13,-71705.95,9828.59,-131446.15
0000GQ,1177,2023-08-29 18:53:16,INACTIVE,True,True,0,True,True,True,True,0.0,0.0,0.0,0.0
0007NF,1239,2023-05-22 17:34:29,INACTIVE,True,True,0,True,True,True,True,0.0,0.0,0.0,0.0
0007DT,7,2025-09-08 09:53:56,ACTIVE,2025-10-28,2026-01-08,57703,115900.0000000000,115687.3700000000,0E-10,0E-10,-17288.46,1241.55,849.09,-33585.5
0000HX,92,2025-10-22 10:41:20,INACTIVE,True,True,0,True,True,True,True,0.0,0.0,0.0,0.0
0002TX,1537,2022-06-29 10:20:25,INACTIVE,True,True,0,True,True,True,True,0.0,0.0,0.0,0.0
0001CS,152,2025-09-09 00:06:25,INACTIVE,True,True,0,True,True,True,True,0.0,0.0,0.0,0.0
00021Q,328,2024-12-07 14:00:14,INACTIVE,True,True,0,True,True,True,True,0.0,0.0,0.0,0.0
0000P0,1625,2020-06-05 11:47:41,INACTIVE,True,True,0,True,True,True,True,0.0,0.0,0.0,0.0
00052L,1214,2023-08-24 13:18:40,INACTIVE,True,True,0,True,True,True,True,0.0,0.0,0.0,0.0
0007OT,108,2025-11-01 13:52:26,INACTIVE,True,True,0,True,True,True,True,0.0,0.0,0.0,0.0
00029S,2420,2018-09-11 22:27:20,INACTIVE,True,True,0,True,True,True,True,0.0,0.0,0.0,0.0
0002EM,372,2022-10-20 05:16:34,ACTIVE,2025-03-16,2025-04-27,24900,66106.2900000000,65953.7500000000,0E-10,200.0000000000,-15346.03,-7400.25,782.95,-20479.59
0005J1,1948,2020-07-18 13:16:47,INACTIVE,True,True,0,True,True,True,True,0.0,0.0,0.0,0.0
0002ZX,71,2025-09-30 15:28:58,INACTIVE,True,True,0,True,True,True,True,0.0,0.0,0.0,0.0
0004EG,235,2025-07-08 09:06:15,INACTIVE,True,True,0,True,True,True,True,0.0,0.0,0.0,0.0
0000K8,1,2026-01-13 13:12:15,INACTIVE,True,True,0,True,True,True,True,0.0,0.0,0.0,0.0
000361,1463,2019-07-08 07:18:30,INACTIVE,True,True,0,True,True,True,True,0.0,0.0,0.0,0.0
0000LQ,2836,2020-08-26 16:16:03,INACTIVE,True,True,0,True,True,True,True,0.0,0.0,0.0,0.0
000780,2078,2020-06-13 11:25:56,INACTIVE,True,True,0,True,True,True,True,0.0,0.0,0.0,0.0
0000DK,662,2023-09-04 00:00:00,ACTIVE,2023-09-04,2023-09-04,7284,5000.0000000000,5000.0000000000,0E-10,0E-10,-5624.41,-6364.15,125.61,-9494.87
0000W1,2491,2019-01-31 15:44:37,INACTIVE,True,True,0,True,True,True,True,0.0,0.0,0.0,0.0
0004DU,1975,2021-01-09 13:39:10,INACTIVE,True,True,0,True,True,True,True,0.0,0.0,0.0,0.0
0006QS,1007,2023-08-15 13:29:19,INACTIVE,True,True,0,True,True,True,True,0.0,0.0,0.0,0.0
0002E8,1343,2021-09-15 00:00:00,ACTIVE,2021-09-15,2021-09-15,0,300.0000000000,0E-10,0E-10,0E-10,0.0,0.0,8.22,8.04
00054S,2655,2017-11-06 03:13:57,INACTIVE,True,True,0,True,True,True,True,0.0,0.0,0.0,0.0
0003ZG,2372,2019-11-08 13:53:43,INACTIVE,True,True,0,True,True,True,True,0.0,0.0,0.0,0.0
0005MG,1378,2022-09-10 21:25:17,INACTIVE,True,True,0,True,True,True,True,0.0,0.0,0.0,0.0
00072Q,139,2025-10-09 11:19:29,INACTIVE,True,True,0,True,True,True,True,0.0,0.0,0.0,0.0
00039L,1068,2020-10-31 12:19:02,ACTIVE,2022-10-06,2022-10-06,0,100.0000000000,0E-10,100.0000000000,0E-10,0.0,0.0,8.73,7.81
0001G9,3191,2019-09-08 21:43:32,INACTIVE,True,True,0,True,True,True,True,0.0,0.0,0.0,0.0
0005FF,496,2025-02-17 13:58:00,INACTIVE,True,True,0,True,True,True,True,0.0,0.0,0.0,0.0
0003FV,82,2025-10-09 15:13:35,INACTIVE,True,True,0,True,True,True,True,0.0,0.0,0.0,0.0
0005D6,807,2021-11-06 17:20:31,INACTIVE,True,True,0,True,True,True,True,0.0,0.0,0.0,0.0
000131,1510,2022-04-19 16:02:45,INACTIVE,True,True,0,True,True,True,True,0.0,0.0,0.0,0.0
0001UD,2208,2021-09-25 17:54:11,INACTIVE,True,True,0,True,True,True,True,0.0,0.0,0.0,0.0
0002UC,651,2022-10-27 13:28:55,INACTIVE,True,True,0,True,True,True,True,0.0,0.0,0.0,0.0
00060H,991,2022-02-23 01:47:06,INACTIVE,True,True,0,True,True,True,True,0.0,0.0,0.0,0.0
0004UP,438,2025-01-08 16:42:54,INACTIVE,True,True,0,True,True,True,True,0.0,0.0,0.0,0.0
0006KC,2336,2021-02-26 07:44:34,INACTIVE,True,True,0,True,True,True,True,0.0,0.0,0.0,0.0
0006X9,1296,2019-12-29 13:13:51,INACTIVE,True,True,0,True,True,True,True,0.0,0.0,0.0,0.0
00012S,1286,2021-12-18 12:20:40,INACTIVE,True,True,0,True,True,True,True,0.0,0.0,0.0,0.0
0007GW,1726,2018-08-11 10:39:50,EXITED,2018-08-23,2019-08-23,414531,True,True,True,True,428584.05,675297.49,0.0,301141.63
0004K7,3486,2019-07-11 20:19:03,INACTIVE,True,True,0,True,True,True,True,0.0,0.0,0.0,0.0
0006QY,2843,2019-06-17 05:24:23,INACTIVE,True,True,0,True,True,True,True,0.0,0.0,0.0,0.0
0007LE,561,2024-06-19 08:37:43,INACTIVE,True,True,0,True,True,True,True,0.0,0.0,0.0,0.0
0006JR,1657,2022-09-17 07:34:14,INACTIVE,True,True,0,True,True,True,True,0.0,0.0,0.0,0.0
0007J3,2109,2020-06-23 12:51:59,INACTIVE,True,True,0,True,True,True,True,0.0,0.0,0.0,0.0
0006RM,1411,2023-04-21 07:16:38,INACTIVE,True,True,0,True,True,True,True,0.0,0.0,0.0,0.0
0007K6,933,2022-08-01 21:01:08,INACTIVE,True,True,0,True,True,True,True,0.0,0.0,0.0,0.0
0007F5,428,2023-09-30 09:54:27,ACTIVE,2023-10-02,2023-10-26,8428,5000.0000000000,4973.2100000000,0E-10,0E-10,-9677.94,-6059.75,119.64,-10474.45
00013U,1869,2020-07-13 16:37:41,INACTIVE,True,True,0,True,True,True,True,0.0,0.0,0.0,0.0
00010P,955,2022-04-30 05:36:34,INACTIVE,True,True,0,True,True,True,True,0.0,0.0,0.0,0.0
0004PU,3906,2017-12-05 00:00:00,INACTIVE,2017-12-05,2018-01-13,20131,True,True,True,True,3776.55,8316.28,0.0,1371.24
0005O2,1083,2023-01-07 15:25:08,EXITED,2023-03-04,2023-03-04,260725,True,True,True,True,-213019.37,-228326.33,0.0,-155718.85
0005AX,36,2025-11-30 03:06:27,INACTIVE,True,True,0,True,True,True,True,0.0,0.0,0.0,0.0
0006ZM,1225,2023-05-29 19:43:00,INACTIVE,True,True,0,True,True,True,True,0.0,0.0,0.0,0.0
0003XX,407,2024-11-24 00:00:00,ACTIVE,2024-11-24,2024-12-15,17112,19005.0000000000,18973.7500000000,0E-10,0E-10,-7975.71,-11898.57,331.43,-18968.32
00044A,451,2024-10-22 17:17:07,INACTIVE,True,True,0,True,True,True,True,0.0,0.0,0.0,0.0
0003PO,674,2023-05-01 10:57:14,INACTIVE,True,True,0,True,True,True,True,0.0,0.0,0.0,0.0
0002VW,3876,2018-12-11 15:40:55,INACTIVE,True,True,0,True,True,True,True,0.0,0.0,0.0,0.0
00047V,976,2023-09-26 22:18:36,INACTIVE,True,True,0,True,True,True,True,0.0,0.0,0.0,0.0
0003FM,3811,2018-05-04 15:19:38,INACTIVE,True,True,0,True,True,True,True,0.0,0.0,0.0,0.0
0000LP,306,2025-05-17 09:42:32,INACTIVE,True,True,0,True,True,True,True,0.0,0.0,0.0,0.0
0003EM,2398,2019-06-30 10:23:12,INACTIVE,True,True,0,True,True,True,True,0.0,0.0,0.0,0.0
0001J6,38,2025-11-02 10:34:17,INACTIVE,True,True,0,True,True,True,True,0.0,0.0,0.0,0.0
0006KT,2524,2020-02-13 19:48:00,INACTIVE,True,True,0,True,True,True,True,0.0,0.0,0.0,0.0
0003FQ,1418,2018-09-06 13:16:11,INACTIVE,2018-09-10,2019-07-30,122638,True,True,True,True,180142.15,227600.2,0.0,114748.95
0007BD,2083,2022-02-20 08:57:12,INACTIVE,True,True,0,True,True,True,True,0.0,0.0,0.0,0.0
0001LQ,269,2025-01-21 14:11:45,INACTIVE,True,True,0,True,True,True,True,0.0,0.0,0.0,0.0
0000QV,1585,2021-01-13 17:49:22,INACTIVE,True,True,0,True,True,True,True,0.0,0.0,0.0,0.0
000125,2033,2020-09-30 14:10:39,INACTIVE,True,True,0,True,True,True,True,0.0,0.0,0.0,0.0
00070S,207,2025-06-23 21:18:38,INACTIVE,True,True,0,True,True,True,True,0.0,0.0,0.0,0.0
0004F9,2825,2019-05-06 13:27:45,INACTIVE,True,True,0,True,True,True,True,0.0,0.0,0.0,0.0
0003U6,1340,2020-12-15 10:01:27,INACTIVE,2023-03-08,2023-03-08,322874,True,True,True,True,504962.26,531025.86,0.0,249452.4
00004D,3523,2018-05-16 10:49:58,INACTIVE,True,True,0,True,True,True,True,0.0,0.0,0.0,0.0
0005HB,800,2024-06-26 19:47:50,INACTIVE,True,True,0,True,True,True,True,0.0,0.0,0.0,0.0
0004L4,1320,2022-04-25 15:26:06,INACTIVE,True,True,0,True,True,True,True,0.0,0.0,0.0,0.0
00011J,538,2024-08-13 16:19:01,INACTIVE,True,True,0,True,True,True,True,0.0,0.0,0.0,0.0
0002XX,1877,2022-04-20 12:01:18,INACTIVE,True,True,0,True,True,True,True,0.0,0.0,0.0,0.0
0002EB,652,2023-10-04 04:05:12,INACTIVE,True,True,0,True,True,True,True,0.0,0.0,0.0,0.0
0001W9,1419,2020-10-30 22:00:32,INACTIVE,True,True,0,True,True,True,True,0.0,0.0,0.0,0.0
0007FL,41,2024-09-26 11:33:53,ACTIVE,2025-01-02,2025-10-26,37051,69750.0000000000,69552.1600000000,0E-10,0E-10,2297.49,9907.73,181.66,1631.46
0004JB,519,2024-11-22 16:13:48,INACTIVE,True,True,0,True,True,True,True,0.0,0.0,0.0,0.0
0006Y4,406,2025-02-07 12:43:13,INACTIVE,True,True,0,True,True,True,True,0.0,0.0,0.0,0.0
0005YI,121,2025-08-12 14:55:04,INACTIVE,True,True,0,True,True,True,True,0.0,0.0,0.0,0.0
0001ST,860,2022-04-20 12:34:10,INACTIVE,True,True,0,True,True,True,True,0.0,0.0,0.0,0.0
0002C1,1159,2020-03-11 05:06:52,INACTIVE,True,True,0,True,True,True,True,0.0,0.0,0.0,0.0
0003S1,884,2023-08-04 22:05:31,INACTIVE,True,True,0,True,True,True,True,0.0,0.0,0.0,0.0
0004B2,856,2022-08-29 15:24:02,INACTIVE,True,True,0,True,True,True,True,0.0,0.0,0.0,0.0
0006XE,254,2025-07-03 17:45:26,INACTIVE,True,True,0,True,True,True,True,0.0,0.0,0.0,0.0
00069L,4334,2017-11-09 14:20:50,INACTIVE,True,True,0,True,True,True,True,0.0,0.0,0.0,0.0
0000X5,3568,2018-05-23 05:24:36,INACTIVE,True,True,0,True,True,True,True,0.0,0.0,0.0,0.0
00039R,1119,2023-10-10 13:44:33,INACTIVE,True,True,0,True,True,True,True,0.0,0.0,0.0,0.0
0003KZ,3566,2019-06-29 15:23:37,INACTIVE,True,True,0,True,True,True,True,0.0,0.0,0.0,0.0
0004HQ,334,2025-04-21 10:30:35,INACTIVE,True,True,0,True,True,True,True,0.0,0.0,0.0,0.0
0001KW,2457,2019-09-27 11:44:40,INACTIVE,True,True,0,True,True,True,True,0.0,0.0,0.0,0.0
0005RL,1066,2023-10-24 18:04:47,INACTIVE,True,True,0,True,True,True,True,0.0,0.0,0.0,0.0
0005J5,526,2024-09-08 07:29:45,INACTIVE,True,True,0,True,True,True,True,0.0,0.0,0.0,0.0
0005MH,1141,2022-09-09 20:57:02,INACTIVE,True,True,0,True,True,True,True,0.0,0.0,0.0,0.0
0003GM,1075,2020-07-06 12:22:06,INACTIVE,True,True,0,True,True,True,True,0.0,0.0,0.0,0.0
0005QL,1456,2022-07-21 13:07:38,INACTIVE,True,True,0,True,True,True,True,0.0,0.0,0.0,0.0
00076T,2288,2021-07-23 02:18:23,INACTIVE,True,True,0,True,True,True,True,0.0,0.0,0.0,0.0
0004XE,554,2024-10-08 17:51:56,INACTIVE,True,True,0,True,True,True,True,0.0,0.0,0.0,0.0
0004FN,1939,2020-03-02 19:13:09,INACTIVE,True,True,0,True,True,True,True,0.0,0.0,0.0,0.0
000621,3169,2018-03-05 00:00:00,EXITED,2018-03-05,2018-04-10,19920,True,True,True,True,-19239.2,-28393.88,0.0,-26785.8
0004A6,108,2025-10-25 06:11:44,INACTIVE,True,True,0,True,True,True,True,0.0,0.0,0.0,0.0
0004UT,2956,2019-08-22 12:34:42,INACTIVE,True,True,0,True,True,True,True,0.0,0.0,0.0,0.0
0004Z3,939,2023-06-13 18:30:46,INACTIVE,True,True,0,True,True,True,True,0.0,0.0,0.0,0.0
0002XS,321,2024-02-29 17:00:16,ACTIVE,2025-01-06,2025-01-08,5176,5800.0000000000,16800.0000000000,4100.0000000000,0E-10,-4774.38,-7332.49,765.23,-5627.16
0002LJ,1379,2021-10-30 20:32:27,INACTIVE,True,True,0,True,True,True,True,0.0,0.0,0.0,0.0
00046V,237,2025-07-29 00:00:00,ACTIVE,2025-07-29,2025-07-31,0,100.0000000000,0E-10,100.0000000000,0E-10,0.0,0.0,18.03,17.57
0006ZD,398,2024-05-31 18:46:09,INACTIVE,True,True,0,True,True,True,True,0.0,0.0,0.0,0.0
0000XU,833,2024-05-14 00:12:24,INACTIVE,True,True,0,True,True,True,True,0.0,0.0,0.0,0.0
0005OZ,1304,2020-11-26 12:15:02,INACTIVE,True,True,0,True,True,True,True,0.0,0.0,0.0,0.0
0002JY,495,2025-02-15 12:33:24,INACTIVE,True,True,0,True,True,True,True,0.0,0.0,0.0,0.0
0006AM,1096,2022-11-16 21:29:49,INACTIVE,True,True,0,True,True,True,True,0.0,0.0,0.0,0.0
0007KB,2810,2019-10-21 22:51:00,INACTIVE,True,True,0,True,True,True,True,0.0,0.0,0.0,0.0
00012Z,1495,2022-09-17 00:09:38,INACTIVE,True,True,0,True,True,True,True,0.0,0.0,0.0,0.0
0004Q8,196,2025-07-29 22:41:28,ACTIVE,2025-07-30,2025-08-14,0,11500.0000000000,11198.3800000000,300.0000000000,0E-10,0.0,0.0,304.67,258.36
0005N0,86,2025-11-09 18:55:37,INACTIVE,True,True,0,True,True,True,True,0.0,0.0,0.0,0.0
0005RD,217,2024-12-08 15:05:25,INACTIVE,True,True,0,True,True,True,True,0.0,0.0,0.0,0.0
00031I,10,2025-10-13 00:00:00,ACTIVE,2025-10-13,2026-01-02,0,39267.2900000000,34037.6300000000,0E-10,15000.0000000000,0.0,0.0,426.25,567.08
0002VU,288,2024-12-17 09:37:23,INACTIVE,True,True,0,True,True,True,True,0.0,0.0,0.0,0.0
0004G2,2692,2019-11-22 00:00:00,INACTIVE,2019-11-22,2019-11-22,357572,True,True,True,True,-36627.14,163043.37,0.0,-71362.26
000739,689,2024-06-12 13:13:36,INACTIVE,True,True,0,True,True,True,True,0.0,0.0,0.0,0.0
0000Y8,1745,2020-01-18 22:46:50,INACTIVE,True,True,0,True,True,True,True,0.0,0.0,0.0,0.0
0001DK,1237,2023-06-04 08:11:16,INACTIVE,True,True,0,True,True,True,True,0.0,0.0,0.0,0.0
0003QO,755,2023-06-30 11:56:01,INACTIVE,True,True,0,True,True,True,True,0.0,0.0,0.0,0.0
0002ZF,834,2022-12-21 11:29:38,EXITED,2023-05-02,2023-05-02,61812,True,True,True,True,-72751.49,-31721.7,0.0,-33515.03
0001E8,609,2024-03-08 08:23:38,INACTIVE,True,True,0,True,True,True,True,0.0,0.0,0.0,0.0
0000WM,1705,2022-04-16 21:11:37,INACTIVE,True,True,0,True,True,True,True,0.0,0.0,0.0,0.0
0006GF,495,2023-05-24 17:41:42,INACTIVE,True,True,0,True,True,True,True,0.0,0.0,0.0,0.0
0000Z7,1861,2022-06-02 19:20:02,INACTIVE,True,True,0,True,True,True,True,0.0,0.0,0.0,0.0
00025B,1563,2022-06-14 12:29:59,INACTIVE,True,True,0,True,True,True,True,0.0,0.0,0.0,0.0
0002KV,1486,2022-04-18 20:26:54,INACTIVE,True,True,0,True,True,True,True,0.0,0.0,0.0,0.0
0001E6,706,2023-06-03 16:40:04,INACTIVE,True,True,0,True,True,True,True,0.0,0.0,0.0,0.0
0007A4,1210,2023-06-19 13:11:52,INACTIVE,True,True,0,True,True,True,True,0.0,0.0,0.0,0.0
0005VP,1564,2022-12-03 12:31:20,INACTIVE,True,True,0,True,True,True,True,0.0,0.0,0.0,0.0
0000NJ,61,2025-11-15 07:36:29,INACTIVE,True,True,0,True,True,True,True,0.0,0.0,0.0,0.0
0007K9,746,2023-06-19 10:44:58,INACTIVE,True,True,0,True,True,True,True,0.0,0.0,0.0,0.0
0001BN,1156,2022-06-12 17:43:44,INACTIVE,True,True,0,True,True,True,True,0.0,0.0,0.0,0.0
0002PB,20,2025-12-23 00:00:00,ACTIVE,2025-12-23,2025-12-24,0,2000.0000000000,1960.7500000000,0E-10,0E-10,0.0,0.0,63.71,29.27
0003GU,985,2022-09-11 21:44:47,INACTIVE,True,True,0,True,True,True,True,0.0,0.0,0.0,0.0
000254,2258,2020-12-09 12:29:15,INACTIVE,True,True,0,True,True,True,True,0.0,0.0,0.0,0.0
0001BV,270,2025-02-28 07:41:06,INACTIVE,True,True,0,True,True,True,True,0.0,0.0,0.0,0.0
0005JG,1139,2023-09-06 08:47:01,INACTIVE,True,True,0,True,True,True,True,0.0,0.0,0.0,0.0
0003WR,880,2023-07-17 15:59:10,INACTIVE,True,True,0,True,True,True,True,0.0,0.0,0.0,0.0
0004OX,120,2025-10-01 01:55:19,INACTIVE,True,True,0,True,True,True,True,0.0,0.0,0.0,0.0
0000F0,594,2024-12-01 16:29:18,INACTIVE,True,True,0,True,True,True,True,0.0,0.0,0.0,0.0
0004LF,176,2025-07-13 08:30:36,INACTIVE,True,True,0,True,True,True,True,0.0,0.0,0.0,0.0
0006QT,1168,2021-04-09 02:29:26,INACTIVE,True,True,0,True,True,True,True,0.0,0.0,0.0,0.0
0002ES,505,2024-09-21 06:37:15,INACTIVE,True,True,0,True,True,True,True,0.0,0.0,0.0,0.0
0006H8,1913,2020-10-14 21:30:21,INACTIVE,True,True,0,True,True,True,True,0.0,0.0,0.0,0.0
0004WV,685,2024-07-30 10:11:06,INACTIVE,True,True,0,True,True,True,True,0.0,0.0,0.0,0.0
0006AR,151,2025-09-26 12:48:51,INACTIVE,True,True,0,True,True,True,True,0.0,0.0,0.0,0.0
0006KU,3005,2019-04-04 12:15:59,INACTIVE,True,True,0,True,True,True,True,0.0,0.0,0.0,0.0
0005T3,749,2024-08-24 13:05:14,INACTIVE,True,True,0,True,True,True,True,0.0,0.0,0.0,0.0
0002S5,2150,2018-03-19 00:00:00,EXITED,2018-03-19,2018-05-22,25315,True,True,True,True,-31462.3,-38543.23,0.0,-32553.1
0001AM,1444,2020-09-09 14:28:24,INACTIVE,True,True,0,True,True,True,True,0.0,0.0,0.0,0.0
00037A,874,2023-01-06 00:21:13,INACTIVE,True,True,0,True,True,True,True,0.0,0.0,0.0,0.0
0003Y4,954,2023-10-23 06:54:26,INACTIVE,True,True,0,True,True,True,True,0.0,0.0,0.0,0.0
000137,560,2023-03-09 12:25:00,ACTIVE,2023-10-08,2023-12-12,10404,22550.0000000000,21000.0000000000,1500.0000000000,0E-10,4533.19,5922.14,318.96,5210.28
0007N3,68,2025-09-22 07:56:37,INACTIVE,True,True,0,True,True,True,True,0.0,0.0,0.0,0.0
0006RX,1490,2023-04-13 21:22:54,INACTIVE,True,True,0,True,True,True,True,0.0,0.0,0.0,0.0
0000KG,1446,2021-03-07 19:18:58,INACTIVE,True,True,0,True,True,True,True,0.0,0.0,0.0,0.0
0006HP,578,2023-11-07 22:03:03,INACTIVE,True,True,0,True,True,True,True,0.0,0.0,0.0,0.0
00011M,429,2024-09-02 16:42:11,INACTIVE,True,True,0,True,True,True,True,0.0,0.0,0.0,0.0
0000D9,1501,2019-10-19 19:37:18,INACTIVE,True,True,0,True,True,True,True,0.0,0.0,0.0,0.0
0006C9,312,2024-06-12 16:16:45,INACTIVE,True,True,0,True,True,True,True,0.0,0.0,0.0,0.0
0005IQ,527,2023-03-17 09:17:50,ACTIVE,2023-07-11,2024-04-01,140671,315276.9100000000,513420.4500000000,0E-10,0E-10,16210.14,253492.79,1122.72,12243.65
00009E,1682,2020-07-17 05:08:50,INACTIVE,True,True,0,True,True,True,True,0.0,0.0,0.0,0.0
0007D5,89,2025-10-28 00:00:00,ACTIVE,2025-10-28,2025-11-08,0,38450.0000000000,38392.8800000000,0E-10,0E-10,0.0,0.0,1175.44,738.49
0003VV,325,2025-02-02 20:20:49,INACTIVE,True,True,0,True,True,True,True,0.0,0.0,0.0,0.0
00074G,1886,2021-11-12 20:19:07,INACTIVE,True,True,0,True,True,True,True,0.0,0.0,0.0,0.0
0001JJ,2937,2019-07-14 07:46:03,INACTIVE,True,True,0,True,True,True,True,0.0,0.0,0.0,0.0
00034T,6,2026-01-10 18:06:30,INACTIVE,True,True,0,True,True,True,True,0.0,0.0,0.0,0.0
0004U9,206,2025-08-23 22:19:30,INACTIVE,True,True,0,True,True,True,True,0.0,0.0,0.0,0.0
0004H2,822,2023-10-15 15:22:14,INACTIVE,True,True,0,True,True,True,True,0.0,0.0,0.0,0.0
0003GV,310,2024-08-19 09:17:10,INACTIVE,True,True,0,True,True,True,True,0.0,0.0,0.0,0.0
0002UJ,430,2018-11-19 11:42:02,ACTIVE,2022-12-20,2023-11-08,25280,21100.0000000000,21100.0000000000,0E-10,0E-10,595.26,3507.37,32.83,1001.61
00073E,2823,2013-02-06 00:00:00,EXITED,2013-02-06,2014-10-16,1039823,True,True,True,True,0.0,0.0,0.0,0.0
0000V2,2923,2020-01-08 14:30:24,INACTIVE,True,True,0,True,True,True,True,0.0,0.0,0.0,0.0
00074A,2485,2018-08-27 12:27:29,EXITED,2018-08-28,2019-09-16,467713,True,True,True,True,146889.69,891164.65,0.0,413158.75
00026J,232,2025-01-18 16:25:03,INACTIVE,True,True,0,True,True,True,True,0.0,0.0,0.0,0.0
0000R4,373,2024-06-05 23:30:21,INACTIVE,True,True,0,True,True,True,True,0.0,0.0,0.0,0.0
0002B1,1005,2024-01-24 11:27:53,INACTIVE,True,True,0,True,True,True,True,0.0,0.0,0.0,0.0
0006M7,304,2025-03-23 13:05:49,INACTIVE,True,True,0,True,True,True,True,0.0,0.0,0.0,0.0
0002GI,834,2022-08-23 08:23:03,INACTIVE,True,True,0,True,True,True,True,0.0,0.0,0.0,0.0
0006OG,1351,2023-05-24 11:34:39,INACTIVE,True,True,0,True,True,True,True,0.0,0.0,0.0,0.0
0006G9,1495,2022-09-08 22:20:29,INACTIVE,True,True,0,True,True,True,True,0.0,0.0,0.0,0.0
0007MA,731,2023-12-29 21:16:04,INACTIVE,True,True,0,True,True,True,True,0.0,0.0,0.0,0.0
0003FK,859,2023-08-09 12:10:09,INACTIVE,True,True,0,True,True,True,True,0.0,0.0,0.0,0.0
00000N,3056,2014-09-24 00:00:00,INACTIVE,2014-09-26,2018-11-27,431365,True,True,True,True,43821.94,296856.59,0.0,77790.09
000014,1722,2020-06-01 13:33:53,INACTIVE,True,True,0,True,True,True,True,0.0,0.0,0.0,0.0
0005WD,3016,2020-07-14 09:41:53,INACTIVE,True,True,0,True,True,True,True,0.0,0.0,0.0,0.0
0005WR,3499,2018-08-01 08:09:51,INACTIVE,True,True,0,True,True,True,True,0.0,0.0,0.0,0.0
0002RC,1009,2023-08-15 18:01:58,INACTIVE,True,True,0,True,True,True,True,0.0,0.0,0.0,0.0
000757,450,2020-08-21 16:22:32,ACTIVE,2024-01-30,2025-01-01,159875,434175.0000000000,432506.2500000000,2180.0000000000,0E-10,-110998.02,-35315.84,791.4,-89548.91
00055T,229,2022-04-14 17:08:16,ACTIVE,2023-03-16,2025-08-15,4538004,50.0000000000,3.0000000000,0E-10,0E-10,-2322141.19,-227401.59,0.04,-1747737.25
0005IO,110,2025-06-13 21:23:07,INACTIVE,True,True,0,True,True,True,True,0.0,0.0,0.0,0.0
0002EE,284,2024-07-20 00:09:32,INACTIVE,True,True,0,True,True,True,True,0.0,0.0,0.0,0.0
0005UQ,2523,2020-08-31 14:26:50,INACTIVE,True,True,0,True,True,True,True,0.0,0.0,0.0,0.0
0005EU,1087,2021-11-04 05:54:28,INACTIVE,True,True,0,True,True,True,True,0.0,0.0,0.0,0.0
00051S,429,2025-01-18 21:10:18,INACTIVE,True,True,0,True,True,True,True,0.0,0.0,0.0,0.0
0001I2,887,2023-08-15 12:38:34,INACTIVE,True,True,0,True,True,True,True,0.0,0.0,0.0,0.0
0005L2,1920,2019-04-02 16:50:12,INACTIVE,2019-04-03,2019-08-15,2798921,True,True,True,True,-142439.65,701019.75,0.0,-122063.2
0004R5,740,2023-04-09 22:23:09,INACTIVE,True,True,0,True,True,True,True,0.0,0.0,0.0,0.0
0003OT,1112,2023-08-28 18:08:22,INACTIVE,True,True,0,True,True,True,True,0.0,0.0,0.0,0.0
000239,1551,2019-09-17 21:08:13,INACTIVE,True,True,0,True,True,True,True,0.0,0.0,0.0,0.0
0000XW,36,2025-11-20 11:11:27,ACTIVE,2025-11-21,2025-11-21,4590,5000.0000000000,4984.5000000000,0E-10,0E-10,-13195.24,-8641.51,152.92,-12212.97
00052R,965,2019-05-20 15:20:12,EXITED,2022-12-05,2023-03-27,276187,True,True,True,True,-142022.99,-91513.01,0.0,-113354.88
0000VB,513,2023-10-09 06:10:54,INACTIVE,True,True,0,True,True,True,True,0.0,0.0,0.0,0.0
0006AK,420,2025-01-12 15:02:57,INACTIVE,True,True,0,True,True,True,True,0.0,0.0,0.0,0.0
0001YN,30,2025-12-26 07:10:56,INACTIVE,True,True,0,True,True,True,True,0.0,0.0,0.0,0.0
0002R1,1235,2023-05-01 17:23:50,INACTIVE,True,True,0,True,True,True,True,0.0,0.0,0.0,0.0
0002V4,802,2024-01-19 15:54:38,INACTIVE,True,True,0,True,True,True,True,0.0,0.0,0.0,0.0
00076E,1151,2022-07-09 08:17:17,INACTIVE,True,True,0,True,True,True,True,0.0,0.0,0.0,0.0
0000LF,1351,2023-07-22 07:28:19,INACTIVE,True,True,0,True,True,True,True,0.0,0.0,0.0,0.0
000685,1134,2023-10-16 12:02:59,INACTIVE,True,True,0,True,True,True,True,0.0,0.0,0.0,0.0
0002J2,2966,2019-11-22 10:20:34,INACTIVE,True,True,0,True,True,True,True,0.0,0.0,0.0,0.0
0006J3,3311,2013-08-14 00:00:00,INACTIVE,2013-08-16,2013-08-16,326941,True,True,True,True,0.0,0.0,0.0,0.0
00037C,870,2022-03-22 00:00:00,INACTIVE,2022-03-22,2022-03-22,366072,True,True,True,True,382681.73,889999.76,0.0,797903.57
0005BE,522,2023-12-07 15:29:49,INACTIVE,True,True,0,True,True,True,True,0.0,0.0,0.0,0.0
0006W6,213,2025-04-09 14:30:00,INACTIVE,True,True,0,True,True,True,True,0.0,0.0,0.0,0.0
00026Q,253,2024-02-14 20:07:59,ACTIVE,2024-07-10,2024-11-06,87195,134950.0000000000,130145.9100000000,4600.0000000000,0E-10,-16839.75,-10690.78,960.54,-22058.39
0005L9,1037,2019-04-15 08:55:30,ACTIVE,2019-04-24,2023-12-30,8649129,908.3200000000,0E-10,0E-10,0E-10,2144974.4,2515988.15,0.46,1145714.75
000699,279,2024-12-04 12:05:26,INACTIVE,True,True,0,True,True,True,True,0.0,0.0,0.0,0.0
0007O9,692,2023-06-08 16:17:16,INACTIVE,True,True,0,True,True,True,True,0.0,0.0,0.0,0.0
0006RH,457,2025-02-20 16:29:07,INACTIVE,True,True,0,True,True,True,True,0.0,0.0,0.0,0.0
0003VF,295,2025-06-27 14:21:36,INACTIVE,True,True,0,True,True,True,True,0.0,0.0,0.0,0.0
0000D5,1,2025-01-06 03:04:15,ACTIVE,2025-01-08,2026-01-14,0,1916750.5800000000,1917193.6400000000,100.0000000000,897674.0000000000,0.0,0.0,4946.51,3090.45
000127,1737,2020-01-20 08:13:54,INACTIVE,True,True,0,True,True,True,True,0.0,0.0,0.0,0.0
000449,2782,2020-03-07 10:04:27,INACTIVE,True,True,0,True,True,True,True,0.0,0.0,0.0,0.0
0006ZG,1961,2022-05-22 13:59:12,INACTIVE,True,True,0,True,True,True,True,0.0,0.0,0.0,0.0
0003NT,2228,2020-09-25 16:33:49,INACTIVE,True,True,0,True,True,True,True,0.0,0.0,0.0,0.0
00067U,406,2024-11-10 08:06:52,INACTIVE,True,True,0,True,True,True,True,0.0,0.0,0.0,0.0
0002Q3,661,2024-04-22 20:00:21,ACTIVE,2024-06-02,2024-07-01,11529,18100.0000000000,17863.7500000000,200.0000000000,0E-10,-8681.27,-6929.08,256.66,-6231.48
0006U6,676,2024-08-05 09:54:09,INACTIVE,True,True,0,True,True,True,True,0.0,0.0,0.0,0.0
0001OI,576,2022-02-09 08:22:29,INACTIVE,2023-06-20,2023-06-20,585697,True,True,True,True,-665397.88,636405.95,0.0,-1033349.35
0006X8,936,2022-10-07 10:41:49,ACTIVE,2023-01-13,2023-04-20,0,94536.9400000000,94227.7800000000,200.0000000000,92665.8800000000,0.0,0.0,2085.76,1614.89
0001GM,3164,2019-08-27 11:15:52,INACTIVE,2019-08-29,2019-08-29,938531,True,True,True,True,1970571.2,1077068.2,0.0,910208.33
0000P9,982,2023-10-23 13:36:35,INACTIVE,True,True,0,True,True,True,True,0.0,0.0,0.0,0.0
0004T6,472,2023-05-17 15:23:11,ACTIVE,2023-05-22,2024-01-24,182161,46100.0000000000,46062.8600000000,0E-10,0E-10,-849563.03,159347.5,116.84,-838793.01
00039K,818,2024-04-03 16:16:29,INACTIVE,True,True,0,True,True,True,True,0.0,0.0,0.0,0.0
0007FJ,1146,2022-09-14 22:17:06,ACTIVE,2023-04-28,2023-05-09,34161,100.0000000000,0E-10,0E-10,0E-10,-4904.65,-1875.13,2.91,-9137.5
00045K,1745,2019-10-17 06:00:24,INACTIVE,True,True,0,True,True,True,True,0.0,0.0,0.0,0.0
0005NO,1139,2018-08-06 00:00:00,INACTIVE,2018-08-06,2022-05-07,588311,True,True,True,True,146572.21,295653.48,0.0,134054.58
0006N6,754,2023-07-04 09:26:33,INACTIVE,True,True,0,True,True,True,True,0.0,0.0,0.0,0.0
0003XN,1704,2022-12-01 21:09:26,INACTIVE,True,True,0,True,True,True,True,0.0,0.0,0.0,0.0
000474,282,2024-11-28 09:45:15,INACTIVE,True,True,0,True,True,True,True,0.0,0.0,0.0,0.0
0006YF,251,2025-07-10 08:57:57,INACTIVE,True,True,0,True,True,True,True,0.0,0.0,0.0,0.0
0000TS,2194,2017-12-13 18:13:41,INACTIVE,2018-01-12,2020-03-18,530289,True,True,True,True,67021.57,223402.15,0.0,83250.97
0001SN,3569,2018-12-18 11:26:57,INACTIVE,True,True,0,True,True,True,True,0.0,0.0,0.0,0.0
0001AY,3933,2018-10-09 12:14:53,EXITED,2018-10-10,2018-10-10,244492,True,True,True,True,-94580.79,-26662.8,0.0,-105068.99
0004U8,801,2020-09-18 05:57:59,ACTIVE,2024-02-24,2024-07-16,41902,80350.0000000000,80238.1500000000,0E-10,0E-10,-25590.63,-15655.49,418.48,-28763.07
0007BC,1375,2023-04-06 19:30:09,INACTIVE,True,True,0,True,True,True,True,0.0,0.0,0.0,0.0
000695,2538,2018-06-08 00:00:00,EXITED,2018-06-08,2018-06-08,5154,True,True,True,True,-15894.45,-12503.62,0.0,-13974.75
0000R0,211,2025-04-16 10:13:42,INACTIVE,True,True,0,True,True,True,True,0.0,0.0,0.0,0.0
00014Q,11,2021-07-07 05:45:29,ACTIVE,2025-10-29,2026-01-02,10267,51520.0000000000,50977.8800000000,500.0000000000,0E-10,-5586.93,-4551.52,429.45,-8127.96
00003W,1232,2023-02-12 13:09:15,INACTIVE,True,True,0,True,True,True,True,0.0,0.0,0.0,0.0
00061Q,125,2025-08-19 15:13:44,INACTIVE,True,True,0,True,True,True,True,0.0,0.0,0.0,0.0
00022U,1003,2023-02-07 21:47:12,INACTIVE,True,True,0,True,True,True,True,0.0,0.0,0.0,0.0
000484,182,2024-11-16 00:00:00,ACTIVE,2024-11-16,2025-03-07,0,5200.0000000000,5100.0000000000,0E-10,0E-10,0.0,0.0,15.81,37.02
00014D,805,2024-04-22 23:09:12,INACTIVE,True,True,0,True,True,True,True,0.0,0.0,0.0,0.0
000172,225,2025-01-12 00:15:57,INACTIVE,True,True,0,True,True,True,True,0.0,0.0,0.0,0.0
0006FK,1870,2019-12-04 18:48:42,INACTIVE,True,True,0,True,True,True,True,0.0,0.0,0.0,0.0
0005W2,2570,2019-08-03 12:17:29,INACTIVE,True,True,0,True,True,True,True,0.0,0.0,0.0,0.0
00022S,2780,2018-08-28 13:39:20,EXITED,2018-08-29,2018-08-29,62654,True,True,True,True,-55743.48,-59055.17,0.0,-45907.91
0005MP,4115,2017-12-14 08:06:49,INACTIVE,True,True,0,True,True,True,True,0.0,0.0,0.0,0.0
0004CH,484,2018-11-27 02:34:24,ACTIVE,2022-09-17,2024-11-23,25429,27353.7500000000,27151.7500000000,200.0000000000,0E-10,-14540.13,-6475.53,26.01,-9752.21
00029D,2123,2021-07-13 07:36:41,INACTIVE,True,True,0,True,True,True,True,0.0,0.0,0.0,0.0
00058B,585,2024-01-18 16:30:04,INACTIVE,True,True,0,True,True,True,True,0.0,0.0,0.0,0.0
00012G,69,2025-09-28 08:39:48,INACTIVE,True,True,0,True,True,True,True,0.0,0.0,0.0,0.0
0004ZK,1661,2022-05-16 08:15:11,INACTIVE,2022-05-20,2022-05-20,84338,True,True,True,True,-24165.99,2245.52,0.0,-24615.73
0002ED,1499,2019-10-05 18:10:51,INACTIVE,True,True,0,True,True,True,True,0.0,0.0,0.0,0.0
0005F2,2079,2021-10-10 09:17:42,INACTIVE,True,True,0,True,True,True,True,0.0,0.0,0.0,0.0
000228,237,2025-08-04 14:55:43,INACTIVE,True,True,0,True,True,True,True,0.0,0.0,0.0,0.0
000520,788,2023-04-14 21:57:12,INACTIVE,True,True,0,True,True,True,True,0.0,0.0,0.0,0.0
0004OB,55,2025-12-01 12:32:36,ACTIVE,2025-12-02,2025-12-02,0,1000.0000000000,0E-10,1000.0000000000,0E-10,0.0,0.0,106.67,69.02
000456,574,2024-05-13 09:55:06,INACTIVE,True,True,0,True,True,True,True,0.0,0.0,0.0,0.0
0003SB,388,2024-09-01 16:58:26,ACTIVE,2024-09-16,2024-09-17,7013,5000.0000000000,5000.0000000000,0E-10,0E-10,-4277.71,-6735.42,74.72,-10264.88
0005LB,20,2018-06-19 17:03:36,ACTIVE,2024-10-17,2025-12-24,55474,54500.0000000000,70498.8800000000,0E-10,0E-10,6605.28,10920.14,102.42,17002.15
0002DG,572,2024-09-03 13:19:08,INACTIVE,True,True,0,True,True,True,True,0.0,0.0,0.0,0.0
00006T,1655,2022-12-30 09:46:37,INACTIVE,True,True,0,True,True,True,True,0.0,0.0,0.0,0.0
0007D8,189,2025-05-24 16:04:55,INACTIVE,True,True,0,True,True,True,True,0.0,0.0,0.0,0.0
00073J,3237,2018-09-10 21:22:56,INACTIVE,True,True,0,True,True,True,True,0.0,0.0,0.0,0.0
0006XY,1796,2020-02-25 17:07:46,INACTIVE,True,True,0,True,True,True,True,0.0,0.0,0.0,0.0
00006V,39,2022-02-16 16:59:06,ACTIVE,2023-08-15,2025-11-24,523594,725582.5300000000,724037.7300000000,0E-10,0E-10,-165224.48,185382.16,495.36,-173747.08
000174,2615,2019-09-19 16:45:06,INACTIVE,True,True,0,True,True,True,True,0.0,0.0,0.0,0.0
0007LP,35,2018-07-13 09:23:34,ACTIVE,2023-03-15,2025-12-18,139348,139600.0000000000,138099.5200000000,700.0000000000,0E-10,-33328.33,19922.81,97.84,-29328.71
0005P8,129,2025-07-30 11:28:55,ACTIVE,2025-07-31,2025-10-01,9242,19600.0000000000,16400.1300000000,3100.0000000000,0E-10,-5940.68,-440.68,527.99,-6310.0
0003KC,1463,2023-04-07 14:53:36,INACTIVE,True,True,0,True,True,True,True,0.0,0.0,0.0,0.0
0002NW,911,2021-12-07 15:51:29,INACTIVE,True,True,0,True,True,True,True,0.0,0.0,0.0,0.0
000442,1026,2023-05-05 18:26:53,INACTIVE,True,True,0,True,True,True,True,0.0,0.0,0.0,0.0
0000M9,974,2022-09-01 22:46:38,INACTIVE,True,True,0,True,True,True,True,0.0,0.0,0.0,0.0
0006T6,1605,2022-09-14 04:58:52,INACTIVE,True,True,0,True,True,True,True,0.0,0.0,0.0,0.0
000327,108,2025-07-06 05:31:53,INACTIVE,True,True,0,True,True,True,True,0.0,0.0,0.0,0.0
0003NK,1535,2019-10-27 07:36:23,INACTIVE,True,True,0,True,True,True,True,0.0,0.0,0.0,0.0
0006SH,2894,2019-10-24 09:24:44,INACTIVE,True,True,0,True,True,True,True,0.0,0.0,0.0,0.0
0002VL,1664,2020-09-16 18:19:42,INACTIVE,True,True,0,True,True,True,True,0.0,0.0,0.0,0.0
00040I,1399,2022-10-19 15:56:46,INACTIVE,True,True,0,True,True,True,True,0.0,0.0,0.0,0.0
0007FF,3046,2020-06-22 14:01:17,INACTIVE,True,True,0,True,True,True,True,0.0,0.0,0.0,0.0
0000PD,1319,2022-04-12 15:24:15,INACTIVE,True,True,0,True,True,True,True,0.0,0.0,0.0,0.0
0000OJ,276,2025-04-23 16:29:26,INACTIVE,True,True,0,True,True,True,True,0.0,0.0,0.0,0.0
0003CC,2476,2021-06-12 20:44:18,INACTIVE,True,True,0,True,True,True,True,0.0,0.0,0.0,0.0
000690,1716,2022-04-09 20:41:50,INACTIVE,True,True,0,True,True,True,True,0.0,0.0,0.0,0.0
00058C,1508,2020-02-12 17:47:27,INACTIVE,True,True,0,True,True,True,True,0.0,0.0,0.0,0.0
0002M2,37,2025-11-29 00:00:00,ACTIVE,2025-11-29,2025-12-18,70184,110000.0000000000,109863.1400000000,0E-10,0E-10,-82528.1,-52588.87,1857.35,-88470.12
0004LO,1673,2021-07-13 04:47:25,INACTIVE,True,True,0,True,True,True,True,0.0,0.0,0.0,0.0
00030Z,542,2024-11-20 20:33:16,INACTIVE,True,True,0,True,True,True,True,0.0,0.0,0.0,0.0
00075M,276,2025-05-09 19:30:11,INACTIVE,True,True,0,True,True,True,True,0.0,0.0,0.0,0.0
00067H,903,2022-08-23 07:39:38,INACTIVE,True,True,0,True,True,True,True,0.0,0.0,0.0,0.0
00040J,106,2025-10-26 18:25:26,INACTIVE,True,True,0,True,True,True,True,0.0,0.0,0.0,0.0
00023Q,272,2024-07-23 09:35:03,INACTIVE,True,True,0,True,True,True,True,0.0,0.0,0.0,0.0
00045G,3111,2019-11-27 23:04:07,INACTIVE,True,True,0,True,True,True,True,0.0,0.0,0.0,0.0
0004XA,3737,2018-04-13 06:30:05,INACTIVE,True,True,0,True,True,True,True,0.0,0.0,0.0,0.0
000530,271,2019-11-14 21:13:04,ACTIVE,2025-07-15,2025-07-15,0,300.0000000000,0E-10,0E-10,0E-10,0.0,0.0,9.36,8.48
0000GU,521,2023-05-18 08:16:17,INACTIVE,True,True,0,True,True,True,True,0.0,0.0,0.0,0.0
0007BK,2248,2019-06-24 08:22:28,INACTIVE,True,True,0,True,True,True,True,0.0,0.0,0.0,0.0
00029Q,1544,2019-09-22 13:25:41,INACTIVE,True,True,0,True,True,True,True,0.0,0.0,0.0,0.0
0000QJ,870,2023-04-26 09:56:35,INACTIVE,True,True,0,True,True,True,True,0.0,0.0,0.0,0.0
0006DD,2095,2019-05-15 15:05:40,INACTIVE,True,True,0,True,True,True,True,0.0,0.0,0.0,0.0
00074N,1329,2021-09-17 09:26:42,ACTIVE,2022-09-22,2022-09-22,0,100.0000000000,0E-10,0E-10,0E-10,0.0,0.0,2.88,1.37
0001V9,499,2024-08-01 07:12:00,INACTIVE,True,True,0,True,True,True,True,0.0,0.0,0.0,0.0
00023C,106,2025-11-04 21:03:34,INACTIVE,True,True,0,True,True,True,True,0.0,0.0,0.0,0.0
0001J0,296,2024-12-31 10:28:09,INACTIVE,True,True,0,True,True,True,True,0.0,0.0,0.0,0.0
0000Q8,2039,2019-12-19 09:51:38,INACTIVE,True,True,0,True,True,True,True,0.0,0.0,0.0,0.0
0005G9,2967,2019-04-11 20:03:12,INACTIVE,True,True,0,True,True,True,True,0.0,0.0,0.0,0.0
0005IM,1851,2019-07-07 20:58:25,INACTIVE,True,True,0,True,True,True,True,0.0,0.0,0.0,0.0
0001JS,267,2025-06-11 07:07:23,INACTIVE,True,True,0,True,True,True,True,0.0,0.0,0.0,0.0
0005KQ,1871,2021-10-20 21:43:27,INACTIVE,True,True,0,True,True,True,True,0.0,0.0,0.0,0.0
00056E,1479,2022-09-13 13:04:56,INACTIVE,True,True,0,True,True,True,True,0.0,0.0,0.0,0.0
0006BB,78,2025-11-10 07:19:28,INACTIVE,True,True,0,True,True,True,True,0.0,0.0,0.0,0.0
00067Z,1707,2022-06-29 09:05:52,INACTIVE,True,True,0,True,True,True,True,0.0,0.0,0.0,0.0
0000VR,3257,2020-01-28 11:22:38,INACTIVE,True,True,0,True,True,True,True,0.0,0.0,0.0,0.0
0007HK,175,2025-03-06 05:18:03,INACTIVE,True,True,0,True,True,True,True,0.0,0.0,0.0,0.0
0006MO,359,2025-01-20 09:41:09,INACTIVE,True,True,0,True,True,True,True,0.0,0.0,0.0,0.0
0006IM,3704,2018-04-26 13:14:54,INACTIVE,True,True,0,True,True,True,True,0.0,0.0,0.0,0.0
0000DM,1405,2018-04-04 00:00:00,EXITED,2018-04-04,2018-05-08,24868,True,True,True,True,-24666.21,-25757.68,0.0,-23305.4
0005KV,482,2024-10-11 13:34:08,INACTIVE,True,True,0,True,True,True,True,0.0,0.0,0.0,0.0
0007IQ,256,2025-06-07 00:00:00,ACTIVE,2025-06-07,2025-06-08,0,650.0000000000,610.7500000000,0E-10,0E-10,0.0,0.0,9.71,14.74
0004KS,258,2025-01-07 13:41:39,INACTIVE,True,True,0,True,True,True,True,0.0,0.0,0.0,0.0
00019Q,2820,2017-05-23 10:31:11,INACTIVE,2017-06-20,2017-06-20,15978,True,True,True,True,-4443.07,3028.86,0.0,-8830.78
0004EC,1560,2022-09-23 01:56:43,INACTIVE,True,True,0,True,True,True,True,0.0,0.0,0.0,0.0
00031O,24,2025-11-18 00:02:26,ACTIVE,2025-11-23,2025-12-04,5696,12250.0000000000,12186.0000000000,0E-10,0E-10,-4786.33,788.81,341.98,-4076.18
0000VV,3,2026-01-10 10:40:03,INACTIVE,True,True,0,True,True,True,True,0.0,0.0,0.0,0.0
0000OB,791,2024-05-25 11:01:45,INACTIVE,True,True,0,True,True,True,True,0.0,0.0,0.0,0.0
0005VE,1731,2022-06-03 22:28:20,INACTIVE,True,True,0,True,True,True,True,0.0,0.0,0.0,0.0
0000DW,533,2024-09-13 18:20:34,INACTIVE,True,True,0,True,True,True,True,0.0,0.0,0.0,0.0
0004UQ,583,2024-04-19 09:17:48,INACTIVE,True,True,0,True,True,True,True,0.0,0.0,0.0,0.0
0001Y3,883,2021-01-11 11:36:44,INACTIVE,2022-01-18,2022-01-18,285341,True,True,True,True,-75494.47,102592.2,0.0,-50975.06
0001ZC,2623,2020-07-25 11:34:42,INACTIVE,True,True,0,True,True,True,True,0.0,0.0,0.0,0.0
0000SV,1331,2021-02-16 16:39:38,INACTIVE,True,True,0,True,True,True,True,0.0,0.0,0.0,0.0
00008P,3871,2018-06-29 00:00:00,EXITED,2018-06-29,2018-07-17,32286,True,True,True,True,-24428.5,-28163.95,0.0,-12857.92
0002JH,120,2025-10-13 07:51:23,INACTIVE,True,True,0,True,True,True,True,0.0,0.0,0.0,0.0
0006A8,2795,2012-11-12 00:00:00,INACTIVE,2012-11-13,2012-11-13,227530,True,True,True,True,0.0,0.0,0.0,0.0
0007M1,1265,2022-12-28 23:43:10,INACTIVE,True,True,0,True,True,True,True,0.0,0.0,0.0,0.0
0002AS,406,2025-04-04 17:23:32,INACTIVE,True,True,0,True,True,True,True,0.0,0.0,0.0,0.0
0007FD,1833,2022-05-27 14:03:16,INACTIVE,True,True,0,True,True,True,True,0.0,0.0,0.0,0.0
0001HB,2063,2020-12-19 08:20:31,INACTIVE,True,True,0,True,True,True,True,0.0,0.0,0.0,0.0
0004JN,1462,2020-01-30 11:50:47,INACTIVE,2020-01-31,2020-01-31,709647,True,True,True,True,-16248.55,175718.0,0.0,-21033.13
000725,1354,2022-11-25 17:34:10,INACTIVE,True,True,0,True,True,True,True,0.0,0.0,0.0,0.0
0007IB,1181,2023-04-08 16:47:45,INACTIVE,True,True,0,True,True,True,True,0.0,0.0,0.0,0.0
00013S,1330,2022-09-11 19:18:02,INACTIVE,True,True,0,True,True,True,True,0.0,0.0,0.0,0.0
00000D,1088,2022-02-24 05:42:20,INACTIVE,True,True,0,True,True,True,True,0.0,0.0,0.0,0.0
00017N,2173,2021-10-16 02:36:24,INACTIVE,True,True,0,True,True,True,True,0.0,0.0,0.0,0.0
0006KE,2216,2019-12-28 11:55:32,INACTIVE,True,True,0,True,True,True,True,0.0,0.0,0.0,0.0
00059H,583,2024-01-14 23:16:37,INACTIVE,True,True,0,True,True,True,True,0.0,0.0,0.0,0.0
0002PH,1899,2019-02-20 13:20:56,INACTIVE,2019-02-26,2019-02-26,1278580,True,True,True,True,797955.82,908967.24,0.0,344382.26
0002A6,751,2023-05-29 07:19:18,INACTIVE,True,True,0,True,True,True,True,0.0,0.0,0.0,0.0
0007O1,2728,2018-04-09 00:00:00,EXITED,2018-04-09,2018-04-09,5748,True,True,True,True,-11907.78,-9513.57,0.0,-6976.34
0005HH,914,2022-08-14 23:17:32,INACTIVE,True,True,0,True,True,True,True,0.0,0.0,0.0,0.0
0006S7,47,2025-11-29 00:00:00,ACTIVE,2025-11-29,2025-11-30,0,2000.0000000000,999.7500000000,1000.0000000000,0E-10,0.0,0.0,224.11,155.57
00036L,120,2025-07-26 23:45:35,INACTIVE,True,True,0,True,True,True,True,0.0,0.0,0.0,0.0
000364,625,2023-10-27 14:14:08,INACTIVE,True,True,0,True,True,True,True,0.0,0.0,0.0,0.0
0004I3,1445,2019-08-28 19:36:52,INACTIVE,True,True,0,True,True,True,True,0.0,0.0,0.0,0.0
0004ER,833,2023-05-19 14:10:59,INACTIVE,True,True,0,True,True,True,True,0.0,0.0,0.0,0.0
0006B1,1055,2022-11-04 08:47:22,INACTIVE,2022-11-08,2022-11-08,26418,True,True,True,True,1429.22,6006.79,0.0,2011.55
0002OA,18,2025-12-26 15:18:26,INACTIVE,True,True,0,True,True,True,True,0.0,0.0,0.0,0.0
0002U9,1013,2023-10-11 00:55:41,INACTIVE,True,True,0,True,True,True,True,0.0,0.0,0.0,0.0
0000I6,3698,2014-06-04 00:00:00,INACTIVE,2014-06-06,2015-09-29,3294265,True,True,True,True,-1182341.9,-1125728.66,0.0,-891280.31
00034G,48,2025-12-06 22:50:02,INACTIVE,True,True,0,True,True,True,True,0.0,0.0,0.0,0.0
0007DF,1224,2019-10-03 08:14:33,INACTIVE,True,True,0,True,True,True,True,0.0,0.0,0.0,0.0
0001YM,5,2025-09-07 15:09:34,ACTIVE,2025-12-05,2026-01-10,0,28300.0000000000,24037.6300000000,0E-10,0E-10,0.0,0.0,741.54,331.55
0003I8,1578,2018-09-11 11:27:08,EXITED,2018-09-19,2018-09-19,53492,True,True,True,True,127.79,5473.59,0.0,173.09
0002R0,426,2024-10-29 03:48:21,INACTIVE,True,True,0,True,True,True,True,0.0,0.0,0.0,0.0
0003XY,855,2023-12-10 17:22:46,INACTIVE,True,True,0,True,True,True,True,0.0,0.0,0.0,0.0
0001FT,1372,2023-02-22 10:11:13,INACTIVE,True,True,0,True,True,True,True,0.0,0.0,0.0,0.0
0003F2,696,2024-03-23 01:38:36,INACTIVE,True,True,0,True,True,True,True,0.0,0.0,0.0,0.0
00064I,500,2024-06-25 10:53:59,INACTIVE,True,True,0,True,True,True,True,0.0,0.0,0.0,0.0
000430,336,2024-11-02 03:19:18,INACTIVE,True,True,0,True,True,True,True,0.0,0.0,0.0,0.0
0001IQ,3429,2019-08-07 12:45:59,INACTIVE,True,True,0,True,True,True,True,0.0,0.0,0.0,0.0
0005IP,1232,2021-03-17 19:41:13,INACTIVE,True,True,0,True,True,True,True,0.0,0.0,0.0,0.0
0006GX,54,2025-10-08 19:35:35,INACTIVE,True,True,0,True,True,True,True,0.0,0.0,0.0,0.0
0000N5,1426,2019-10-20 00:03:50,INACTIVE,True,True,0,True,True,True,True,0.0,0.0,0.0,0.0
0004HM,1828,2021-06-27 15:16:44,INACTIVE,2022-09-12,2022-09-12,29470,True,True,True,True,873.64,4342.56,0.0,586.93
0002NV,1496,2023-02-16 06:57:48,INACTIVE,True,True,0,True,True,True,True,0.0,0.0,0.0,0.0
0006TX,562,2024-03-01 13:44:31,INACTIVE,True,True,0,True,True,True,True,0.0,0.0,0.0,0.0
0005AG,201,2024-12-13 23:42:19,INACTIVE,True,True,0,True,True,True,True,0.0,0.0,0.0,0.0
0007CH,872,2019-12-18 12:57:21,INACTIVE,2019-12-21,2024-02-27,1835438,True,True,True,True,-4487116.78,170316.6,0.0,-5003151.95
000278,1820,2019-10-25 09:36:41,INACTIVE,True,True,0,True,True,True,True,0.0,0.0,0.0,0.0
0000J9,431,2023-10-12 08:58:26,INACTIVE,True,True,0,True,True,True,True,0.0,0.0,0.0,0.0
0006YJ,48,2025-11-26 08:24:08,INACTIVE,True,True,0,True,True,True,True,0.0,0.0,0.0,0.0
0004BS,496,2024-07-27 19:13:36,INACTIVE,True,True,0,True,True,True,True,0.0,0.0,0.0,0.0
0003KK,1078,2022-08-13 12:35:20,INACTIVE,True,True,0,True,True,True,True,0.0,0.0,0.0,0.0
0005RM,1642,2020-10-05 08:29:43,ACTIVE,2022-01-21,2022-02-21,33873,100.0000000000,0E-10,0E-10,0E-10,-696.58,3566.42,1.75,-887.16
0002R4,353,2025-04-02 15:39:28,ACTIVE,True,True,0,True,True,True,True,0.0,0.0,0.0,0.0
0001VH,82,2025-10-30 15:21:25,INACTIVE,True,True,0,True,True,True,True,0.0,0.0,0.0,0.0
00014G,340,2024-03-24 19:58:18,INACTIVE,True,True,0,True,True,True,True,0.0,0.0,0.0,0.0
0006XT,1220,2019-08-24 09:24:18,INACTIVE,True,True,0,True,True,True,True,0.0,0.0,0.0,0.0
0000Q5,321,2025-05-28 07:14:22,INACTIVE,True,True,0,True,True,True,True,0.0,0.0,0.0,0.0
0006R8,1256,2021-01-12 04:37:20,INACTIVE,True,True,0,True,True,True,True,0.0,0.0,0.0,0.0
0001OX,2442,2017-09-25 11:10:51,INACTIVE,2018-08-06,2018-08-06,286740,True,True,True,True,23755.3,146057.58,0.0,26451.17
0004RC,1616,2018-09-17 13:59:17,INACTIVE,True,True,0,True,True,True,True,0.0,0.0,0.0,0.0
0004VM,58,2025-09-26 00:00:00,ACTIVE,2025-09-26,2025-10-27,11067,16445.0700000000,16390.2000000000,0E-10,0E-10,-18494.39,-3307.65,401.87,-14786.84
0003L4,483,2022-09-24 12:17:36,ACTIVE,2022-09-27,2024-09-12,1639259,1128070.0000000000,727054.1600000000,950.0000000000,0E-10,-94943.71,792018.37,1494.84,-184097.12
0004WI,498,2024-03-09 15:42:26,INACTIVE,True,True,0,True,True,True,True,0.0,0.0,0.0,0.0
0007HG,2521,2020-02-01 12:24:09,INACTIVE,True,True,0,True,True,True,True,0.0,0.0,0.0,0.0
000144,1957,2019-11-12 19:57:20,INACTIVE,True,True,0,True,True,True,True,0.0,0.0,0.0,0.0
0006DX,206,2025-08-08 17:57:25,INACTIVE,True,True,0,True,True,True,True,0.0,0.0,0.0,0.0
00055N,2198,2020-07-30 07:35:52,INACTIVE,True,True,0,True,True,True,True,0.0,0.0,0.0,0.0
000156,244,2025-02-25 14:10:45,INACTIVE,True,True,0,True,True,True,True,0.0,0.0,0.0,0.0
0004K8,2888,2019-12-31 13:54:25,INACTIVE,True,True,0,True,True,True,True,0.0,0.0,0.0,0.0
00002C,371,2025-05-01 15:59:55,INACTIVE,True,True,0,True,True,True,True,0.0,0.0,0.0,0.0
0003D5,24,2025-12-07 11:12:04,INACTIVE,True,True,0,True,True,True,True,0.0,0.0,0.0,0.0
0001S0,378,2025-02-26 09:00:12,INACTIVE,True,True,0,True,True,True,True,0.0,0.0,0.0,0.0
0001UZ,828,2024-01-14 00:33:17,INACTIVE,True,True,0,True,True,True,True,0.0,0.0,0.0,0.0
0004D4,82,2025-11-06 18:33:40,INACTIVE,True,True,0,True,True,True,True,0.0,0.0,0.0,0.0
00006Q,889,2021-06-16 12:49:59,INACTIVE,True,True,0,True,True,True,True,0.0,0.0,0.0,0.0
00018Y,660,2022-08-15 14:01:03,INACTIVE,True,True,0,True,True,True,True,0.0,0.0,0.0,0.0
0005Q7,965,2022-09-19 07:57:56,INACTIVE,True,True,0,True,True,True,True,0.0,0.0,0.0,0.0
0000UJ,461,2023-11-11 07:38:42,INACTIVE,2023-11-12,2023-11-12,6136,True,True,True,True,-6132.83,-4429.34,0.0,-8238.81
0005VX,21,2025-12-22 15:14:38,INACTIVE,True,True,0,True,True,True,True,0.0,0.0,0.0,0.0
0004AS,1816,2022-05-25 08:55:30,INACTIVE,2022-06-02,2022-06-02,170226,True,True,True,True,49156.33,115357.55,0.0,44751.26
00008S,136,2025-08-09 15:35:31,INACTIVE,True,True,0,True,True,True,True,0.0,0.0,0.0,0.0
0006YD,937,2023-03-02 08:59:13,INACTIVE,True,True,0,True,True,True,True,0.0,0.0,0.0,0.0
0001FC,1119,2022-01-18 11:40:04,INACTIVE,True,True,0,True,True,True,True,0.0,0.0,0.0,0.0
0006A0,429,2021-09-23 17:55:46,ACTIVE,2021-09-24,2024-10-07,37531,5100.0000000000,5100.0000000000,0E-10,0E-10,5204.06,6283.19,2.79,6123.43
00052U,70,2025-11-22 17:53:13,INACTIVE,True,True,0,True,True,True,True,0.0,0.0,0.0,0.0
000687,3309,2019-02-14 11:06:13,EXITED,2019-03-27,2019-03-27,166599,True,True,True,True,269083.54,566224.23,0.0,447007.89
0000AO,1184,2022-07-10 23:31:11,INACTIVE,True,True,0,True,True,True,True,0.0,0.0,0.0,0.0
0006SO,2188,2019-05-12 07:38:25,INACTIVE,True,True,0,True,True,True,True,0.0,0.0,0.0,0.0
00037Y,614,2023-08-15 09:07:13,INACTIVE,True,True,0,True,True,True,True,0.0,0.0,0.0,0.0
0003JT,305,2025-06-21 00:00:00,ACTIVE,2025-06-21,2025-06-22,0,10000.0000000000,9932.2500000000,0E-10,0E-10,0.0,0.0,140.06,169.29
00079M,124,2025-08-15 12:04:31,INACTIVE,True,True,0,True,True,True,True,0.0,0.0,0.0,0.0
0002CJ,501,2024-05-31 11:30:15,INACTIVE,True,True,0,True,True,True,True,0.0,0.0,0.0,0.0
0003P4,321,2025-02-04 20:42:54,INACTIVE,True,True,0,True,True,True,True,0.0,0.0,0.0,0.0
0004X4,14,2025-02-26 20:51:06,ACTIVE,2025-11-07,2025-12-22,11738,17300.0000000000,17185.3300000000,0E-10,0E-10,-15486.93,-6221.99,301.04,-5958.48
0007EI,1103,2022-05-25 15:07:49,INACTIVE,True,True,0,True,True,True,True,0.0,0.0,0.0,0.0
0006IH,751,2024-08-08 13:31:34,INACTIVE,True,True,0,True,True,True,True,0.0,0.0,0.0,0.0
0007FW,593,2023-03-20 01:49:40,INACTIVE,True,True,0,True,True,True,True,0.0,0.0,0.0,0.0
0003WO,1842,2019-03-25 07:09:29,INACTIVE,True,True,0,True,True,True,True,0.0,0.0,0.0,0.0
00075C,731,2023-04-03 18:46:21,INACTIVE,True,True,0,True,True,True,True,0.0,0.0,0.0,0.0
00023P,713,2023-05-21 00:00:00,EXITED,2023-05-21,2023-05-21,62765,True,True,True,True,-123825.3,-32006.05,0.0,-110390.69
0007JC,205,2025-02-13 11:14:54,ACTIVE,2025-05-24,2025-08-27,141785,469300.0000000000,467002.4700000000,2000.0000000000,0E-10,-139716.19,-45129.62,2460.18,-306146.84
0006XB,1810,2021-12-09 05:00:32,INACTIVE,True,True,0,True,True,True,True,0.0,0.0,0.0,0.0
0007GN,466,2025-02-21 09:59:07,INACTIVE,True,True,0,True,True,True,True,0.0,0.0,0.0,0.0
00034P,24,2025-12-28 10:19:23,INACTIVE,True,True,0,True,True,True,True,0.0,0.0,0.0,0.0
000672,579,2024-08-18 23:31:46,INACTIVE,True,True,0,True,True,True,True,0.0,0.0,0.0,0.0
0007MM,719,2024-03-08 00:05:23,INACTIVE,True,True,0,True,True,True,True,0.0,0.0,0.0,0.0
00009O,1358,2022-05-10 07:12:30,INACTIVE,True,True,0,True,True,True,True,0.0,0.0,0.0,0.0
0004P8,2423,2020-06-18 19:26:16,INACTIVE,True,True,0,True,True,True,True,0.0,0.0,0.0,0.0
0003GX,293,2025-05-16 14:47:02,INACTIVE,True,True,0,True,True,True,True,0.0,0.0,0.0,0.0
0006VX,2639,2019-06-21 21:23:27,INACTIVE,True,True,0,True,True,True,True,0.0,0.0,0.0,0.0
0006X4,1056,2022-12-29 10:28:04,INACTIVE,True,True,0,True,True,True,True,0.0,0.0,0.0,0.0
000388,186,2025-08-10 14:41:10,INACTIVE,True,True,0,True,True,True,True,0.0,0.0,0.0,0.0
00009W,741,2022-12-14 09:26:03,INACTIVE,True,True,0,True,True,True,True,0.0,0.0,0.0,0.0
00057T,2703,2019-01-01 18:40:13,INACTIVE,True,True,0,True,True,True,True,0.0,0.0,0.0,0.0
0003SC,52,2019-11-29 00:00:00,ACTIVE,2019-11-29,2025-11-25,25395060,8194312.8700000000,8191621.1200000000,0E-10,0E-10,15344533.51,16450455.47,2502.5,9059081.47
000740,1499,2022-01-27 13:10:41,INACTIVE,True,True,0,True,True,True,True,0.0,0.0,0.0,0.0
00061F,397,2024-12-18 19:42:41,INACTIVE,True,True,0,True,True,True,True,0.0,0.0,0.0,0.0
0002ZH,1300,2023-03-12 14:21:39,INACTIVE,True,True,0,True,True,True,True,0.0,0.0,0.0,0.0
0000LL,1680,2022-05-20 10:50:44,INACTIVE,True,True,0,True,True,True,True,0.0,0.0,0.0,0.0
0004L7,489,2024-06-05 16:59:03,INACTIVE,True,True,0,True,True,True,True,0.0,0.0,0.0,0.0
0000HU,759,2023-08-07 13:50:10,INACTIVE,True,True,0,True,True,True,True,0.0,0.0,0.0,0.0
0000OY,1,2023-02-14 12:34:06,ACTIVE,2023-02-24,2026-01-13,0,3986926.8800000000,3868400.0500000000,131350.0000000000,1300000.0000000000,0.0,0.0,2211.41,5228.42
00074Z,74,2025-09-17 02:35:19,INACTIVE,True,True,0,True,True,True,True,0.0,0.0,0.0,0.0
00024C,266,2024-12-19 16:32:13,ACTIVE,2025-01-22,2025-01-31,302415,312100.0000000000,312050.0000000000,0E-10,0E-10,40053.5,24712.32,3409.66,26314.0
0000CL,2705,2020-03-10 10:09:12,INACTIVE,True,True,0,True,True,True,True,0.0,0.0,0.0,0.0
0004TN,361,2025-04-12 21:58:01,INACTIVE,True,True,0,True,True,True,True,0.0,0.0,0.0,0.0
0003ZD,901,2022-09-29 21:52:43,INACTIVE,True,True,0,True,True,True,True,0.0,0.0,0.0,0.0
0000NC,1375,2023-04-17 00:51:06,INACTIVE,True,True,0,True,True,True,True,0.0,0.0,0.0,0.0
0006DE,763,2023-08-28 10:24:37,INACTIVE,True,True,0,True,True,True,True,0.0,0.0,0.0,0.0
0004W1,219,2025-07-30 22:25:26,INACTIVE,True,True,0,True,True,True,True,0.0,0.0,0.0,0.0
00054Y,795,2023-10-16 08:34:35,INACTIVE,True,True,0,True,True,True,True,0.0,0.0,0.0,0.0
0004QP,236,2025-07-04 08:26:23,INACTIVE,True,True,0,True,True,True,True,0.0,0.0,0.0,0.0
0002PR,131,2022-12-06 06:12:59,ACTIVE,2025-08-15,2025-08-15,0,100.0000000000,0E-10,0E-10,0E-10,0.0,0.0,2.61,1.34
0005LR,1,2026-01-12 05:05:00,ACTIVE,2026-01-14,2026-01-14,0,9000.0000000000,7603.7500000000,0E-10,0E-10,-3742.09,-9139.76,156.41,-9749.81
0001YU,1986,2018-10-30 22:18:07,INACTIVE,True,True,0,True,True,True,True,0.0,0.0,0.0,0.0
0005D4,628,2024-08-08 18:57:52,INACTIVE,True,True,0,True,True,True,True,0.0,0.0,0.0,0.0
0000VC,1768,2022-08-17 06:18:49,INACTIVE,True,True,0,True,True,True,True,0.0,0.0,0.0,0.0
0004QS,126,2025-09-25 16:22:36,INACTIVE,True,True,0,True,True,True,True,0.0,0.0,0.0,0.0
0000QL,264,2024-05-09 08:36:51,ACTIVE,2025-06-21,2025-06-21,0,833.3300000000,724.0800000000,100.0000000000,333.3300000000,0.0,0.0,33.9,37.42
0004ZY,1484,2018-02-19 21:15:47,INACTIVE,True,True,0,True,True,True,True,0.0,0.0,0.0,0.0
0007CU,2068,2021-07-19 20:49:50,INACTIVE,True,True,0,True,True,True,True,0.0,0.0,0.0,0.0
0000TU,1330,2023-04-25 16:07:17,INACTIVE,True,True,0,True,True,True,True,0.0,0.0,0.0,0.0
0000BL,1667,2021-01-14 09:58:26,INACTIVE,True,True,0,True,True,True,True,0.0,0.0,0.0,0.0
00068F,1753,2021-03-18 12:32:20,INACTIVE,True,True,0,True,True,True,True,0.0,0.0,0.0,0.0
0004N7,562,2023-04-03 16:37:30,INACTIVE,True,True,0,True,True,True,True,0.0,0.0,0.0,0.0
00000T,38,2025-11-19 10:22:23,INACTIVE,True,True,0,True,True,True,True,0.0,0.0,0.0,0.0
0003QE,430,2023-12-05 14:24:40,INACTIVE,True,True,0,True,True,True,True,0.0,0.0,0.0,0.0
0001AW,2661,2020-02-15 19:21:40,INACTIVE,True,True,0,True,True,True,True,0.0,0.0,0.0,0.0
0005EE,2149,2021-04-26 10:26:29,ACTIVE,2021-06-07,2021-07-07,33051,12400.0000000000,12369.7800000000,0E-10,0E-10,1348.3,7701.44,233.27,1274.8
0002FU,611,2023-04-17 18:54:48,INACTIVE,True,True,0,True,True,True,True,0.0,0.0,0.0,0.0
0007M7,1865,2022-06-13 12:09:51,INACTIVE,True,True,0,True,True,True,True,0.0,0.0,0.0,0.0
0003WW,2829,2020-04-04 11:46:28,INACTIVE,True,True,0,True,True,True,True,0.0,0.0,0.0,0.0
0000WP,2322,2020-02-19 04:11:01,INACTIVE,True,True,0,True,True,True,True,0.0,0.0,0.0,0.0
0005B7,1322,2023-08-05 14:34:46,INACTIVE,True,True,0,True,True,True,True,0.0,0.0,0.0,0.0
0001HA,1334,2023-05-26 16:05:00,INACTIVE,True,True,0,True,True,True,True,0.0,0.0,0.0,0.0
0004RD,421,2024-06-12 17:19:54,INACTIVE,True,True,0,True,True,True,True,0.0,0.0,0.0,0.0
00000M,3891,2018-09-18 15:12:27,INACTIVE,True,True,0,True,True,True,True,0.0,0.0,0.0,0.0
0000OS,975,2023-03-18 12:45:25,INACTIVE,True,True,0,True,True,True,True,0.0,0.0,0.0,0.0
00025X,695,2023-02-19 23:06:57,INACTIVE,True,True,0,True,True,True,True,0.0,0.0,0.0,0.0
00051J,1622,2019-09-12 05:46:19,INACTIVE,True,True,0,True,True,True,True,0.0,0.0,0.0,0.0
0002FH,1528,2022-07-05 11:56:38,INACTIVE,True,True,0,True,True,True,True,0.0,0.0,0.0,0.0
0003UB,1083,2024-01-18 08:58:56,INACTIVE,True,True,0,True,True,True,True,0.0,0.0,0.0,0.0
0001SS,912,2023-05-26 07:59:15,INACTIVE,True,True,0,True,True,True,True,0.0,0.0,0.0,0.0
000499,1371,2022-07-17 07:10:43,INACTIVE,True,True,0,True,True,True,True,0.0,0.0,0.0,0.0
0005V0,1596,2020-07-30 16:18:39,INACTIVE,True,True,0,True,True,True,True,0.0,0.0,0.0,0.0
0002SW,611,2024-10-18 11:28:31,INACTIVE,True,True,0,True,True,True,True,0.0,0.0,0.0,0.0
00043Q,151,2025-05-14 21:55:37,INACTIVE,True,True,0,True,True,True,True,0.0,0.0,0.0,0.0
0003VT,427,2024-12-16 14:58:52,INACTIVE,True,True,0,True,True,True,True,0.0,0.0,0.0,0.0
0002C9,375,2025-02-04 07:36:40,INACTIVE,True,True,0,True,True,True,True,0.0,0.0,0.0,0.0
00008Y,846,2021-06-01 00:00:00,BLACKLISTED,2021-06-01,2021-06-01,193921,True,True,True,True,-171083.07,-222648.63,0.0,-276405.34
0001CI,785,2024-07-19 11:27:44,INACTIVE,True,True,0,True,True,True,True,0.0,0.0,0.0,0.0
0000J8,1408,2023-06-05 06:19:22,INACTIVE,True,True,0,True,True,True,True,0.0,0.0,0.0,0.0
00051A,690,2021-09-20 14:51:04,INACTIVE,2021-09-22,2024-02-02,1470311,True,True,True,True,-911768.45,113925.18,0.0,-720351.57
0000Q1,1674,2022-04-20 00:23:31,INACTIVE,True,True,0,True,True,True,True,0.0,0.0,0.0,0.0
0007MR,2954,2020-01-17 17:08:01,INACTIVE,True,True,0,True,True,True,True,0.0,0.0,0.0,0.0
0002AY,1537,2019-03-20 19:03:08,INACTIVE,True,True,0,True,True,True,True,0.0,0.0,0.0,0.0
0001N6,928,2021-09-10 08:26:15,INACTIVE,True,True,0,True,True,True,True,0.0,0.0,0.0,0.0
00059Y,1312,2023-01-08 10:03:05,INACTIVE,True,True,0,True,True,True,True,0.0,0.0,0.0,0.0
0000W8,150,2025-08-26 05:11:00,INACTIVE,True,True,0,True,True,True,True,0.0,0.0,0.0,0.0
0002TN,934,2023-11-14 17:14:30,INACTIVE,2023-11-15,2023-11-15,7220,True,True,True,True,-594.54,-463.85,0.0,-1476.17
00077A,2289,2020-03-12 10:41:26,INACTIVE,True,True,0,True,True,True,True,0.0,0.0,0.0,0.0
000410,6,2026-01-10 09:46:09,INACTIVE,True,True,0,True,True,True,True,0.0,0.0,0.0,0.0
0002SG,245,2025-01-06 20:23:00,INACTIVE,True,True,0,True,True,True,True,0.0,0.0,0.0,0.0
0007O4,1353,2020-11-11 10:59:48,INACTIVE,True,True,0,True,True,True,True,0.0,0.0,0.0,0.0
0001DX,2036,2018-06-24 18:24:41,INACTIVE,True,True,0,True,True,True,True,0.0,0.0,0.0,0.0
00051D,576,2024-04-27 11:50:42,INACTIVE,True,True,0,True,True,True,True,0.0,0.0,0.0,0.0
0002YF,2054,2021-07-29 10:02:33,INACTIVE,True,True,0,True,True,True,True,0.0,0.0,0.0,0.0
0000T5,1451,2023-01-21 10:42:20,INACTIVE,True,True,0,True,True,True,True,0.0,0.0,0.0,0.0
0001CU,2108,2019-08-21 15:18:08,INACTIVE,True,True,0,True,True,True,True,0.0,0.0,0.0,0.0
0000UO,366,2025-02-17 18:18:12,INACTIVE,True,True,0,True,True,True,True,0.0,0.0,0.0,0.0
0006F6,1148,2022-01-28 11:51:34,ACTIVE,2022-02-01,2022-02-01,0,200.0000000000,200.0000000000,0E-10,0E-10,0.0,0.0,3.87,2.6
0003CY,2272,2019-09-01 11:26:48,INACTIVE,True,True,0,True,True,True,True,0.0,0.0,0.0,0.0
00068B,2305,2021-08-29 00:00:00,ACTIVE,2021-08-29,2021-08-29,0,100.0000000000,0E-10,0E-10,0E-10,0.0,0.0,2.61,1.56
0006QV,437,2024-06-19 11:04:26,ACTIVE,2024-06-25,2024-06-26,0,2000.0000000000,2000.0000000000,0E-10,0E-10,0.0,0.0,49.83,49.89
0000JV,4,2026-01-12 14:19:54,INACTIVE,True,True,0,True,True,True,True,0.0,0.0,0.0,0.0
000098,1931,2016-04-14 10:20:08,INACTIVE,2016-04-15,2016-04-15,144839,True,True,True,True,-173443.57,-111903.98,0.0,-87421.67
00055W,248,2018-10-31 17:41:07,ACTIVE,2025-03-28,2025-03-28,52200,50000.0000000000,59937.5000000000,0E-10,0E-10,-56026.48,-31440.3,1525.91,-54271.77
000022,765,2024-03-26 07:48:45,INACTIVE,True,True,0,True,True,True,True,0.0,0.0,0.0,0.0
00034X,3199,2019-03-06 10:09:53,INACTIVE,True,True,0,True,True,True,True,0.0,0.0,0.0,0.0
0003QY,826,2023-12-21 15:17:58,INACTIVE,True,True,0,True,True,True,True,0.0,0.0,0.0,0.0
00063C,3379,2019-04-14 21:36:46,INACTIVE,True,True,0,True,True,True,True,0.0,0.0,0.0,0.0
00049I,1959,2021-12-24 13:15:37,INACTIVE,True,True,0,True,True,True,True,0.0,0.0,0.0,0.0
00068J,94,2019-03-08 08:05:17,ACTIVE,2025-08-10,2025-10-23,45500,111410.0000000000,110249.9700000000,950.0000000000,0E-10,-4614.48,17509.88,1234.81,-1935.17
0003A1,1181,2022-03-24 22:24:10,INACTIVE,True,True,0,True,True,True,True,0.0,0.0,0.0,0.0
0004Z4,111,2025-09-09 05:43:05,INACTIVE,True,True,0,True,True,True,True,0.0,0.0,0.0,0.0
00011I,3021,2018-08-16 17:10:59,INACTIVE,True,True,0,True,True,True,True,0.0,0.0,0.0,0.0
0003QP,53,2025-11-29 19:56:15,ACTIVE,2025-11-30,2025-11-30,0,2000.0000000000,1000.0000000000,1000.0000000000,0E-10,0.0,0.0,101.93,162.54
0001EK,158,2025-07-22 15:51:48,INACTIVE,True,True,0,True,True,True,True,0.0,0.0,0.0,0.0
0002MY,1345,2021-12-08 12:28:01,INACTIVE,True,True,0,True,True,True,True,0.0,0.0,0.0,0.0
0003Y3,1530,2019-11-08 12:38:30,INACTIVE,True,True,0,True,True,True,True,0.0,0.0,0.0,0.0
0006CR,11,2025-10-14 00:00:00,ACTIVE,2025-10-14,2025-12-25,11652,18700.0000000000,17990.2800000000,600.0000000000,0E-10,-12171.51,-7350.31,172.07,-6916.69
0003TH,915,2022-06-18 08:07:02,EXITED,2023-06-08,2023-06-08,188647,True,True,True,True,-428045.44,-255170.47,0.0,-169583.47
00016Q,1746,2022-06-13 18:57:32,INACTIVE,True,True,0,True,True,True,True,0.0,0.0,0.0,0.0
0002O8,3136,2019-04-06 01:50:40,INACTIVE,True,True,0,True,True,True,True,0.0,0.0,0.0,0.0
000535,802,2024-07-27 20:25:24,INACTIVE,True,True,0,True,True,True,True,0.0,0.0,0.0,0.0
0007JI,98,2025-03-06 00:00:00,ACTIVE,2025-03-06,2025-10-23,22569,30100.0000000000,29928.3900000000,0E-10,0E-10,-8615.09,4907.7,59.95,-4986.53
0005HW,1753,2019-07-02 15:51:57,INACTIVE,True,True,0,True,True,True,True,0.0,0.0,0.0,0.0
0006UG,2371,2020-07-11 11:24:17,INACTIVE,True,True,0,True,True,True,True,0.0,0.0,0.0,0.0
0006NL,155,2025-09-20 07:58:40,INACTIVE,True,True,0,True,True,True,True,0.0,0.0,0.0,0.0
00016E,165,2025-08-23 05:22:51,INACTIVE,True,True,0,True,True,True,True,0.0,0.0,0.0,0.0
0000V8,462,2024-10-01 08:58:11,INACTIVE,True,True,0,True,True,True,True,0.0,0.0,0.0,0.0
0004T7,73,2025-11-11 07:56:35,INACTIVE,True,True,0,True,True,True,True,0.0,0.0,0.0,0.0
0006UE,516,2023-05-09 03:50:12,INACTIVE,True,True,0,True,True,True,True,0.0,0.0,0.0,0.0
000178,303,2024-11-11 00:00:00,ACTIVE,2024-11-11,2024-12-15,20459,42150.0000000000,42007.5000000000,0E-10,0E-10,-1122.67,4242.4,527.67,-2153.08
0000IC,816,2022-08-24 11:11:10,INACTIVE,True,True,0,True,True,True,True,0.0,0.0,0.0,0.0
0003JC,1227,2022-05-13 03:31:29,INACTIVE,True,True,0,True,True,True,True,0.0,0.0,0.0,0.0
0007LV,1853,2019-05-11 08:06:53,INACTIVE,2022-05-26,2022-05-26,421595,True,True,True,True,-45375.35,1032.39,0.0,-75042.04
0004YF,712,2023-03-17 02:47:16,INACTIVE,True,True,0,True,True,True,True,0.0,0.0,0.0,0.0
0002OQ,90,2024-09-17 13:58:34,ACTIVE,2025-07-30,2025-08-10,0,200.0000000000,0E-10,200.0000000000,0E-10,0.0,0.0,18.22,34.15
0000AC,1176,2023-07-09 15:19:43,INACTIVE,True,True,0,True,True,True,True,0.0,0.0,0.0,0.0
00008M,3848,2018-05-04 05:17:00,INACTIVE,True,True,0,True,True,True,True,0.0,0.0,0.0,0.0
0005V6,2432,2019-08-02 20:41:43,INACTIVE,True,True,0,True,True,True,True,0.0,0.0,0.0,0.0
000543,1092,2022-08-18 00:00:00,ACTIVE,2022-08-18,2022-08-18,0,150.0000000000,0E-10,0E-10,0E-10,0.0,0.0,3.84,3.56
0002JX,2410,2018-12-13 14:20:41,INACTIVE,True,True,0,True,True,True,True,0.0,0.0,0.0,0.0
0000XT,869,2023-12-27 13:39:01,INACTIVE,True,True,0,True,True,True,True,0.0,0.0,0.0,0.0
0000RW,1439,2023-01-30 16:46:42,INACTIVE,True,True,0,True,True,True,True,0.0,0.0,0.0,0.0
0004FD,595,2023-09-05 14:24:37,INACTIVE,True,True,0,True,True,True,True,0.0,0.0,0.0,0.0
0003W2,2211,2021-09-21 09:34:58,INACTIVE,True,True,0,True,True,True,True,0.0,0.0,0.0,0.0
0005HS,2339,2020-07-04 08:24:11,INACTIVE,True,True,0,True,True,True,True,0.0,0.0,0.0,0.0
0002YY,853,2024-02-26 09:21:40,INACTIVE,True,True,0,True,True,True,True,0.0,0.0,0.0,0.0
0004Q5,1470,2019-03-09 21:51:12,INACTIVE,True,True,0,True,True,True,True,0.0,0.0,0.0,0.0
0003D4,970,2021-08-05 22:57:59,ACTIVE,2022-08-08,2024-03-02,2789204,644502.0000000000,419442.3400000000,0E-10,0E-10,-801190.36,935596.11,943.46,-465318.83
0006EQ,753,2024-01-14 00:00:00,ACTIVE,2024-01-14,2024-01-14,4807,5000.0000000000,5000.0000000000,0E-10,0E-10,-4888.24,-7674.92,103.83,-7266.53
0002XK,316,2025-01-13 10:22:54,INACTIVE,True,True,0,True,True,True,True,0.0,0.0,0.0,0.0
00076Y,2364,2018-11-02 08:29:39,EXITED,2018-11-03,2018-11-03,69798,True,True,True,True,22530.23,27830.13,0.0,24232.43
0006P6,983,2022-08-25 23:26:46,INACTIVE,True,True,0,True,True,True,True,0.0,0.0,0.0,0.0
0004RF,4,2026-01-09 10:24:33,INACTIVE,True,True,0,True,True,True,True,0.0,0.0,0.0,0.0
0002KC,1140,2020-03-14 07:38:59,INACTIVE,True,True,0,True,True,True,True,0.0,0.0,0.0,0.0
0003AN,237,2019-03-11 21:15:04,ACTIVE,2024-12-29,2025-03-11,379883,848379.5600000000,843405.7200000000,0E-10,0E-10,-84994.11,-71104.67,7264.86,-152008.68
0003PW,1830,2021-01-05 17:35:32,INACTIVE,True,True,0,True,True,True,True,0.0,0.0,0.0,0.0
0006I7,2810,2019-06-13 22:47:14,INACTIVE,True,True,0,True,True,True,True,0.0,0.0,0.0,0.0
0007GI,1627,2022-06-06 10:03:34,INACTIVE,True,True,0,True,True,True,True,0.0,0.0,0.0,0.0
00054T,99,2025-10-17 15:26:11,INACTIVE,True,True,0,True,True,True,True,0.0,0.0,0.0,0.0
0001XC,1016,2021-07-11 07:46:08,INACTIVE,True,True,0,True,True,True,True,0.0,0.0,0.0,0.0
0000E3,2179,2019-08-21 11:47:19,INACTIVE,True,True,0,True,True,True,True,0.0,0.0,0.0,0.0
000360,1037,2023-08-11 17:36:22,INACTIVE,True,True,0,True,True,True,True,0.0,0.0,0.0,0.0
00028N,1023,2023-10-15 05:04:11,INACTIVE,True,True,0,True,True,True,True,0.0,0.0,0.0,0.0
000175,1141,2022-04-02 04:32:34,INACTIVE,True,True,0,True,True,True,True,0.0,0.0,0.0,0.0
00048P,3460,2019-05-30 08:39:43,INACTIVE,True,True,0,True,True,True,True,0.0,0.0,0.0,0.0
0006PR,1658,2022-07-15 15:01:49,INACTIVE,True,True,0,True,True,True,True,0.0,0.0,0.0,0.0
00005F,3285,2019-05-22 18:43:10,INACTIVE,True,True,0,True,True,True,True,0.0,0.0,0.0,0.0
000792,84,2025-11-04 14:00:01,INACTIVE,True,True,0,True,True,True,True,0.0,0.0,0.0,0.0
000793,3814,2014-08-11 00:00:00,INACTIVE,2014-08-12,2014-08-12,279719,True,True,True,True,0.0,0.0,0.0,0.0
0003E7,1433,2023-04-22 23:03:05,INACTIVE,True,True,0,True,True,True,True,0.0,0.0,0.0,0.0
0006U3,3181,2019-10-29 19:35:48,INACTIVE,True,True,0,True,True,True,True,0.0,0.0,0.0,0.0
0003B7,1008,2023-12-18 13:32:37,INACTIVE,True,True,0,True,True,True,True,0.0,0.0,0.0,0.0
0006AV,1397,2023-04-17 08:57:18,INACTIVE,True,True,0,True,True,True,True,0.0,0.0,0.0,0.0
0004O4,448,2025-03-05 08:17:09,INACTIVE,True,True,0,True,True,True,True,0.0,0.0,0.0,0.0
0004MU,1081,2023-05-08 21:22:51,ACTIVE,2023-08-01,2023-09-01,68473,61520.0000000000,61520.0000000000,0E-10,0E-10,-35843.55,-35848.36,1098.91,-47534.27
0000GP,957,2022-04-20 17:43:30,INACTIVE,True,True,0,True,True,True,True,0.0,0.0,0.0,0.0
0004SW,1960,2020-11-15 17:41:22,INACTIVE,True,True,0,True,True,True,True,0.0,0.0,0.0,0.0
0003VL,2202,2020-08-21 14:44:20,INACTIVE,True,True,0,True,True,True,True,0.0,0.0,0.0,0.0
00002U,2009,2021-09-20 17:14:56,INACTIVE,True,True,0,True,True,True,True,0.0,0.0,0.0,0.0
0003P2,2366,2019-07-13 13:23:13,INACTIVE,True,True,0,True,True,True,True,0.0,0.0,0.0,0.0
00047U,1000,2023-05-04 00:00:00,ACTIVE,2023-05-04,2023-05-04,0,55488.0000000000,55438.0000000000,0E-10,0E-10,0.0,0.0,1592.88,1465.16
00061S,144,2025-10-11 12:25:38,INACTIVE,True,True,0,True,True,True,True,0.0,0.0,0.0,0.0
000267,369,2024-12-24 23:55:34,INACTIVE,True,True,0,True,True,True,True,0.0,0.0,0.0,0.0
0007C2,146,2025-05-29 14:31:42,INACTIVE,True,True,0,True,True,True,True,0.0,0.0,0.0,0.0
00028D,2001,2021-07-06 19:15:18,INACTIVE,True,True,0,True,True,True,True,0.0,0.0,0.0,0.0
0004HX,1999,2019-09-11 22:39:53,INACTIVE,True,True,0,True,True,True,True,0.0,0.0,0.0,0.0
0006FP,1824,2019-05-15 10:05:33,INACTIVE,True,True,0,True,True,True,True,0.0,0.0,0.0,0.0
0003X9,683,2024-05-20 09:18:03,INACTIVE,True,True,0,True,True,True,True,0.0,0.0,0.0,0.0
0002VC,1126,2023-12-03 20:37:58,INACTIVE,True,True,0,True,True,True,True,0.0,0.0,0.0,0.0
0005NF,1830,2019-11-16 19:17:53,INACTIVE,True,True,0,True,True,True,True,0.0,0.0,0.0,0.0
0006K2,130,2025-08-19 20:34:23,INACTIVE,True,True,0,True,True,True,True,0.0,0.0,0.0,0.0
0005HF,931,2023-05-27 12:00:45,INACTIVE,True,True,0,True,True,True,True,0.0,0.0,0.0,0.0
0005I7,2269,2020-10-23 08:47:55,INACTIVE,True,True,0,True,True,True,True,0.0,0.0,0.0,0.0
0003MV,1228,2022-04-15 14:32:19,INACTIVE,True,True,0,True,True,True,True,0.0,0.0,0.0,0.0
000551,117,2016-03-30 00:00:00,ACTIVE,2016-03-30,2025-09-10,40163339,15076106.3100000000,15075321.5600000000,0E-10,0E-10,-2986832.3,2111344.89,2813.83,-4911359.27
0005NS,61,2025-11-22 00:00:00,ACTIVE,2025-11-22,2025-11-25,0,2000.0000000000,960.7500000000,1000.0000000000,0E-10,0.0,0.0,182.56,191.86
0004NR,1839,2022-08-26 08:48:42,INACTIVE,True,True,0,True,True,True,True,0.0,0.0,0.0,0.0
0006TN,512,2024-04-28 15:09:09,INACTIVE,True,True,0,True,True,True,True,0.0,0.0,0.0,0.0
000057,240,2025-06-08 23:04:00,INACTIVE,True,True,0,True,True,True,True,0.0,0.0,0.0,0.0
0002XW,1344,2023-03-14 12:51:30,INACTIVE,True,True,0,True,True,True,True,0.0,0.0,0.0,0.0
0004YP,387,2024-07-21 15:37:14,INACTIVE,True,True,0,True,True,True,True,0.0,0.0,0.0,0.0
0006DY,3223,2019-05-07 08:01:42,INACTIVE,True,True,0,True,True,True,True,0.0,0.0,0.0,0.0
0002S3,19,2018-05-16 14:08:23,ACTIVE,2019-03-19,2025-12-24,8362335,2594330.9900000000,2592945.8900000000,0E-10,0E-10,-523207.18,4341559.5,522.96,-581501.35
0004JC,1130,2020-12-22 19:24:56,INACTIVE,True,True,0,True,True,True,True,0.0,0.0,0.0,0.0
00039Y,1156,2020-01-04 16:13:53,INACTIVE,True,True,0,True,True,True,True,0.0,0.0,0.0,0.0
0005JI,259,2024-09-17 11:12:19,INACTIVE,True,True,0,True,True,True,True,0.0,0.0,0.0,0.0
0005S8,2800,2020-02-18 09:05:56,INACTIVE,True,True,0,True,True,True,True,0.0,0.0,0.0,0.0
0001LH,612,2024-08-12 17:13:55,INACTIVE,True,True,0,True,True,True,True,0.0,0.0,0.0,0.0
0001SX,1032,2023-11-09 08:14:03,INACTIVE,True,True,0,True,True,True,True,0.0,0.0,0.0,0.0
000001,3273,2018-11-15 13:21:23,INACTIVE,2018-11-21,2018-11-21,448564,True,True,True,True,644312.38,483353.27,0.0,574861.5
0003NO,1450,2018-11-08 11:09:48,INACTIVE,2021-02-24,2021-07-14,10197247,True,True,True,True,-1846664.38,1314635.42,0.0,-1474559.72
0001WU,120,2025-10-23 22:17:32,INACTIVE,True,True,0,True,True,True,True,0.0,0.0,0.0,0.0
0006ZS,3369,2019-05-07 10:02:04,INACTIVE,True,True,0,True,True,True,True,0.0,0.0,0.0,0.0
0000S8,205,2025-05-18 19:19:47,INACTIVE,True,True,0,True,True,True,True,0.0,0.0,0.0,0.0
0004V9,2891,2019-10-28 23:13:23,INACTIVE,True,True,0,True,True,True,True,0.0,0.0,0.0,0.0
0006BV,428,2025-02-25 20:26:42,INACTIVE,True,True,0,True,True,True,True,0.0,0.0,0.0,0.0
0005XH,2475,2019-03-09 07:21:10,INACTIVE,True,True,0,True,True,True,True,0.0,0.0,0.0,0.0
0005YB,1674,2018-08-07 12:57:19,INACTIVE,2018-08-27,2018-08-27,111365,True,True,True,True,37156.66,84290.97,0.0,48506.1
0001FL,992,2022-10-14 12:24:19,INACTIVE,True,True,0,True,True,True,True,0.0,0.0,0.0,0.0
0003UZ,3366,2019-11-07 22:48:19,INACTIVE,True,True,0,True,True,True,True,0.0,0.0,0.0,0.0
0006K6,1115,2023-07-13 14:08:46,INACTIVE,True,True,0,True,True,True,True,0.0,0.0,0.0,0.0
0004CG,2799,2020-01-11 21:04:07,INACTIVE,True,True,0,True,True,True,True,0.0,0.0,0.0,0.0
00037Q,1939,2022-04-13 07:32:32,INACTIVE,True,True,0,True,True,True,True,0.0,0.0,0.0,0.0
00064B,1225,2021-04-08 06:07:47,INACTIVE,True,True,0,True,True,True,True,0.0,0.0,0.0,0.0
0007IV,605,2024-11-29 15:21:54,INACTIVE,True,True,0,True,True,True,True,0.0,0.0,0.0,0.0
0007PR,289,2025-04-06 00:00:38,INACTIVE,True,True,0,True,True,True,True,0.0,0.0,0.0,0.0
0006WI,1176,2023-06-15 06:51:04,INACTIVE,True,True,0,True,True,True,True,0.0,0.0,0.0,0.0
0006D7,1857,2019-10-29 07:15:28,INACTIVE,True,True,0,True,True,True,True,0.0,0.0,0.0,0.0
000181,379,2024-10-15 11:54:46,INACTIVE,True,True,0,True,True,True,True,0.0,0.0,0.0,0.0
0000Q3,566,2024-03-28 00:00:00,ACTIVE,2024-03-28,2024-03-28,0,100.0000000000,0E-10,100.0000000000,0E-10,0.0,0.0,17.74,11.54
0007H5,2276,2018-09-06 11:07:03,INACTIVE,2018-09-10,2018-09-10,145934,True,True,True,True,20018.35,46401.62,0.0,44692.43
0007AI,1350,2019-06-20 15:40:37,INACTIVE,2019-06-21,2019-06-21,2592186,True,True,True,True,-243565.71,795638.0,0.0,-361119.91
0002M1,1491,2020-12-30 18:24:39,INACTIVE,True,True,0,True,True,True,True,0.0,0.0,0.0,0.0
000458,3465,2017-10-09 14:50:52,INACTIVE,True,True,0,True,True,True,True,0.0,0.0,0.0,0.0
0001XV,383,2025-04-17 09:48:08,INACTIVE,True,True,0,True,True,True,True,0.0,0.0,0.0,0.0
0001QV,57,2019-10-17 20:44:39,ACTIVE,2025-09-04,2025-10-02,0,200.0000000000,0E-10,200.0000000000,0E-10,0.0,0.0,18.58,35.92
00031Q,714,2022-04-04 07:14:58,INACTIVE,True,True,0,True,True,True,True,0.0,0.0,0.0,0.0
0002P3,565,2024-08-16 19:56:55,INACTIVE,True,True,0,True,True,True,True,0.0,0.0,0.0,0.0
0006TL,8,2024-09-16 10:11:12,ACTIVE,2026-01-08,2026-01-08,142332,254000.0000000000,253654.9000000000,0E-10,0E-10,-227392.91,-320779.93,8008.17,-162921.67
000679,1300,2022-10-30 07:32:25,INACTIVE,True,True,0,True,True,True,True,0.0,0.0,0.0,0.0
0006G3,2064,2022-03-16 06:10:53,INACTIVE,True,True,0,True,True,True,True,0.0,0.0,0.0,0.0
00056W,326,2024-10-25 18:37:46,INACTIVE,True,True,0,True,True,True,True,0.0,0.0,0.0,0.0
0002T8,2572,2018-11-12 00:00:00,EXITED,2018-11-12,2018-11-12,560843,True,True,True,True,1101989.27,1221422.54,0.0,985948.81
000390,1419,2023-04-19 07:59:48,INACTIVE,True,True,0,True,True,True,True,0.0,0.0,0.0,0.0
0002QL,36,2025-12-14 07:58:56,INACTIVE,True,True,0,True,True,True,True,0.0,0.0,0.0,0.0
0005E0,820,2023-12-16 00:00:00,ACTIVE,2023-12-16,2023-12-16,5676,5000.0000000000,5000.0000000000,0E-10,0E-10,-7673.95,-6980.02,75.42,-8992.04
0002DD,2267,2021-09-16 19:26:19,INACTIVE,True,True,0,True,True,True,True,0.0,0.0,0.0,0.0
0006EL,112,2024-09-23 23:48:21,ACTIVE,2024-12-01,2025-09-04,0,83046.1500000000,81454.5000000000,13487.0000000000,31556.0700000000,0.0,0.0,566.65,286.5
0003F0,191,2025-01-26 17:15:39,ACTIVE,2025-03-30,2025-03-31,9536,60200.0000000000,60076.3300000000,0E-10,0E-10,-10088.93,-11496.8,1813.25,-9946.97
0003KT,967,2021-10-31 04:36:59,INACTIVE,True,True,0,True,True,True,True,0.0,0.0,0.0,0.0
00046Y,3155,2019-07-04 13:16:55,INACTIVE,True,True,0,True,True,True,True,0.0,0.0,0.0,0.0
000610,845,2024-05-02 10:39:24,INACTIVE,True,True,0,True,True,True,True,0.0,0.0,0.0,0.0
0003SS,1226,2021-06-20 15:54:07,INACTIVE,True,True,0,True,True,True,True,0.0,0.0,0.0,0.0
0006AW,681,2023-09-09 21:25:35,ACTIVE,2023-09-30,2024-02-03,0,40000.0000000000,20500.0000000000,68400.0000000000,0E-10,0.0,0.0,2268.64,1923.27
0001C8,948,2018-08-03 07:32:46,ACTIVE,2018-08-07,2023-08-25,265239,4979.9000000000,0E-10,0E-10,0E-10,28798.62,186898.47,1.36,34383.52
0001TP,2925,2013-07-05 00:00:00,EXITED,2013-07-05,2013-07-05,133636,True,True,True,True,0.0,0.0,0.0,0.0
00020F,116,2025-10-21 21:15:08,INACTIVE,True,True,0,True,True,True,True,0.0,0.0,0.0,0.0
0004ZQ,887,2023-05-26 19:09:24,INACTIVE,True,True,0,True,True,True,True,0.0,0.0,0.0,0.0
0007O0,3452,2019-02-09 10:18:32,INACTIVE,True,True,0,True,True,True,True,0.0,0.0,0.0,0.0
0004J1,1314,2023-03-09 10:41:06,INACTIVE,True,True,0,True,True,True,True,0.0,0.0,0.0,0.0
00033E,1001,2022-08-02 20:08:25,INACTIVE,2022-08-05,2022-08-05,422154,True,True,True,True,-35810.33,89534.26,0.0,-59239.44
0005PB,79,2023-03-22 07:35:07,ACTIVE,2023-03-29,2025-11-11,8466273,16300382.3600000000,15803166.3400000000,3000.0000000000,0E-10,5187643.37,5395319.91,7048.09,6322814.12
0002MW,2109,2021-05-21 21:00:03,INACTIVE,True,True,0,True,True,True,True,0.0,0.0,0.0,0.0
0001CH,203,2025-05-10 18:31:44,INACTIVE,True,True,0,True,True,True,True,0.0,0.0,0.0,0.0
0001J4,1721,2017-07-13 06:49:45,INACTIVE,2019-10-16,2019-10-16,1120017,True,True,True,True,200896.43,724209.91,0.0,179549.7
00032J,1887,2022-02-19 08:17:33,INACTIVE,True,True,0,True,True,True,True,0.0,0.0,0.0,0.0
0007GL,2909,2018-08-03 00:00:00,INACTIVE,2018-08-03,2019-04-12,57907,True,True,True,True,-6524.96,26265.27,0.0,-4520.13
00048L,2903,2019-08-18 17:51:47,INACTIVE,True,True,0,True,True,True,True,0.0,0.0,0.0,0.0
0004RW,914,2022-12-18 13:41:47,INACTIVE,True,True,0,True,True,True,True,0.0,0.0,0.0,0.0
0005C7,1102,2023-07-28 15:15:19,INACTIVE,True,True,0,True,True,True,True,0.0,0.0,0.0,0.0
0003N6,1942,2021-08-30 13:16:04,INACTIVE,True,True,0,True,True,True,True,0.0,0.0,0.0,0.0
0006FF,565,2024-03-08 15:26:35,INACTIVE,True,True,0,True,True,True,True,0.0,0.0,0.0,0.0
0003B2,529,2024-02-28 01:31:43,INACTIVE,True,True,0,True,True,True,True,0.0,0.0,0.0,0.0
000549,1307,2022-03-14 20:42:49,INACTIVE,True,True,0,True,True,True,True,0.0,0.0,0.0,0.0
0006JU,2494,2020-07-12 16:12:19,INACTIVE,True,True,0,True,True,True,True,0.0,0.0,0.0,0.0
00059R,1910,2018-07-02 00:00:00,INACTIVE,2018-07-02,2018-07-02,14098,True,True,True,True,-242.18,890.37,0.0,-243.88
0007BX,705,2024-08-20 08:56:16,INACTIVE,True,True,0,True,True,True,True,0.0,0.0,0.0,0.0
0005EV,2009,2018-10-04 11:30:11,INACTIVE,True,True,0,True,True,True,True,0.0,0.0,0.0,0.0
00055U,3112,2019-09-06 10:48:29,INACTIVE,True,True,0,True,True,True,True,0.0,0.0,0.0,0.0
0004M4,897,2022-04-18 20:51:09,INACTIVE,True,True,0,True,True,True,True,0.0,0.0,0.0,0.0
0003T3,2414,2020-09-15 17:13:00,INACTIVE,True,True,0,True,True,True,True,0.0,0.0,0.0,0.0
0005T8,395,2025-01-08 20:22:06,INACTIVE,True,True,0,True,True,True,True,0.0,0.0,0.0,0.0
000018,731,2024-04-26 06:56:33,INACTIVE,True,True,0,True,True,True,True,0.0,0.0,0.0,0.0
0003QL,479,2025-02-24 16:14:10,INACTIVE,True,True,0,True,True,True,True,0.0,0.0,0.0,0.0
0003HQ,1320,2019-07-03 11:11:43,INACTIVE,True,True,0,True,True,True,True,0.0,0.0,0.0,0.0
0007AO,1014,2021-10-06 10:48:58,INACTIVE,True,True,0,True,True,True,True,0.0,0.0,0.0,0.0
00025F,69,2025-09-17 11:39:31,INACTIVE,True,True,0,True,True,True,True,0.0,0.0,0.0,0.0
0004CM,896,2023-08-20 11:00:55,INACTIVE,True,True,0,True,True,True,True,0.0,0.0,0.0,0.0
0004RP,409,2025-02-28 00:00:00,ACTIVE,2025-02-28,2025-03-07,0,300.0000000000,300.0000000000,0E-10,0E-10,0.0,0.0,7.75,6.55
0004J4,1512,2018-07-31 06:48:00,INACTIVE,True,True,0,True,True,True,True,0.0,0.0,0.0,0.0
00070Q,377,2025-03-26 16:33:54,INACTIVE,True,True,0,True,True,True,True,0.0,0.0,0.0,0.0
0002L7,586,2024-04-27 11:52:02,INACTIVE,True,True,0,True,True,True,True,0.0,0.0,0.0,0.0
00061R,238,2025-08-03 12:09:08,INACTIVE,True,True,0,True,True,True,True,0.0,0.0,0.0,0.0
0007LB,2208,2019-03-12 08:34:45,INACTIVE,True,True,0,True,True,True,True,0.0,0.0,0.0,0.0
00058J,2028,2022-04-20 15:44:20,INACTIVE,True,True,0,True,True,True,True,0.0,0.0,0.0,0.0
0004L8,313,2025-03-25 22:37:18,INACTIVE,True,True,0,True,True,True,True,0.0,0.0,0.0,0.0
0005X9,3482,2019-08-23 14:30:16,INACTIVE,True,True,0,True,True,True,True,0.0,0.0,0.0,0.0
0002IP,1374,2022-09-19 17:14:02,INACTIVE,True,True,0,True,True,True,True,0.0,0.0,0.0,0.0
0002M0,1132,2022-05-19 12:24:51,INACTIVE,True,True,0,True,True,True,True,0.0,0.0,0.0,0.0
00019F,2939,2019-11-08 14:32:34,INACTIVE,2019-11-13,2019-11-13,1492713,True,True,True,True,-380919.97,324618.84,0.0,-379229.16
0000FR,943,2021-12-24 00:00:00,ACTIVE,2021-12-24,2023-06-05,64934,168731.1800000000,168268.9000000000,500.0000000000,4857.3700000000,-47167.91,-67396.88,319.13,-46992.02
000318,277,2025-02-07 20:25:49,INACTIVE,True,True,0,True,True,True,True,0.0,0.0,0.0,0.0
0005W6,54,2025-11-21 13:00:21,INACTIVE,True,True,0,True,True,True,True,0.0,0.0,0.0,0.0
0004CY,3926,2018-03-15 10:02:52,EXITED,2018-03-16,2018-03-16,11172,True,True,True,True,-10198.87,-15906.03,0.0,-11321.03
0003TR,1,2020-10-12 07:41:23,ACTIVE,2023-12-04,2026-01-14,45987,419413.9600000000,435835.2700000000,8360.0000000000,27000.0000000000,-21608.19,13793.16,358.76,-16342.96
0006ED,1464,2020-02-03 06:00:52,INACTIVE,True,True,0,True,True,True,True,0.0,0.0,0.0,0.0
0003PX,1890,2022-03-05 09:32:29,INACTIVE,True,True,0,True,True,True,True,0.0,0.0,0.0,0.0
00067K,1117,2022-10-04 20:08:31,INACTIVE,True,True,0,True,True,True,True,0.0,0.0,0.0,0.0
00035P,642,2023-01-09 00:00:00,EXITED,2023-01-09,2023-01-09,189888,True,True,True,True,-132441.78,-245558.34,0.0,-173668.46
00075K,22,2025-12-12 16:15:32,INACTIVE,True,True,0,True,True,True,True,0.0,0.0,0.0,0.0
0004C7,147,2025-04-30 20:39:22,INACTIVE,True,True,0,True,True,True,True,0.0,0.0,0.0,0.0
0005TN,248,2025-06-18 13:30:56,INACTIVE,True,True,0,True,True,True,True,0.0,0.0,0.0,0.0
00072F,1019,2022-05-11 18:07:56,INACTIVE,True,True,0,True,True,True,True,0.0,0.0,0.0,0.0
00030R,1533,2019-01-02 18:36:37,INACTIVE,True,True,0,True,True,True,True,0.0,0.0,0.0,0.0
0007DY,446,2024-08-18 07:44:37,INACTIVE,True,True,0,True,True,True,True,0.0,0.0,0.0,0.0
0006N7,2979,2020-01-28 04:07:49,INACTIVE,True,True,0,True,True,True,True,0.0,0.0,0.0,0.0
0005FW,2261,2020-07-22 13:17:16,INACTIVE,True,True,0,True,True,True,True,0.0,0.0,0.0,0.0
0006A1,1024,2023-03-14 20:15:16,INACTIVE,True,True,0,True,True,True,True,0.0,0.0,0.0,0.0
0000WN,517,2024-11-22 21:30:29,INACTIVE,True,True,0,True,True,True,True,0.0,0.0,0.0,0.0
00079D,118,2025-06-24 00:00:00,ACTIVE,2025-06-24,2025-06-24,5466,7600.0000000000,7508.5800000000,0E-10,0E-10,-12380.11,-8369.31,154.04,-10771.52
0001G3,693,2024-09-01 01:00:59,INACTIVE,True,True,0,True,True,True,True,0.0,0.0,0.0,0.0
0006V3,1703,2019-02-28 07:55:11,INACTIVE,True,True,0,True,True,True,True,0.0,0.0,0.0,0.0
0001N8,314,2024-05-22 17:01:09,INACTIVE,True,True,0,True,True,True,True,0.0,0.0,0.0,0.0
0003G9,722,2023-10-01 11:39:27,INACTIVE,True,True,0,True,True,True,True,0.0,0.0,0.0,0.0
0005PM,17,2025-09-11 00:00:00,ACTIVE,2025-09-11,2025-12-16,0,512620.0000000000,494705.1300000000,17400.0000000000,0E-10,0.0,0.0,5639.81,5630.15
00018I,35,2025-11-24 12:18:46,INACTIVE,True,True,0,True,True,True,True,0.0,0.0,0.0,0.0
0002Z5,2331,2020-11-21 08:56:18,INACTIVE,True,True,0,True,True,True,True,0.0,0.0,0.0,0.0
0004S2,1553,2021-05-04 07:53:29,INACTIVE,True,True,0,True,True,True,True,0.0,0.0,0.0,0.0
0001F4,1537,2017-09-27 12:00:04,INACTIVE,True,True,0,True,True,True,True,0.0,0.0,0.0,0.0
00000Q,616,2024-07-25 12:19:25,INACTIVE,True,True,0,True,True,True,True,0.0,0.0,0.0,0.0
0002CM,987,2023-03-23 08:22:28,ACTIVE,2023-06-01,2023-10-20,15616,9200.0000000000,9162.8400000000,0E-10,0E-10,249.9,4022.84,24.91,372.3
0001XH,1660,2016-04-11 07:27:27,INACTIVE,2016-04-13,2022-10-19,2236452,True,True,True,True,-590840.26,413454.78,0.0,-542740.76
00061L,782,2022-10-08 09:24:19,INACTIVE,True,True,0,True,True,True,True,0.0,0.0,0.0,0.0
00029F,1836,2022-05-03 13:42:44,INACTIVE,True,True,0,True,True,True,True,0.0,0.0,0.0,0.0
0003OY,955,2023-11-17 11:21:45,INACTIVE,True,True,0,True,True,True,True,0.0,0.0,0.0,0.0
0000P2,648,2024-05-16 09:51:09,INACTIVE,True,True,0,True,True,True,True,0.0,0.0,0.0,0.0
00051M,1882,2019-04-12 16:40:52,INACTIVE,True,True,0,True,True,True,True,0.0,0.0,0.0,0.0
00034U,115,2025-09-17 17:36:13,INACTIVE,True,True,0,True,True,True,True,0.0,0.0,0.0,0.0
0005PG,286,2024-12-02 07:42:06,INACTIVE,True,True,0,True,True,True,True,0.0,0.0,0.0,0.0
0003IB,1564,2022-07-11 11:13:50,INACTIVE,True,True,0,True,True,True,True,0.0,0.0,0.0,0.0
0003O8,2219,2020-12-28 16:25:38,INACTIVE,True,True,0,True,True,True,True,0.0,0.0,0.0,0.0
00009A,1523,2020-01-04 13:31:06,INACTIVE,True,True,0,True,True,True,True,0.0,0.0,0.0,0.0
0006L3,2,2026-01-12 14:42:42,INACTIVE,True,True,0,True,True,True,True,0.0,0.0,0.0,0.0
0000QY,1770,2022-08-01 18:57:35,INACTIVE,True,True,0,True,True,True,True,0.0,0.0,0.0,0.0
0006UW,979,2023-02-08 12:04:42,ACTIVE,2023-02-22,2023-04-13,228377,296000.0000000000,294785.0500000000,0E-10,0E-10,60982.94,225739.63,3617.63,107292.68
0001YO,58,2025-11-21 14:18:51,INACTIVE,True,True,0,True,True,True,True,0.0,0.0,0.0,0.0
000716,3956,2018-08-13 04:42:50,INACTIVE,True,True,0,True,True,True,True,0.0,0.0,0.0,0.0
0006OC,1442,2020-06-15 04:54:01,INACTIVE,True,True,0,True,True,True,True,0.0,0.0,0.0,0.0
0005I3,189,2025-07-31 10:01:28,INACTIVE,True,True,0,True,True,True,True,0.0,0.0,0.0,0.0
0006CQ,3656,2018-03-08 15:45:58,INACTIVE,True,True,0,True,True,True,True,0.0,0.0,0.0,0.0
00014F,211,2025-05-02 15:43:58,INACTIVE,True,True,0,True,True,True,True,0.0,0.0,0.0,0.0
0002K7,1004,2022-08-23 07:36:00,INACTIVE,True,True,0,True,True,True,True,0.0,0.0,0.0,0.0
0005N2,2164,2021-10-19 18:46:53,INACTIVE,True,True,0,True,True,True,True,0.0,0.0,0.0,0.0
0006GZ,1468,2019-05-03 13:29:25,INACTIVE,True,True,0,True,True,True,True,0.0,0.0,0.0,0.0
00026D,28,2025-12-04 13:42:14,INACTIVE,True,True,0,True,True,True,True,0.0,0.0,0.0,0.0
0004HG,1175,2022-07-05 11:00:50,INACTIVE,True,True,0,True,True,True,True,0.0,0.0,0.0,0.0
0002U1,1474,2022-12-07 17:54:29,INACTIVE,True,True,0,True,True,True,True,0.0,0.0,0.0,0.0
0007HR,1496,2018-08-07 00:00:00,ACTIVE,2018-08-07,2021-10-01,0,20.8300000000,0E-10,0E-10,0E-10,0.0,0.0,0.01,0.01
0005WT,426,2018-12-01 00:43:06,ACTIVE,2021-04-09,2024-07-11,10189,500.0000000000,0E-10,400.0000000000,0E-10,-564.42,355.94,1.19,-469.81
0002BY,531,2024-06-17 20:39:51,INACTIVE,True,True,0,True,True,True,True,0.0,0.0,0.0,0.0
000518,1181,2022-08-15 18:53:11,INACTIVE,True,True,0,True,True,True,True,0.0,0.0,0.0,0.0
0005UL,2763,2019-11-16 15:44:28,INACTIVE,True,True,0,True,True,True,True,0.0,0.0,0.0,0.0
0001WY,799,2024-06-10 17:00:18,INACTIVE,True,True,0,True,True,True,True,0.0,0.0,0.0,0.0
0006OM,930,2022-12-09 13:39:17,INACTIVE,True,True,0,True,True,True,True,0.0,0.0,0.0,0.0
0000VM,2059,2021-05-17 16:38:23,INACTIVE,True,True,0,True,True,True,True,0.0,0.0,0.0,0.0
00024I,4205,2016-06-14 18:25:35,INACTIVE,2016-06-16,2016-06-16,176038,True,True,True,True,-83798.44,-86113.43,0.0,-105671.39
0001WL,1968,2021-10-15 23:06:20,INACTIVE,True,True,0,True,True,True,True,0.0,0.0,0.0,0.0
00079T,2183,2020-06-25 07:24:27,INACTIVE,True,True,0,True,True,True,True,0.0,0.0,0.0,0.0
0000ZB,315,2022-10-24 00:00:00,ACTIVE,2022-10-24,2024-05-13,130999,16589.8500000000,16589.8100000000,0E-10,0E-10,223172.21,258546.64,19.04,299984.77
000189,129,2025-09-25 09:59:18,INACTIVE,True,True,0,True,True,True,True,0.0,0.0,0.0,0.0
0001FJ,1222,2023-01-12 14:48:53,INACTIVE,True,True,0,True,True,True,True,0.0,0.0,0.0,0.0
000770,1476,2022-05-28 06:05:24,INACTIVE,True,True,0,True,True,True,True,0.0,0.0,0.0,0.0
0003XH,1258,2021-08-19 10:43:09,INACTIVE,True,True,0,True,True,True,True,0.0,0.0,0.0,0.0
0006BD,214,2025-01-22 12:58:22,INACTIVE,True,True,0,True,True,True,True,0.0,0.0,0.0,0.0
0004RX,1471,2020-03-13 16:50:28,INACTIVE,True,True,0,True,True,True,True,0.0,0.0,0.0,0.0
00052D,641,2023-08-04 20:02:22,INACTIVE,True,True,0,True,True,True,True,0.0,0.0,0.0,0.0
0004BX,580,2023-09-07 16:09:57,INACTIVE,True,True,0,True,True,True,True,0.0,0.0,0.0,0.0
00078P,1634,2020-01-12 07:53:35,INACTIVE,True,True,0,True,True,True,True,0.0,0.0,0.0,0.0
0005S2,174,2025-03-15 14:09:35,INACTIVE,True,True,0,True,True,True,True,0.0,0.0,0.0,0.0
0004V5,882,2022-11-25 07:45:22,INACTIVE,True,True,0,True,True,True,True,0.0,0.0,0.0,0.0
000117,1947,2022-06-25 17:27:56,INACTIVE,True,True,0,True,True,True,True,0.0,0.0,0.0,0.0
00024J,1031,2020-02-26 07:47:52,ACTIVE,2023-01-22,2023-04-02,61313,164270.0000000000,165890.2600000000,0E-10,0E-10,18458.21,14350.84,953.23,23227.87
0007HT,1138,2022-05-08 20:58:00,INACTIVE,True,True,0,True,True,True,True,0.0,0.0,0.0,0.0
00010Z,830,2022-03-16 11:05:37,ACTIVE,2022-05-11,2024-03-06,2754579,142100.0000000000,169335.1700000000,8200.0000000000,1100.0000000000,-2108834.82,-2664667.55,170.97,-2371599.8
00030T,2443,2019-02-19 15:29:03,EXITED,2019-02-21,2019-02-21,1047572,True,True,True,True,1948515.06,2112850.29,0.0,3500090.33
0004XD,549,2023-03-15 18:26:10,INACTIVE,True,True,0,True,True,True,True,0.0,0.0,0.0,0.0
0005Y5,87,2020-02-12 15:07:03,ACTIVE,2020-02-13,2025-10-24,10124941,110677.5900000000,110627.5900000000,0E-10,0E-10,1210937.67,1451984.88,37.13,1102168.47
0004K9,614,2023-12-14 23:12:17,INACTIVE,True,True,0,True,True,True,True,0.0,0.0,0.0,0.0
0005VA,2726,2019-01-27 23:35:06,INACTIVE,True,True,0,True,True,True,True,0.0,0.0,0.0,0.0
000399,778,2022-11-16 16:30:07,INACTIVE,True,True,0,True,True,True,True,0.0,0.0,0.0,0.0
00072O,880,2023-07-12 21:05:46,ACTIVE,2023-07-14,2023-08-03,27427,30104.0000000000,30035.9900000000,0E-10,0E-10,-19820.6,-17679.31,738.38,-26719.71
0000K1,792,2022-11-30 18:46:56,INACTIVE,True,True,0,True,True,True,True,0.0,0.0,0.0,0.0
0001JK,6,2026-01-08 12:12:56,INACTIVE,True,True,0,True,True,True,True,0.0,0.0,0.0,0.0
0000CA,1407,2022-10-18 16:42:04,INACTIVE,True,True,0,True,True,True,True,0.0,0.0,0.0,0.0
00033Y,1570,2020-02-18 10:44:23,INACTIVE,True,True,0,True,True,True,True,0.0,0.0,0.0,0.0
0001LU,221,2025-05-19 19:18:05,INACTIVE,True,True,0,True,True,True,True,0.0,0.0,0.0,0.0
000040,434,2023-12-20 23:18:58,INACTIVE,True,True,0,True,True,True,True,0.0,0.0,0.0,0.0
00063B,1204,2023-04-07 20:17:42,INACTIVE,True,True,0,True,True,True,True,0.0,0.0,0.0,0.0
00079R,1598,2021-10-30 09:12:11,INACTIVE,True,True,0,True,True,True,True,0.0,0.0,0.0,0.0
0006OE,361,2025-04-15 09:04:09,INACTIVE,True,True,0,True,True,True,True,0.0,0.0,0.0,0.0
0006ES,473,2024-10-15 09:11:37,INACTIVE,True,True,0,True,True,True,True,0.0,0.0,0.0,0.0
0007HV,1089,2021-04-26 08:13:11,ACTIVE,2024-01-17,2024-01-17,0,200.0000000000,100.0000000000,100.0000000000,100.0000000000,0.0,0.0,16.57,24.1
00060T,956,2022-07-05 13:44:11,INACTIVE,True,True,0,True,True,True,True,0.0,0.0,0.0,0.0
0006TF,207,2025-08-01 13:51:05,INACTIVE,True,True,0,True,True,True,True,0.0,0.0,0.0,0.0
0003L8,1050,2018-09-03 11:14:34,INACTIVE,2018-09-05,2022-12-16,26562137,True,True,True,True,-1295967.0,4448401.63,0.0,-1675065.12
0005GS,639,2022-07-30 10:17:56,ACTIVE,2023-05-22,2024-01-16,80702,125600.0000000000,125100.0000000000,200.0000000000,0E-10,-137824.03,-25421.79,360.18,-136459.51
0001BG,532,2023-10-25 04:45:20,ACTIVE,2024-11-09,2024-11-09,6900,5000.0000000000,5000.0000000000,0E-10,0E-10,-6031.1,-4042.38,96.92,-3977.54
0000M5,146,2025-10-07 09:35:13,INACTIVE,True,True,0,True,True,True,True,0.0,0.0,0.0,0.0
0005Z3,1288,2023-03-26 13:26:31,INACTIVE,True,True,0,True,True,True,True,0.0,0.0,0.0,0.0
0002BX,941,2022-12-08 15:56:56,INACTIVE,True,True,0,True,True,True,True,0.0,0.0,0.0,0.0
0006PW,1647,2021-07-29 17:07:11,INACTIVE,True,True,0,True,True,True,True,0.0,0.0,0.0,0.0
0005OS,981,2022-04-18 08:15:27,INACTIVE,True,True,0,True,True,True,True,0.0,0.0,0.0,0.0
0005GC,2667,2019-07-10 20:39:04,INACTIVE,True,True,0,True,True,True,True,0.0,0.0,0.0,0.0
0005QW,1043,2022-11-16 17:06:43,INACTIVE,True,True,0,True,True,True,True,0.0,0.0,0.0,0.0
0000ND,679,2022-11-23 12:03:10,ACTIVE,2023-05-18,2023-06-27,6143,1200.0000000000,1000.0000000000,200.0000000000,0E-10,-10276.96,-9517.38,45.62,-10524.99
000671,637,2022-09-10 15:10:44,INACTIVE,True,True,0,True,True,True,True,0.0,0.0,0.0,0.0
0002QI,492,2025-02-04 14:36:33,INACTIVE,True,True,0,True,True,True,True,0.0,0.0,0.0,0.0
0004IR,463,2023-11-07 08:16:42,INACTIVE,True,True,0,True,True,True,True,0.0,0.0,0.0,0.0
0000SQ,350,2024-11-19 10:49:53,INACTIVE,True,True,0,True,True,True,True,0.0,0.0,0.0,0.0
0003T8,1275,2020-12-26 17:29:09,INACTIVE,True,True,0,True,True,True,True,0.0,0.0,0.0,0.0
00063V,1626,2021-07-24 09:10:45,INACTIVE,True,True,0,True,True,True,True,0.0,0.0,0.0,0.0
00053D,602,2023-04-19 00:00:00,ACTIVE,2023-04-19,2023-09-02,67151,27000.0000000000,8952.1100000000,0E-10,0E-10,16291.22,29545.39,79.04,12815.2
0003ON,3266,2018-10-22 11:30:24,INACTIVE,True,True,0,True,True,True,True,0.0,0.0,0.0,0.0
0002LZ,176,2025-05-17 07:56:56,INACTIVE,True,True,0,True,True,True,True,0.0,0.0,0.0,0.0
0002YU,1092,2021-09-05 00:00:00,ACTIVE,2021-09-05,2021-09-05,0,100.0000000000,0E-10,0E-10,0E-10,0.0,0.0,3.02,3.03
0006UL,961,2022-05-16 12:23:30,INACTIVE,True,True,0,True,True,True,True,0.0,0.0,0.0,0.0
0005ZB,687,2023-04-02 00:00:00,ACTIVE,2023-04-02,2023-09-06,28399,36361.0000000000,18554.6700000000,0E-10,0E-10,-2853.18,-114.19,216.0,-6006.09
0007PA,3036,2018-10-05 15:08:01,INACTIVE,True,True,0,True,True,True,True,0.0,0.0,0.0,0.0
0001Y6,974,2022-04-13 08:46:45,INACTIVE,True,True,0,True,True,True,True,0.0,0.0,0.0,0.0
0004XQ,89,2025-11-02 21:36:32,INACTIVE,True,True,0,True,True,True,True,0.0,0.0,0.0,0.0
0001M1,1896,2020-06-17 23:46:42,INACTIVE,True,True,0,True,True,True,True,0.0,0.0,0.0,0.0
0005JW,678,2023-05-18 11:04:05,INACTIVE,True,True,0,True,True,True,True,0.0,0.0,0.0,0.0
0002A2,875,2022-10-21 07:08:04,INACTIVE,True,True,0,True,True,True,True,0.0,0.0,0.0,0.0
0001HZ,1927,2020-11-26 14:17:56,INACTIVE,True,True,0,True,True,True,True,0.0,0.0,0.0,0.0
0006RO,36,2025-12-05 11:11:14,INACTIVE,True,True,0,True,True,True,True,0.0,0.0,0.0,0.0
00010J,53,2025-11-24 10:49:43,INACTIVE,True,True,0,True,True,True,True,0.0,0.0,0.0,0.0
000416,2859,2019-02-20 09:09:27,INACTIVE,2019-02-21,2020-01-29,3248027,True,True,True,True,453617.3,929344.21,0.0,412507.25
0000X3,319,2024-06-09 13:03:27,INACTIVE,True,True,0,True,True,True,True,0.0,0.0,0.0,0.0
000260,1689,2020-11-12 20:40:29,INACTIVE,True,True,0,True,True,True,True,0.0,0.0,0.0,0.0
0004XR,1255,2022-04-15 14:56:16,INACTIVE,True,True,0,True,True,True,True,0.0,0.0,0.0,0.0
0001PA,98,2025-01-29 10:05:59,ACTIVE,2025-01-30,2025-09-06,0,3696600.0000000000,3709146.7400000000,10100.0000000000,0E-10,0.0,0.0,11315.86,15417.88
0005PZ,1636,2021-04-14 16:27:40,INACTIVE,True,True,0,True,True,True,True,0.0,0.0,0.0,0.0
0000NZ,1197,2022-12-20 17:15:02,INACTIVE,True,True,0,True,True,True,True,0.0,0.0,0.0,0.0
00053Q,809,2023-12-31 10:31:46,INACTIVE,True,True,0,True,True,True,True,0.0,0.0,0.0,0.0
0004V6,280,2025-05-21 20:38:53,INACTIVE,True,True,0,True,True,True,True,0.0,0.0,0.0,0.0
0005S3,181,2025-03-08 08:19:17,INACTIVE,True,True,0,True,True,True,True,0.0,0.0,0.0,0.0
00012Q,1629,2021-05-24 20:54:54,INACTIVE,True,True,0,True,True,True,True,0.0,0.0,0.0,0.0
0002BH,787,2023-09-22 00:00:00,ACTIVE,2023-09-22,2024-04-29,56047,197196.0000000000,181388.5400000000,5400.0000000000,0E-10,9495.37,17694.36,948.09,18473.93
0006CP,68,2025-11-05 00:00:00,ACTIVE,2025-11-05,2025-11-05,0,200.0000000000,160.7500000000,0E-10,0E-10,0.0,0.0,3.93,3.55
0006MP,1979,2019-07-03 16:35:28,EXITED,2021-05-10,2021-05-10,45397,True,True,True,True,67571.63,65834.55,0.0,31897.34
0002UQ,521,2024-09-24 21:07:42,INACTIVE,True,True,0,True,True,True,True,0.0,0.0,0.0,0.0
0002AO,1096,2022-12-06 07:42:53,INACTIVE,True,True,0,True,True,True,True,0.0,0.0,0.0,0.0
0003KU,896,2021-10-20 16:07:57,INACTIVE,True,True,0,True,True,True,True,0.0,0.0,0.0,0.0
0006K3,1872,2019-03-23 13:31:29,INACTIVE,2019-03-25,2021-07-08,1318053,True,True,True,True,-37364.11,341644.27,0.0,-52037.32
00067Y,491,2024-09-27 11:09:17,INACTIVE,True,True,0,True,True,True,True,0.0,0.0,0.0,0.0
00033B,450,2023-08-09 11:18:19,INACTIVE,True,True,0,True,True,True,True,0.0,0.0,0.0,0.0
0007C9,304,2024-11-09 10:35:37,ACTIVE,2024-11-11,2024-11-11,8426,7500.0000000000,7450.0000000000,0E-10,0E-10,-9322.77,-9227.97,211.48,-7993.48
00050Y,536,2023-06-05 00:00:00,EXITED,2023-06-05,2023-06-05,39517,True,True,True,True,-52988.16,-49821.31,0.0,-30127.87
0007BM,2179,2020-06-19 11:21:16,INACTIVE,True,True,0,True,True,True,True,0.0,0.0,0.0,0.0
0001UT,527,2023-03-13 08:10:12,ACTIVE,2023-03-17,2023-03-29,0,9600.0000000000,9600.0000000000,0E-10,0E-10,0.0,0.0,139.19,216.08
0006QC,2649,2020-08-21 17:34:36,INACTIVE,True,True,0,True,True,True,True,0.0,0.0,0.0,0.0
0005X1,1159,2023-11-06 05:59:29,INACTIVE,True,True,0,True,True,True,True,0.0,0.0,0.0,0.0
0000QZ,2566,2021-04-12 13:07:29,INACTIVE,True,True,0,True,True,True,True,0.0,0.0,0.0,0.0
00026E,1809,2019-03-23 15:32:08,INACTIVE,True,True,0,True,True,True,True,0.0,0.0,0.0,0.0
0005UJ,1887,2020-11-06 10:35:24,INACTIVE,True,True,0,True,True,True,True,0.0,0.0,0.0,0.0
0004ZU,1266,2023-07-20 13:13:06,INACTIVE,True,True,0,True,True,True,True,0.0,0.0,0.0,0.0
0003OC,1251,2023-02-26 17:30:37,INACTIVE,True,True,0,True,True,True,True,0.0,0.0,0.0,0.0
00054W,11,2025-10-01 14:44:13,ACTIVE,2025-10-03,2026-01-01,0,31996.7300000000,31794.8000000000,200.0000000000,12888.9200000000,0.0,0.0,438.57,262.27
0002CF,702,2024-08-07 13:29:24,INACTIVE,True,True,0,True,True,True,True,0.0,0.0,0.0,0.0
0007CE,1038,2023-05-24 11:29:35,INACTIVE,True,True,0,True,True,True,True,0.0,0.0,0.0,0.0
0003JX,456,2025-01-09 15:17:06,INACTIVE,True,True,0,True,True,True,True,0.0,0.0,0.0,0.0
0000B7,1389,2023-06-15 16:14:38,INACTIVE,True,True,0,True,True,True,True,0.0,0.0,0.0,0.0
00043O,2330,2021-10-12 13:40:49,INACTIVE,True,True,0,True,True,True,True,0.0,0.0,0.0,0.0
0000T9,1428,2020-07-24 15:41:47,ACTIVE,2022-02-24,2022-02-24,0,100.0000000000,100.0000000000,0E-10,0E-10,0.0,0.0,2.75,2.15
00054O,1,2024-07-15 00:00:00,ACTIVE,2024-07-15,2026-01-14,0,19062930.5200000000,20073509.4800000000,0E-10,12235144.0000000000,0.0,0.0,42312.7,39952.48
0005FH,2264,2020-07-03 13:44:36,INACTIVE,True,True,0,True,True,True,True,0.0,0.0,0.0,0.0
000531,62,2025-11-02 00:00:00,ACTIVE,2025-11-02,2025-11-22,0,4200.0000000000,4132.2500000000,0E-10,2100.0000000000,0.0,0.0,96.37,204.36
00053F,1824,2021-05-20 22:44:36,INACTIVE,True,True,0,True,True,True,True,0.0,0.0,0.0,0.0
00045A,130,2025-08-27 14:30:57,INACTIVE,True,True,0,True,True,True,True,0.0,0.0,0.0,0.0
0002GL,1,2025-08-29 10:32:02,ACTIVE,2026-01-13,2026-01-14,0,100.0000000000,0E-10,100.0000000000,0E-10,0.0,0.0,19.28,10.76
0002QA,1402,2022-04-30 20:07:06,INACTIVE,True,True,0,True,True,True,True,0.0,0.0,0.0,0.0
0006LU,142,2025-10-09 10:49:41,INACTIVE,True,True,0,True,True,True,True,0.0,0.0,0.0,0.0
0006F2,329,2025-05-14 08:53:39,INACTIVE,True,True,0,True,True,True,True,0.0,0.0,0.0,0.0
000533,2130,2019-07-08 08:01:45,INACTIVE,True,True,0,True,True,True,True,0.0,0.0,0.0,0.0
00036P,1738,2021-08-06 05:25:55,INACTIVE,True,True,0,True,True,True,True,0.0,0.0,0.0,0.0
0003XB,637,2024-03-14 00:00:00,ACTIVE,2024-03-14,2024-05-27,5805,10000.0000000000,9950.0000000000,0E-10,0E-10,-8256.15,-7804.33,62.16,-5394.56
0002BJ,1495,2021-12-28 12:00:17,INACTIVE,True,True,0,True,True,True,True,0.0,0.0,0.0,0.0
00006M,454,2023-10-25 15:15:56,INACTIVE,True,True,0,True,True,True,True,0.0,0.0,0.0,0.0
0005JH,2868,2019-07-26 14:47:02,INACTIVE,True,True,0,True,True,True,True,0.0,0.0,0.0,0.0
0005FI,1524,2022-08-26 05:53:57,INACTIVE,True,True,0,True,True,True,True,0.0,0.0,0.0,0.0
0002EL,167,2025-07-29 08:50:13,INACTIVE,True,True,0,True,True,True,True,0.0,0.0,0.0,0.0
00004Y,2401,2021-05-08 06:08:52,INACTIVE,True,True,0,True,True,True,True,0.0,0.0,0.0,0.0
0006GP,3958,2018-09-27 20:19:49,INACTIVE,True,True,0,True,True,True,True,0.0,0.0,0.0,0.0
0001YZ,3009,2019-10-07 11:08:47,INACTIVE,True,True,0,True,True,True,True,0.0,0.0,0.0,0.0
0001WN,3447,2019-06-07 10:56:02,INACTIVE,True,True,0,True,True,True,True,0.0,0.0,0.0,0.0
0006W4,930,2023-06-18 14:40:10,INACTIVE,True,True,0,True,True,True,True,0.0,0.0,0.0,0.0
0000YE,2843,2020-07-15 16:13:10,INACTIVE,True,True,0,True,True,True,True,0.0,0.0,0.0,0.0
0004Z0,653,2024-10-17 07:04:52,INACTIVE,True,True,0,True,True,True,True,0.0,0.0,0.0,0.0
0002B4,1767,2021-09-25 00:00:00,ACTIVE,2021-09-25,2021-09-25,0,200.0000000000,0E-10,0E-10,0E-10,0.0,0.0,4.79,5.1
0003NQ,1253,2020-10-08 06:36:29,INACTIVE,True,True,0,True,True,True,True,0.0,0.0,0.0,0.0
000004,1736,2018-09-28 13:57:30,EXITED,2018-10-02,2018-10-02,147469,True,True,True,True,-65433.03,-40909.18,0.0,-67813.02
0004C5,633,2023-05-09 11:13:18,ACTIVE,2023-09-03,2024-04-04,0,151000.0000000000,150900.0000000000,200.0000000000,0E-10,0.0,0.0,279.33,597.13
0000K5,3895,2017-05-30 00:00:00,INACTIVE,2017-05-30,2017-05-30,29039,True,True,True,True,-4659.37,1281.01,0.0,-3990.54
0005IT,378,2025-01-03 01:55:09,INACTIVE,True,True,0,True,True,True,True,0.0,0.0,0.0,0.0
00035U,577,2023-08-03 16:18:58,ACTIVE,2024-06-01,2024-10-28,0,48400.0000000000,48200.0000000000,50.0000000000,0E-10,0.0,0.0,261.77,113.8
00061T,1204,2023-06-12 16:05:04,INACTIVE,True,True,0,True,True,True,True,0.0,0.0,0.0,0.0
00028Y,582,2023-10-11 00:00:00,INACTIVE,2023-10-11,2023-10-11,18392,True,True,True,True,-33047.49,-15940.01,0.0,-36343.79
0004HA,425,2024-03-15 06:16:44,INACTIVE,True,True,0,True,True,True,True,0.0,0.0,0.0,0.0
000079,350,2020-02-24 09:11:28,ACTIVE,2024-08-12,2025-03-31,9514,10000.0000000000,9780.0000000000,0E-10,200.0000000000,-10390.75,-19420.0,35.49,-16840.03
0004ZI,264,2025-02-27 16:44:51,INACTIVE,True,True,0,True,True,True,True,0.0,0.0,0.0,0.0
0002Z2,123,2025-10-21 16:22:44,INACTIVE,True,True,0,True,True,True,True,0.0,0.0,0.0,0.0
0001I8,3353,2019-05-02 13:10:19,INACTIVE,True,True,0,True,True,True,True,0.0,0.0,0.0,0.0
00077L,228,2025-05-20 18:48:14,INACTIVE,True,True,0,True,True,True,True,0.0,0.0,0.0,0.0
0004U3,1566,2022-01-27 23:36:56,INACTIVE,True,True,0,True,True,True,True,0.0,0.0,0.0,0.0
00022P,517,2024-12-27 19:17:44,INACTIVE,True,True,0,True,True,True,True,0.0,0.0,0.0,0.0
0006BC,1380,2023-04-15 14:33:27,INACTIVE,True,True,0,True,True,True,True,0.0,0.0,0.0,0.0
0005QO,2367,2019-11-28 15:16:58,INACTIVE,2019-11-29,2019-11-29,373300,True,True,True,True,-4094.29,80705.51,0.0,-5287.99
0007EK,3586,2019-05-16 16:42:38,INACTIVE,True,True,0,True,True,True,True,0.0,0.0,0.0,0.0
0005UV,49,2025-11-28 00:00:00,ACTIVE,2025-11-28,2025-11-28,0,2000.0000000000,999.7500000000,1000.0000000000,0E-10,0.0,0.0,169.56,77.04
0007MU,164,2025-03-17 16:43:04,INACTIVE,True,True,0,True,True,True,True,0.0,0.0,0.0,0.0
0003PV,1392,2022-06-15 08:06:05,INACTIVE,True,True,0,True,True,True,True,0.0,0.0,0.0,0.0
0000NW,2755,2020-02-19 10:14:14,INACTIVE,True,True,0,True,True,True,True,0.0,0.0,0.0,0.0
0003L5,1875,2020-12-18 00:00:00,ACTIVE,2020-12-18,2022-08-01,0,126241.8800000000,129346.8500000000,0E-10,0E-10,0.0,0.0,197.01,172.56
0006EC,1124,2020-12-15 15:54:23,INACTIVE,True,True,0,True,True,True,True,0.0,0.0,0.0,0.0
0003Z5,1143,2022-09-18 14:49:19,INACTIVE,True,True,0,True,True,True,True,0.0,0.0,0.0,0.0
0001S8,2122,2020-09-10 19:20:28,INACTIVE,True,True,0,True,True,True,True,0.0,0.0,0.0,0.0
0004ZB,178,2022-04-15 13:53:28,ACTIVE,2025-09-08,2025-09-08,0,50.0000000000,0E-10,0E-10,0E-10,0.0,0.0,0.63,0.61
00012L,1461,2022-10-01 09:39:40,INACTIVE,True,True,0,True,True,True,True,0.0,0.0,0.0,0.0
000220,1901,2018-12-04 08:58:33,INACTIVE,True,True,0,True,True,True,True,0.0,0.0,0.0,0.0
0002TJ,415,2025-03-16 08:40:35,INACTIVE,True,True,0,True,True,True,True,0.0,0.0,0.0,0.0
00065Y,532,2024-10-15 15:22:04,INACTIVE,True,True,0,True,True,True,True,0.0,0.0,0.0,0.0
0006AI,2733,2020-09-04 04:30:40,INACTIVE,True,True,0,True,True,True,True,0.0,0.0,0.0,0.0
0000ZS,2962,2019-12-18 08:19:12,INACTIVE,True,True,0,True,True,True,True,0.0,0.0,0.0,0.0
0006W1,163,2025-05-01 17:56:01,INACTIVE,True,True,0,True,True,True,True,0.0,0.0,0.0,0.0
0004AW,3207,2020-01-11 05:23:10,INACTIVE,True,True,0,True,True,True,True,0.0,0.0,0.0,0.0
0002ZS,2140,2018-05-31 16:16:58,INACTIVE,2019-04-12,2019-11-26,570210,True,True,True,True,559583.5,737437.76,0.0,429219.87
0005UU,2170,2022-01-12 05:42:57,INACTIVE,True,True,0,True,True,True,True,0.0,0.0,0.0,0.0
0000J5,1,2021-08-19 14:32:52,ACTIVE,2025-10-06,2026-01-14,37439,447862.0000000000,447501.1800000000,0E-10,202425.0000000000,-4777.7,11430.75,3515.95,-1041.14
00058I,59,2025-11-30 22:39:03,INACTIVE,True,True,0,True,True,True,True,0.0,0.0,0.0,0.0
0004DR,1721,2020-03-09 18:22:24,INACTIVE,True,True,0,True,True,True,True,0.0,0.0,0.0,0.0
0002YR,572,2023-02-23 09:45:37,INACTIVE,2023-03-03,2023-03-03,70058,True,True,True,True,-22837.9,-12957.86,0.0,-20537.57
0007PH,187,2025-09-12 19:21:05,INACTIVE,True,True,0,True,True,True,True,0.0,0.0,0.0,0.0
00021L,1102,2022-04-15 19:48:48,INACTIVE,True,True,0,True,True,True,True,0.0,0.0,0.0,0.0
00004Z,810,2022-03-21 19:04:43,INACTIVE,True,True,0,True,True,True,True,0.0,0.0,0.0,0.0
00027W,45,2025-12-13 06:11:17,INACTIVE,True,True,0,True,True,True,True,0.0,0.0,0.0,0.0
0007I9,1035,2022-12-31 16:17:31,INACTIVE,True,True,0,True,True,True,True,0.0,0.0,0.0,0.0
0004IL,1590,2021-12-30 01:11:19,INACTIVE,True,True,0,True,True,True,True,0.0,0.0,0.0,0.0
000111,313,2025-06-18 09:55:41,INACTIVE,True,True,0,True,True,True,True,0.0,0.0,0.0,0.0
000558,93,2025-10-12 07:08:44,INACTIVE,True,True,0,True,True,True,True,0.0,0.0,0.0,0.0
0007B6,593,2022-08-10 00:00:00,ACTIVE,2022-08-10,2023-03-07,242138,227900.0000000000,227534.9500000000,0E-10,0E-10,169613.98,233566.95,467.32,185377.48
000735,2710,2019-10-24 09:15:27,INACTIVE,True,True,0,True,True,True,True,0.0,0.0,0.0,0.0
0000AB,1380,2022-12-02 06:41:20,INACTIVE,True,True,0,True,True,True,True,0.0,0.0,0.0,0.0
0007IH,1999,2018-02-26 09:19:58,EXITED,2018-02-27,2018-02-27,106474,True,True,True,True,142170.08,175636.15,0.0,94538.55
0007DW,450,2024-02-14 13:19:35,ACTIVE,2024-05-06,2024-11-11,0,14750.0000000000,13200.0000000000,2100.0000000000,0E-10,0.0,0.0,69.24,110.23
00070G,881,2023-04-07 06:50:15,INACTIVE,True,True,0,True,True,True,True,0.0,0.0,0.0,0.0
0001EA,1194,2020-02-05 07:57:13,INACTIVE,True,True,0,True,True,True,True,0.0,0.0,0.0,0.0
000618,1911,2019-08-05 06:40:30,INACTIVE,True,True,0,True,True,True,True,0.0,0.0,0.0,0.0
000786,258,2022-11-08 17:58:10,ACTIVE,2025-07-16,2025-07-16,0,105.0900000000,0E-10,0E-10,0E-10,0.0,0.0,2.35,1.68
0007AM,1353,2021-05-30 18:53:16,INACTIVE,True,True,0,True,True,True,True,0.0,0.0,0.0,0.0
0001K3,923,2022-07-19 11:47:52,INACTIVE,True,True,0,True,True,True,True,0.0,0.0,0.0,0.0
0000W3,1837,2020-06-30 16:45:51,INACTIVE,2022-07-20,2022-07-20,15764,True,True,True,True,-243.66,1992.04,0.0,-206.59
0000PU,1287,2022-01-17 11:01:14,INACTIVE,True,True,0,True,True,True,True,0.0,0.0,0.0,0.0
0003GO,171,2025-09-18 10:32:25,INACTIVE,True,True,0,True,True,True,True,0.0,0.0,0.0,0.0
0004W2,1154,2023-10-02 19:26:25,INACTIVE,True,True,0,True,True,True,True,0.0,0.0,0.0,0.0
0005P6,1232,2022-07-25 09:23:53,INACTIVE,True,True,0,True,True,True,True,0.0,0.0,0.0,0.0
0002N9,171,2025-07-06 17:39:08,INACTIVE,True,True,0,True,True,True,True,0.0,0.0,0.0,0.0
0003UP,781,2022-09-08 19:39:11,INACTIVE,True,True,0,True,True,True,True,0.0,0.0,0.0,0.0
0003Q5,772,2022-12-24 13:47:16,INACTIVE,True,True,0,True,True,True,True,0.0,0.0,0.0,0.0
0001VW,1560,2020-03-17 08:32:29,INACTIVE,True,True,0,True,True,True,True,0.0,0.0,0.0,0.0
0005L0,38,2025-12-07 15:10:44,INACTIVE,True,True,0,True,True,True,True,0.0,0.0,0.0,0.0
0007J5,1911,2020-01-16 12:37:01,INACTIVE,True,True,0,True,True,True,True,0.0,0.0,0.0,0.0
0001SU,2017,2021-10-17 14:19:08,INACTIVE,True,True,0,True,True,True,True,0.0,0.0,0.0,0.0
0004LJ,82,2025-10-04 02:21:24,INACTIVE,True,True,0,True,True,True,True,0.0,0.0,0.0,0.0
00002H,2073,2019-11-26 12:48:31,INACTIVE,True,True,0,True,True,True,True,0.0,0.0,0.0,0.0
0005KF,144,2025-05-29 07:47:07,INACTIVE,True,True,0,True,True,True,True,0.0,0.0,0.0,0.0
0000JN,1451,2020-11-20 09:34:42,INACTIVE,True,True,0,True,True,True,True,0.0,0.0,0.0,0.0
0003Z1,889,2024-02-22 16:45:26,INACTIVE,True,True,0,True,True,True,True,0.0,0.0,0.0,0.0
0000HY,2047,2021-05-25 10:46:37,INACTIVE,True,True,0,True,True,True,True,0.0,0.0,0.0,0.0
00028L,58,2025-11-12 18:41:35,INACTIVE,True,True,0,True,True,True,True,0.0,0.0,0.0,0.0
0006TZ,360,2025-02-15 15:22:54,INACTIVE,True,True,0,True,True,True,True,0.0,0.0,0.0,0.0
00026K,189,2025-05-29 00:00:00,ACTIVE,2025-05-29,2025-07-02,23767,64700.0000000000,64282.5900000000,150.0000000000,0E-10,-12317.58,-9765.85,784.31,-19547.78
0006F4,1990,2022-02-19 07:46:50,INACTIVE,True,True,0,True,True,True,True,0.0,0.0,0.0,0.0
00072A,886,2023-05-01 13:32:08,INACTIVE,True,True,0,True,True,True,True,0.0,0.0,0.0,0.0
0001KK,77,2025-08-29 09:57:14,ACTIVE,2025-11-13,2025-11-13,0,1000.0000000000,999.5000000000,0E-10,0E-10,0.0,0.0,21.56,28.55
0003ZM,800,2022-12-28 11:19:07,INACTIVE,True,True,0,True,True,True,True,0.0,0.0,0.0,0.0
0003EL,2060,2020-01-02 12:24:49,INACTIVE,True,True,0,True,True,True,True,0.0,0.0,0.0,0.0
0004D9,2380,2019-09-17 15:29:32,INACTIVE,True,True,0,True,True,True,True,0.0,0.0,0.0,0.0
00061U,2223,2015-12-10 15:16:05,EXITED,2015-12-23,2015-12-23,32968,True,True,True,True,-31828.01,-37854.46,0.0,-36827.51
0003B4,12,2026-01-04 17:17:04,INACTIVE,True,True,0,True,True,True,True,0.0,0.0,0.0,0.0
0006EF,57,2025-11-23 15:01:45,INACTIVE,True,True,0,True,True,True,True,0.0,0.0,0.0,0.0
0007JP,985,2021-12-12 15:01:11,INACTIVE,True,True,0,True,True,True,True,0.0,0.0,0.0,0.0
0003PH,22,2019-11-25 16:55:04,ACTIVE,2023-11-01,2025-12-31,695490,3930200.0000000000,3928821.7400000000,0E-10,0E-10,422624.55,1418869.42,4066.27,307132.09
0000A2,803,2022-04-30 13:22:23,INACTIVE,True,True,0,True,True,True,True,0.0,0.0,0.0,0.0
0000Y1,1257,2023-07-29 01:29:10,INACTIVE,True,True,0,True,True,True,True,0.0,0.0,0.0,0.0
0002EC,2181,2020-01-07 07:10:23,INACTIVE,True,True,0,True,True,True,True,0.0,0.0,0.0,0.0
0000A8,868,2022-10-02 16:50:34,INACTIVE,True,True,0,True,True,True,True,0.0,0.0,0.0,0.0
0003JS,1379,2019-11-17 16:44:36,INACTIVE,True,True,0,True,True,True,True,0.0,0.0,0.0,0.0
0001QU,405,2025-02-11 15:54:46,INACTIVE,True,True,0,True,True,True,True,0.0,0.0,0.0,0.0
0005JR,1883,2021-12-06 15:07:29,INACTIVE,True,True,0,True,True,True,True,0.0,0.0,0.0,0.0
0002CP,3115,2018-10-09 00:00:00,INACTIVE,2018-10-09,2018-10-09,67515,True,True,True,True,27700.09,29760.41,0.0,23925.13
0000GI,540,2024-06-07 21:24:33,INACTIVE,True,True,0,True,True,True,True,0.0,0.0,0.0,0.0
00047F,143,2025-06-17 15:10:35,INACTIVE,True,True,0,True,True,True,True,0.0,0.0,0.0,0.0
0005FR,257,2025-06-30 11:12:30,INACTIVE,True,True,0,True,True,True,True,0.0,0.0,0.0,0.0
0002O1,3349,2019-05-10 14:45:37,INACTIVE,True,True,0,True,True,True,True,0.0,0.0,0.0,0.0
00043W,2205,2019-04-10 18:21:23,INACTIVE,True,True,0,True,True,True,True,0.0,0.0,0.0,0.0
0000TK,3104,2019-09-15 11:25:48,INACTIVE,True,True,0,True,True,True,True,0.0,0.0,0.0,0.0
0002AH,1864,2021-07-19 21:33:25,INACTIVE,True,True,0,True,True,True,True,0.0,0.0,0.0,0.0
0001W2,2,2026-01-09 00:00:00,ACTIVE,2026-01-09,2026-01-13,0,230156.0000000000,230082.8800000000,0E-10,404089.2500000000,0.0,0.0,10947.8,15150.13
0000CE,833,2023-11-27 00:00:00,ACTIVE,2023-11-27,2023-12-27,13259,12550.0000000000,12550.0000000000,0E-10,0E-10,-11596.42,-11122.02,305.69,-5495.77
0002RS,345,2024-06-26 07:53:44,INACTIVE,True,True,0,True,True,True,True,0.0,0.0,0.0,0.0
0004QR,39,2025-11-13 11:25:23,INACTIVE,True,True,0,True,True,True,True,0.0,0.0,0.0,0.0
00043Y,3001,2019-05-06 19:57:02,INACTIVE,True,True,0,True,True,True,True,0.0,0.0,0.0,0.0
0000F5,429,2025-03-19 15:12:16,ACTIVE,2025-03-29,2025-03-29,9333,13600.0000000000,13546.2000000000,0E-10,0E-10,-17860.92,-13328.9,333.96,-15415.6
0000KF,2008,2020-08-02 05:09:13,INACTIVE,True,True,0,True,True,True,True,0.0,0.0,0.0,0.0
0002B0,424,2023-11-29 17:34:25,INACTIVE,2023-12-12,2023-12-12,1498587,True,True,True,True,-1407048.16,-465831.67,0.0,-762830.39
0000N9,613,2023-01-20 19:16:51,INACTIVE,2023-02-01,2023-02-01,562527,True,True,True,True,504480.15,684710.18,0.0,480558.63
0006UF,771,2023-11-10 21:29:47,INACTIVE,True,True,0,True,True,True,True,0.0,0.0,0.0,0.0
0001AX,2585,2019-12-05 12:53:10,INACTIVE,True,True,0,True,True,True,True,0.0,0.0,0.0,0.0
00056Q,417,2024-04-18 16:46:39,INACTIVE,True,True,0,True,True,True,True,0.0,0.0,0.0,0.0
0001GS,1166,2020-01-20 07:38:27,INACTIVE,True,True,0,True,True,True,True,0.0,0.0,0.0,0.0
0001UV,574,2024-10-05 00:08:05,INACTIVE,True,True,0,True,True,True,True,0.0,0.0,0.0,0.0
0001M7,100,2025-08-13 11:27:26,INACTIVE,True,True,0,True,True,True,True,0.0,0.0,0.0,0.0
0006BJ,859,2019-07-01 09:14:54,INACTIVE,2019-07-05,2023-07-14,1850602,True,True,True,True,-709623.36,195114.89,0.0,-1067011.81
0004DV,3311,2018-09-10 12:50:19,INACTIVE,2018-09-11,2018-09-11,229656,True,True,True,True,2326.01,121681.02,0.0,2584.71
0000GM,187,2025-03-22 02:13:43,INACTIVE,True,True,0,True,True,True,True,0.0,0.0,0.0,0.0
000681,218,2019-07-12 19:56:11,ACTIVE,2025-05-29,2025-05-29,63711,50000.0000000000,49964.3800000000,0E-10,0E-10,-45840.44,-69668.33,1202.28,-58328.37
0002IB,7,2026-01-04 08:29:48,INACTIVE,True,True,0,True,True,True,True,0.0,0.0,0.0,0.0
0005XM,835,2023-05-06 21:36:35,INACTIVE,True,True,0,True,True,True,True,0.0,0.0,0.0,0.0
000469,595,2024-01-24 22:36:44,ACTIVE,2024-02-01,2024-11-20,8963077,2302546.6500000000,2302546.6500000000,0E-10,0E-10,6288082.49,7743653.56,3383.93,2778308.38
0004E0,896,2023-12-22 09:40:40,INACTIVE,True,True,0,True,True,True,True,0.0,0.0,0.0,0.0
00036D,659,2022-01-28 01:03:36,ACTIVE,2022-08-05,2022-08-05,0,300.0000000000,0E-10,300.0000000000,0E-10,0.0,0.0,36.41,46.76
00028T,541,2023-09-15 19:38:37,ACTIVE,2023-09-16,2023-09-16,0,1000.0000000000,1000.0000000000,0E-10,1000.0000000000,0.0,0.0,66.9,65.86
0006FJ,1049,2022-06-03 10:47:16,INACTIVE,True,True,0,True,True,True,True,0.0,0.0,0.0,0.0
0000QU,622,2024-10-17 00:00:00,ACTIVE,2024-10-17,2024-10-26,0,2000.0000000000,2000.0000000000,0E-10,0E-10,0.0,0.0,33.13,22.53
0003SN,3135,2019-02-22 12:23:34,EXITED,2019-02-27,2019-02-27,1821643,True,True,True,True,-640030.68,-638248.38,0.0,-670441.26
00055S,1604,2022-02-10 21:55:01,INACTIVE,True,True,0,True,True,True,True,0.0,0.0,0.0,0.0
00011W,1494,2019-10-10 20:41:21,INACTIVE,True,True,0,True,True,True,True,0.0,0.0,0.0,0.0
0003SP,21,2024-06-03 13:36:25,ACTIVE,2024-06-06,2025-12-31,1654014,1962858.3800000000,1962685.9000000000,0E-10,0E-10,-476892.51,-11345.71,1659.34,-972052.92
000056,4152,2017-05-08 17:31:39,INACTIVE,True,True,0,True,True,True,True,0.0,0.0,0.0,0.0
0004B0,188,2025-05-06 23:00:00,INACTIVE,True,True,0,True,True,True,True,0.0,0.0,0.0,0.0
0004UU,2010,2019-12-15 16:14:59,INACTIVE,True,True,0,True,True,True,True,0.0,0.0,0.0,0.0
0004PM,1832,2020-08-21 06:34:04,INACTIVE,True,True,0,True,True,True,True,0.0,0.0,0.0,0.0
00002X,654,2024-05-24 03:53:00,INACTIVE,True,True,0,True,True,True,True,0.0,0.0,0.0,0.0
0006MV,14,2025-09-11 20:11:56,ACTIVE,2025-09-13,2025-12-30,185264,431600.0000000000,428828.3300000000,1570.0000000000,0E-10,-33840.13,26975.29,3131.31,-46476.38
0006YV,1295,2021-01-17 11:04:40,INACTIVE,True,True,0,True,True,True,True,0.0,0.0,0.0,0.0
0003UQ,2639,2019-11-07 09:21:32,INACTIVE,True,True,0,True,True,True,True,0.0,0.0,0.0,0.0
0003IS,1833,2021-10-11 19:15:52,INACTIVE,True,True,0,True,True,True,True,0.0,0.0,0.0,0.0
0001OP,2398,2019-01-27 12:27:40,INACTIVE,True,True,0,True,True,True,True,0.0,0.0,0.0,0.0
000134,2470,2019-03-10 17:11:30,INACTIVE,True,True,0,True,True,True,True,0.0,0.0,0.0,0.0
0002SV,837,2021-11-17 09:44:58,INACTIVE,True,True,0,True,True,True,True,0.0,0.0,0.0,0.0
0000NU,48,2025-11-26 08:01:50,INACTIVE,True,True,0,True,True,True,True,0.0,0.0,0.0,0.0
0004WL,1484,2022-12-01 11:27:56,INACTIVE,True,True,0,True,True,True,True,0.0,0.0,0.0,0.0
0002I6,1375,2022-08-04 05:13:38,INACTIVE,True,True,0,True,True,True,True,0.0,0.0,0.0,0.0
0004HL,1983,2022-03-21 17:10:53,INACTIVE,True,True,0,True,True,True,True,0.0,0.0,0.0,0.0
0004AD,54,2025-12-02 07:33:19,INACTIVE,True,True,0,True,True,True,True,0.0,0.0,0.0,0.0
0000OW,2604,2020-06-17 22:25:10,INACTIVE,True,True,0,True,True,True,True,0.0,0.0,0.0,0.0
0001OA,473,2024-09-08 17:30:57,INACTIVE,True,True,0,True,True,True,True,0.0,0.0,0.0,0.0
0004UZ,19,2025-11-13 00:00:00,ACTIVE,2025-11-13,2025-12-18,0,55228.0000000000,55126.9000000000,0E-10,5600.0000000000,0.0,0.0,1396.22,1108.03
00020U,1013,2024-01-29 00:26:23,INACTIVE,True,True,0,True,True,True,True,0.0,0.0,0.0,0.0
0006E7,952,2023-10-17 17:48:44,INACTIVE,True,True,0,True,True,True,True,0.0,0.0,0.0,0.0
00059E,2808,2020-08-02 15:19:46,INACTIVE,True,True,0,True,True,True,True,0.0,0.0,0.0,0.0
0007AN,763,2024-03-03 17:03:01,INACTIVE,True,True,0,True,True,True,True,0.0,0.0,0.0,0.0
0000AK,1,2026-01-14 05:23:18,INACTIVE,True,True,0,True,True,True,True,0.0,0.0,0.0,0.0
0004HT,1232,2020-09-22 02:32:07,INACTIVE,True,True,0,True,True,True,True,0.0,0.0,0.0,0.0
00038C,819,2023-07-18 08:33:33,INACTIVE,True,True,0,True,True,True,True,0.0,0.0,0.0,0.0
00039F,486,2024-10-24 00:00:00,ACTIVE,2024-10-24,2024-10-29,0,5450.0000000000,5450.0000000000,0E-10,450.0000000000,0.0,0.0,173.05,182.9
0000CO,1481,2023-03-17 12:36:28,INACTIVE,True,True,0,True,True,True,True,0.0,0.0,0.0,0.0
00078W,2559,2020-10-08 09:21:13,INACTIVE,True,True,0,True,True,True,True,0.0,0.0,0.0,0.0
0002HX,818,2023-10-31 06:20:35,INACTIVE,True,True,0,True,True,True,True,0.0,0.0,0.0,0.0
0004BK,45,2025-11-29 14:59:45,INACTIVE,True,True,0,True,True,True,True,0.0,0.0,0.0,0.0
00005H,1232,2019-09-13 15:12:36,INACTIVE,2019-09-18,2019-09-18,292311,True,True,True,True,632907.31,421561.48,0.0,335638.62
0002UK,23,2025-12-19 12:28:36,INACTIVE,True,True,0,True,True,True,True,0.0,0.0,0.0,0.0
0005J0,56,2024-06-21 16:44:53,ACTIVE,2025-11-26,2025-12-08,16165,34100.0000000000,34047.5100000000,0E-10,0E-10,-11763.1,-6632.57,944.38,-18699.1
0006E6,2388,2020-10-09 07:56:07,INACTIVE,True,True,0,True,True,True,True,0.0,0.0,0.0,0.0
0003GF,1970,2020-10-11 09:28:29,INACTIVE,True,True,0,True,True,True,True,0.0,0.0,0.0,0.0
0005YW,91,2025-11-09 20:40:37,INACTIVE,True,True,0,True,True,True,True,0.0,0.0,0.0,0.0
0004VV,240,2024-10-14 15:35:28,INACTIVE,True,True,0,True,True,True,True,0.0,0.0,0.0,0.0
0006O8,1439,2023-05-04 08:37:41,INACTIVE,True,True,0,True,True,True,True,0.0,0.0,0.0,0.0
0005QJ,757,2024-04-24 11:52:45,INACTIVE,True,True,0,True,True,True,True,0.0,0.0,0.0,0.0
0003H4,1211,2019-07-31 17:27:30,INACTIVE,True,True,0,True,True,True,True,0.0,0.0,0.0,0.0
0006V2,2852,2019-07-25 13:37:14,INACTIVE,True,True,0,True,True,True,True,0.0,0.0,0.0,0.0
0005Z5,52,2020-02-20 12:28:26,ACTIVE,2025-10-17,2025-10-17,5090,5000.0000000000,4914.5000000000,0E-10,0E-10,-1607.61,543.87,143.65,-1013.84
0004YD,716,2024-04-27 21:03:42,INACTIVE,True,True,0,True,True,True,True,0.0,0.0,0.0,0.0
0001LV,392,2024-09-13 20:36:52,INACTIVE,True,True,0,True,True,True,True,0.0,0.0,0.0,0.0
0004NV,518,2024-01-19 04:56:08,INACTIVE,True,True,0,True,True,True,True,0.0,0.0,0.0,0.0
0004BN,177,2025-08-11 17:16:16,INACTIVE,True,True,0,True,True,True,True,0.0,0.0,0.0,0.0
0000Y3,1301,2022-03-24 11:53:23,INACTIVE,True,True,0,True,True,True,True,0.0,0.0,0.0,0.0
0006CT,986,2021-04-05 07:45:12,INACTIVE,True,True,0,True,True,True,True,0.0,0.0,0.0,0.0
0005YJ,2546,2020-10-08 09:46:52,INACTIVE,True,True,0,True,True,True,True,0.0,0.0,0.0,0.0
00021C,1508,2020-08-25 08:37:33,INACTIVE,True,True,0,True,True,True,True,0.0,0.0,0.0,0.0
00032B,48,2025-12-03 14:15:14,INACTIVE,True,True,0,True,True,True,True,0.0,0.0,0.0,0.0
0006VW,2918,2018-11-03 08:12:50,INACTIVE,True,True,0,True,True,True,True,0.0,0.0,0.0,0.0
000556,686,2022-08-30 00:50:05,ACTIVE,2022-08-31,2022-08-31,0,2000.0000000000,2000.0000000000,0E-10,0E-10,0.0,0.0,31.91,56.19
0006O4,3035,2020-06-28 13:12:36,INACTIVE,True,True,0,True,True,True,True,0.0,0.0,0.0,0.0
0002XR,775,2023-10-20 09:21:23,INACTIVE,True,True,0,True,True,True,True,0.0,0.0,0.0,0.0
00016I,1296,2021-01-04 23:12:49,INACTIVE,True,True,0,True,True,True,True,0.0,0.0,0.0,0.0
0007GK,330,2025-01-28 12:34:33,INACTIVE,True,True,0,True,True,True,True,0.0,0.0,0.0,0.0
0005E9,103,2025-10-14 08:48:56,INACTIVE,True,True,0,True,True,True,True,0.0,0.0,0.0,0.0
00030J,27,2025-11-22 20:36:55,INACTIVE,True,True,0,True,True,True,True,0.0,0.0,0.0,0.0
0007ML,299,2025-01-06 16:30:30,INACTIVE,True,True,0,True,True,True,True,0.0,0.0,0.0,0.0
0006XZ,673,2024-04-06 16:21:02,INACTIVE,True,True,0,True,True,True,True,0.0,0.0,0.0,0.0
0002ZO,1408,2021-12-24 17:09:08,ACTIVE,2022-08-10,2022-10-24,58478,32000.0000000000,31956.0000000000,0E-10,0E-10,-20622.8,-12898.4,209.13,-27696.78
0004D7,181,2025-06-07 08:55:35,INACTIVE,True,True,0,True,True,True,True,0.0,0.0,0.0,0.0
0001AJ,1394,2021-10-26 07:47:33,INACTIVE,True,True,0,True,True,True,True,0.0,0.0,0.0,0.0
0007IE,1157,2021-08-25 12:51:33,INACTIVE,True,True,0,True,True,True,True,0.0,0.0,0.0,0.0
0006PL,801,2023-04-11 00:13:06,INACTIVE,True,True,0,True,True,True,True,0.0,0.0,0.0,0.0
0004Y1,1153,2023-05-20 13:47:28,INACTIVE,True,True,0,True,True,True,True,0.0,0.0,0.0,0.0
0003KE,368,2024-11-02 13:28:00,INACTIVE,True,True,0,True,True,True,True,0.0,0.0,0.0,0.0
0002X8,29,2025-12-09 10:46:32,INACTIVE,True,True,0,True,True,True,True,0.0,0.0,0.0,0.0
00010X,838,2023-03-03 10:29:01,INACTIVE,True,True,0,True,True,True,True,0.0,0.0,0.0,0.0
00074B,569,2024-08-22 13:08:47,INACTIVE,True,True,0,True,True,True,True,0.0,0.0,0.0,0.0
0007MX,1315,2022-05-05 09:34:47,INACTIVE,2022-08-24,2022-08-24,3929248,True,True,True,True,973143.95,2301144.13,0.0,471121.25
0000NO,2196,2019-05-31 12:02:37,INACTIVE,True,True,0,True,True,True,True,0.0,0.0,0.0,0.0
0001SH,991,2023-08-24 12:25:01,INACTIVE,True,True,0,True,True,True,True,0.0,0.0,0.0,0.0
0004IS,2520,2020-01-02 05:51:04,INACTIVE,True,True,0,True,True,True,True,0.0,0.0,0.0,0.0
0005NI,604,2022-02-01 09:26:01,INACTIVE,2022-02-08,2022-10-25,8246935,True,True,True,True,429500.48,2176792.4,0.0,564998.6
0005AD,2169,2018-12-18 09:55:22,INACTIVE,True,True,0,True,True,True,True,0.0,0.0,0.0,0.0
0000YS,1902,2018-08-28 13:53:05,EXITED,2019-01-17,2019-01-17,100334,True,True,True,True,151998.21,265684.89,0.0,218695.03
0005BJ,4524,2016-09-16 11:17:15,EXITED,2016-09-20,2016-09-20,71510,True,True,True,True,151010.0,167781.63,0.0,225415.53
0005SH,856,2023-01-07 20:19:44,INACTIVE,True,True,0,True,True,True,True,0.0,0.0,0.0,0.0
0000SR,51,2025-11-14 23:39:35,INACTIVE,True,True,0,True,True,True,True,0.0,0.0,0.0,0.0
00070N,935,2023-07-29 16:56:25,INACTIVE,True,True,0,True,True,True,True,0.0,0.0,0.0,0.0
0001PS,2078,2020-08-10 03:40:13,INACTIVE,True,True,0,True,True,True,True,0.0,0.0,0.0,0.0
0007B3,2588,2020-08-20 20:34:28,INACTIVE,True,True,0,True,True,True,True,0.0,0.0,0.0,0.0
000708,736,2023-10-09 16:59:40,INACTIVE,True,True,0,True,True,True,True,0.0,0.0,0.0,0.0
0005X6,221,2025-04-07 18:37:55,INACTIVE,True,True,0,True,True,True,True,0.0,0.0,0.0,0.0
00060K,49,2025-12-01 12:33:42,ACTIVE,2025-12-02,2025-12-02,0,1001.0000000000,0E-10,1000.0000000000,0E-10,0.0,0.0,105.99,100.74
0002EF,1092,2023-08-10 12:50:16,INACTIVE,True,True,0,True,True,True,True,0.0,0.0,0.0,0.0
0007E1,1037,2024-02-20 17:39:11,INACTIVE,True,True,0,True,True,True,True,0.0,0.0,0.0,0.0
0000EV,13,2024-05-04 09:41:27,ACTIVE,2025-10-15,2026-01-03,29828,79100.0000000000,77587.6400000000,1380.0000000000,0E-10,-13018.45,13429.45,408.88,-7999.92
000599,1810,2021-01-14 07:20:20,INACTIVE,True,True,0,True,True,True,True,0.0,0.0,0.0,0.0
0006R0,92,2025-08-22 00:00:00,ACTIVE,2025-08-22,2025-08-22,0,10071.0000000000,9996.8800000000,0E-10,0E-10,0.0,0.0,156.48,145.47
0001SG,1007,2024-03-09 19:42:08,INACTIVE,True,True,0,True,True,True,True,0.0,0.0,0.0,0.0
0004VK,2076,2021-03-30 15:24:45,INACTIVE,True,True,0,True,True,True,True,0.0,0.0,0.0,0.0
00079V,71,2025-09-30 08:43:51,INACTIVE,True,True,0,True,True,True,True,0.0,0.0,0.0,0.0
0007DX,703,2024-01-13 07:12:55,INACTIVE,True,True,0,True,True,True,True,0.0,0.0,0.0,0.0
0000JF,543,2024-08-21 08:35:35,INACTIVE,True,True,0,True,True,True,True,0.0,0.0,0.0,0.0
0000G2,191,2025-04-24 08:54:22,INACTIVE,True,True,0,True,True,True,True,0.0,0.0,0.0,0.0
0000Z5,552,2024-10-24 12:52:16,INACTIVE,True,True,0,True,True,True,True,0.0,0.0,0.0,0.0
00049G,1638,2019-01-07 12:51:40,ACTIVE,2021-12-09,2022-02-21,24661,39980.0000000000,39809.0000000000,0E-10,0E-10,-12561.05,-2780.6,337.28,-10546.85
0007BQ,1164,2021-09-12 10:42:46,INACTIVE,True,True,0,True,True,True,True,0.0,0.0,0.0,0.0
0004RG,247,2025-08-02 09:03:41,INACTIVE,True,True,0,True,True,True,True,0.0,0.0,0.0,0.0
00052T,655,2024-10-20 09:33:52,INACTIVE,True,True,0,True,True,True,True,0.0,0.0,0.0,0.0
0000B2,1716,2019-11-27 14:31:17,INACTIVE,True,True,0,True,True,True,True,0.0,0.0,0.0,0.0
000664,2049,2020-01-31 14:22:32,INACTIVE,True,True,0,True,True,True,True,0.0,0.0,0.0,0.0
00075Q,3020,2020-02-11 17:00:13,INACTIVE,True,True,0,True,True,True,True,0.0,0.0,0.0,0.0
0000ZZ,206,2025-06-02 04:53:59,INACTIVE,True,True,0,True,True,True,True,0.0,0.0,0.0,0.0
0000AG,164,2025-09-24 07:04:20,INACTIVE,True,True,0,True,True,True,True,0.0,0.0,0.0,0.0
0000XF,1058,2021-11-27 01:23:14,INACTIVE,True,True,0,True,True,True,True,0.0,0.0,0.0,0.0
0005ZA,427,2025-01-31 10:12:05,INACTIVE,True,True,0,True,True,True,True,0.0,0.0,0.0,0.0
0007PG,207,2025-07-11 07:03:09,INACTIVE,True,True,0,True,True,True,True,0.0,0.0,0.0,0.0
0001IP,353,2024-11-24 03:46:02,INACTIVE,True,True,0,True,True,True,True,0.0,0.0,0.0,0.0
0003PB,1622,2016-03-10 13:16:11,ACTIVE,2022-05-24,2022-05-24,0,1000.0000000000,0E-10,0E-10,0E-10,0.0,0.0,18.76,25.77
000114,885,2021-06-01 05:15:12,INACTIVE,True,True,0,True,True,True,True,0.0,0.0,0.0,0.0
0006FY,1001,2022-04-16 15:14:21,INACTIVE,True,True,0,True,True,True,True,0.0,0.0,0.0,0.0
0001TW,148,2025-07-03 00:00:00,ACTIVE,2025-07-03,2025-07-05,0,1000.0000000000,0E-10,1000.0000000000,0E-10,0.0,0.0,188.62,121.07
0003VQ,76,2020-07-07 23:25:33,ACTIVE,2025-09-13,2025-09-14,0,200.0000000000,100.0000000000,100.0000000000,100.0000000000,0.0,0.0,10.78,9.64
0000UM,25,2025-11-29 00:00:00,ACTIVE,2025-11-29,2025-11-29,0,2000.0000000000,998.7500000000,1000.0000000000,0E-10,0.0,0.0,174.87,128.25
0006PB,340,2019-05-30 15:40:51,ACTIVE,2024-11-25,2024-12-12,5846,11000.0000000000,11000.0000000000,0E-10,0E-10,-12385.42,-9669.71,140.66,-4769.45
0007ND,553,2017-08-20 01:29:32,ACTIVE,2023-10-12,2023-12-07,25156,304500.0000000000,298874.0000000000,5180.0000000000,0E-10,-56104.11,-42780.87,4872.41,-18273.85
00053V,827,2022-06-18 16:05:41,INACTIVE,True,True,0,True,True,True,True,0.0,0.0,0.0,0.0
00002V,323,2024-09-11 15:48:11,INACTIVE,True,True,0,True,True,True,True,0.0,0.0,0.0,0.0
0006E1,2829,2020-03-14 15:06:32,INACTIVE,True,True,0,True,True,True,True,0.0,0.0,0.0,0.0
0004V7,387,2024-04-05 17:06:57,INACTIVE,True,True,0,True,True,True,True,0.0,0.0,0.0,0.0
0005FY,2417,2020-08-21 12:29:05,INACTIVE,True,True,0,True,True,True,True,0.0,0.0,0.0,0.0
0003YU,527,2023-06-07 21:38:46,EXITED,2023-06-09,2023-06-09,13462,True,True,True,True,-13555.77,-8798.1,0.0,-12355.25
0004XV,487,2023-07-29 16:51:43,INACTIVE,True,True,0,True,True,True,True,0.0,0.0,0.0,0.0
0002Y9,2127,2019-11-11 06:38:17,INACTIVE,True,True,0,True,True,True,True,0.0,0.0,0.0,0.0
000631,19,2015-01-13 00:00:00,ACTIVE,2015-01-16,2025-12-24,4176774,1019345.0000000000,886354.9900000000,0E-10,0E-10,-1728467.36,-669105.16,117.28,-1077298.33
0004DF,1472,2021-06-07 16:45:24,INACTIVE,2022-03-09,2022-03-09,0,0E-10,0E-10,0E-10,0E-10,0.0,0.0,0.0,0.0
0006IK,3029,2019-02-22 11:20:54,INACTIVE,True,True,0,True,True,True,True,0.0,0.0,0.0,0.0
0004BC,19,2021-09-29 09:01:03,ACTIVE,2023-11-02,2025-12-22,3747115,2905631.8000000000,2904489.3000000000,0E-10,0E-10,-1236088.19,86465.9,2132.76,-885185.39
0004I8,122,2025-07-23 03:15:09,INACTIVE,True,True,0,True,True,True,True,0.0,0.0,0.0,0.0
0003YH,1356,2023-03-26 16:49:13,INACTIVE,True,True,0,True,True,True,True,0.0,0.0,0.0,0.0
0006PZ,562,2022-12-16 22:59:41,INACTIVE,2023-01-01,2023-09-24,17223,True,True,True,True,2525.02,10650.82,0.0,5327.7
0000HG,1470,2022-12-10 05:09:53,INACTIVE,True,True,0,True,True,True,True,0.0,0.0,0.0,0.0
00001G,378,2025-02-01 12:47:56,INACTIVE,True,True,0,True,True,True,True,0.0,0.0,0.0,0.0
0003JA,287,2025-01-17 12:28:12,INACTIVE,True,True,0,True,True,True,True,0.0,0.0,0.0,0.0
0002JM,1116,2022-04-15 19:44:45,INACTIVE,True,True,0,True,True,True,True,0.0,0.0,0.0,0.0
0002PW,2439,2018-05-16 09:20:24,INACTIVE,True,True,0,True,True,True,True,0.0,0.0,0.0,0.0
00071A,52,2022-05-20 20:15:55,ACTIVE,2025-11-01,2025-11-28,827355,909900.0000000000,909484.6100000000,0E-10,0E-10,-296115.55,-220979.92,25249.95,-274676.21
0004ON,577,2024-12-21 07:15:34,INACTIVE,True,True,0,True,True,True,True,0.0,0.0,0.0,0.0
0003VK,1610,2020-08-27 10:04:08,INACTIVE,True,True,0,True,True,True,True,0.0,0.0,0.0,0.0
00025T,3228,2019-11-29 03:27:13,INACTIVE,True,True,0,True,True,True,True,0.0,0.0,0.0,0.0
0006OD,1022,2022-01-27 00:05:28,INACTIVE,True,True,0,True,True,True,True,0.0,0.0,0.0,0.0
0001DE,1219,2020-08-05 13:33:41,INACTIVE,True,True,0,True,True,True,True,0.0,0.0,0.0,0.0
00013N,1041,2023-04-12 00:37:18,INACTIVE,True,True,0,True,True,True,True,0.0,0.0,0.0,0.0
0004H3,378,2025-05-04 06:52:57,INACTIVE,True,True,0,True,True,True,True,0.0,0.0,0.0,0.0
0000C3,2684,2018-07-31 13:12:27,INACTIVE,True,True,0,True,True,True,True,0.0,0.0,0.0,0.0
00020E,84,2025-11-11 09:48:32,INACTIVE,True,True,0,True,True,True,True,0.0,0.0,0.0,0.0
0006OW,974,2023-04-19 16:48:33,INACTIVE,True,True,0,True,True,True,True,0.0,0.0,0.0,0.0
00077I,1720,2022-07-21 10:30:04,INACTIVE,True,True,0,True,True,True,True,0.0,0.0,0.0,0.0
0001SO,3508,2018-09-22 14:07:46,INACTIVE,True,True,0,True,True,True,True,0.0,0.0,0.0,0.0
00023A,4186,2016-05-10 06:43:04,INACTIVE,2016-05-18,2016-05-18,196360,True,True,True,True,-78652.01,-40298.2,0.0,-60150.9
0006XO,1490,2022-05-20 00:39:43,INACTIVE,True,True,0,True,True,True,True,0.0,0.0,0.0,0.0
000445,623,2024-05-13 00:00:00,ACTIVE,2024-05-13,2024-05-13,0,100.0000000000,100.0000000000,0E-10,100.0000000000,0.0,0.0,5.06,4.01
0007J9,219,2025-07-09 00:59:51,ACTIVE,2025-08-02,2025-08-18,0,3000000.0000000000,3000000.0000000000,0E-10,3000000.0000000000,0.0,0.0,130996.32,121171.26
0001OB,48,2025-12-01 16:50:26,INACTIVE,True,True,0,True,True,True,True,0.0,0.0,0.0,0.0
0000KQ,2388,2018-03-25 18:58:39,INACTIVE,True,True,0,True,True,True,True,0.0,0.0,0.0,0.0
0007GZ,746,2024-07-24 07:13:15,INACTIVE,True,True,0,True,True,True,True,0.0,0.0,0.0,0.0
000772,877,2023-12-21 20:15:13,INACTIVE,True,True,0,True,True,True,True,0.0,0.0,0.0,0.0
0002U6,416,2024-01-22 20:49:53,ACTIVE,2024-12-18,2024-12-18,9789,7500.0000000000,7500.0000000000,0E-10,0E-10,-11494.7,-8842.69,188.71,-7782.16
00025A,2212,2020-12-01 07:21:25,INACTIVE,True,True,0,True,True,True,True,0.0,0.0,0.0,0.0
00009J,2255,2018-10-08 15:20:53,INACTIVE,True,True,0,True,True,True,True,0.0,0.0,0.0,0.0
0000FM,760,2023-10-13 09:29:23,INACTIVE,True,True,0,True,True,True,True,0.0,0.0,0.0,0.0
00065A,1654,2019-07-13 09:07:18,INACTIVE,True,True,0,True,True,True,True,0.0,0.0,0.0,0.0
0004BD,3203,2019-07-27 21:17:15,INACTIVE,True,True,0,True,True,True,True,0.0,0.0,0.0,0.0
0006M4,1416,2022-09-18 12:58:21,INACTIVE,True,True,0,True,True,True,True,0.0,0.0,0.0,0.0
000537,1185,2023-08-04 10:01:40,INACTIVE,True,True,0,True,True,True,True,0.0,0.0,0.0,0.0
000249,391,2024-09-24 04:58:09,INACTIVE,True,True,0,True,True,True,True,0.0,0.0,0.0,0.0
0006VV,1427,2023-06-06 18:48:22,INACTIVE,True,True,0,True,True,True,True,0.0,0.0,0.0,0.0
00013Y,1062,2022-08-25 21:53:45,INACTIVE,True,True,0,True,True,True,True,0.0,0.0,0.0,0.0
0000LO,556,2024-04-04 12:16:17,INACTIVE,True,True,0,True,True,True,True,0.0,0.0,0.0,0.0
0005VT,1136,2023-11-29 16:27:57,INACTIVE,True,True,0,True,True,True,True,0.0,0.0,0.0,0.0
0006T3,553,2024-09-23 00:00:00,ACTIVE,2024-09-23,2024-09-23,16724,28500.0000000000,28463.8000000000,0E-10,0E-10,-24782.58,-30276.31,375.96,-36487.89
0000GX,595,2024-11-05 00:00:00,ACTIVE,2024-11-05,2024-11-26,16457,27700.0000000000,27580.6300000000,0E-10,0E-10,-19229.46,-9713.97,592.97,-9987.87
00046W,314,2025-04-10 11:38:45,INACTIVE,True,True,0,True,True,True,True,0.0,0.0,0.0,0.0
000678,134,2025-07-20 00:32:18,INACTIVE,True,True,0,True,True,True,True,0.0,0.0,0.0,0.0
000113,48,2025-11-22 09:37:11,INACTIVE,True,True,0,True,True,True,True,0.0,0.0,0.0,0.0
0007H3,1864,2022-04-14 11:23:45,INACTIVE,True,True,0,True,True,True,True,0.0,0.0,0.0,0.0
0006ZV,1189,2022-10-01 13:37:51,INACTIVE,True,True,0,True,True,True,True,0.0,0.0,0.0,0.0
0003BJ,3724,2017-08-09 13:58:44,INACTIVE,2017-08-10,2017-08-10,142620,True,True,True,True,29142.05,47616.36,0.0,27307.57
0003QB,1304,2020-09-07 05:47:26,INACTIVE,True,True,0,True,True,True,True,0.0,0.0,0.0,0.0
0006ZI,927,2023-03-22 05:10:19,INACTIVE,True,True,0,True,True,True,True,0.0,0.0,0.0,0.0
0001G4,1649,2022-09-02 16:07:45,INACTIVE,True,True,0,True,True,True,True,0.0,0.0,0.0,0.0
0000YZ,252,2025-06-05 20:23:45,ACTIVE,2025-07-18,2025-07-24,0,5800.0000000000,5521.5000000000,0E-10,0E-10,0.0,0.0,118.62,98.42
00052V,418,2024-08-09 11:07:13,ACTIVE,2024-08-26,2024-08-26,2354,2600.0000000000,2526.0000000000,0E-10,0E-10,-1390.12,-587.82,38.9,-639.61
0007JL,95,2025-08-27 12:55:06,INACTIVE,True,True,0,True,True,True,True,0.0,0.0,0.0,0.0
0002FB,806,2021-10-28 13:19:38,INACTIVE,True,True,0,True,True,True,True,0.0,0.0,0.0,0.0
0000O8,466,2024-01-03 09:59:10,INACTIVE,True,True,0,True,True,True,True,0.0,0.0,0.0,0.0
0003YP,1336,2023-04-21 11:30:23,INACTIVE,True,True,0,True,True,True,True,0.0,0.0,0.0,0.0
00047B,2280,2019-07-05 08:20:40,INACTIVE,True,True,0,True,True,True,True,0.0,0.0,0.0,0.0
000010,1857,2019-08-14 12:32:40,INACTIVE,True,True,0,True,True,True,True,0.0,0.0,0.0,0.0
0002GA,2504,2020-08-31 16:35:37,INACTIVE,True,True,0,True,True,True,True,0.0,0.0,0.0,0.0
00064F,418,2025-02-10 13:29:16,ACTIVE,2025-02-25,2025-02-26,10681,12600.0000000000,12535.4500000000,0E-10,0E-10,-11698.87,-3728.84,242.23,-16629.57
0006MF,1354,2021-09-27 18:56:18,INACTIVE,True,True,0,True,True,True,True,0.0,0.0,0.0,0.0
000154,167,2025-09-18 14:10:19,INACTIVE,True,True,0,True,True,True,True,0.0,0.0,0.0,0.0
0002JB,425,2024-10-31 19:15:58,INACTIVE,True,True,0,True,True,True,True,0.0,0.0,0.0,0.0
0004SQ,1775,2019-08-28 17:27:09,INACTIVE,True,True,0,True,True,True,True,0.0,0.0,0.0,0.0
0000E1,866,2024-04-11 06:19:35,ACTIVE,2024-04-12,2024-05-06,0,18100.0000000000,17840.0000000000,200.0000000000,100.0000000000,0.0,0.0,259.3,320.52
00019U,1162,2021-03-03 08:13:35,INACTIVE,True,True,0,True,True,True,True,0.0,0.0,0.0,0.0
0002Y2,1442,2023-05-27 12:12:33,INACTIVE,True,True,0,True,True,True,True,0.0,0.0,0.0,0.0
00034E,161,2025-08-23 22:21:24,INACTIVE,True,True,0,True,True,True,True,0.0,0.0,0.0,0.0
0001XW,2391,2021-06-01 00:00:00,BLACKLISTED,2021-06-01,2021-06-01,166642,True,True,True,True,-189762.13,-180714.32,0.0,-300715.73
0005WI,309,2024-10-17 13:52:40,INACTIVE,True,True,0,True,True,True,True,0.0,0.0,0.0,0.0
0006GY,640,2024-01-26 15:18:35,INACTIVE,True,True,0,True,True,True,True,0.0,0.0,0.0,0.0
0001EG,2063,2021-12-05 20:19:03,INACTIVE,True,True,0,True,True,True,True,0.0,0.0,0.0,0.0
00031K,2101,2021-09-23 08:16:54,INACTIVE,2021-09-27,2021-09-27,202401,True,True,True,True,160255.14,403152.78,0.0,197548.74
0003TE,2966,2020-02-14 22:00:16,INACTIVE,True,True,0,True,True,True,True,0.0,0.0,0.0,0.0
00016S,496,2024-04-19 09:12:42,INACTIVE,True,True,0,True,True,True,True,0.0,0.0,0.0,0.0
0006UC,966,2023-04-18 15:06:31,ACTIVE,2023-04-28,2023-09-04,775841,220783.5100000000,220733.5100000000,0E-10,0E-10,30138.63,320522.2,605.44,39244.43
0005HY,116,2024-11-30 08:18:54,ACTIVE,2024-12-01,2025-09-07,666070,993393.5800000000,993354.3300000000,0E-10,0E-10,-60207.64,79166.05,2404.31,-41911.42
0001N7,721,2023-04-16 10:45:24,ACTIVE,2023-06-02,2023-08-21,22998,22721.0000000000,22496.7100000000,200.0000000000,250.0000000000,-17206.67,-13741.84,104.91,-21566.43
0007JX,1897,2020-12-12 15:44:58,INACTIVE,True,True,0,True,True,True,True,0.0,0.0,0.0,0.0
0006X2,3079,2019-02-07 04:59:41,INACTIVE,True,True,0,True,True,True,True,0.0,0.0,0.0,0.0
0001TJ,141,2025-08-08 00:00:00,ACTIVE,2025-08-08,2025-08-30,46783,103550.0000000000,103098.7600000000,0E-10,0E-10,-56367.08,-15636.15,2484.25,-82669.89
0006NH,1595,2020-01-24 14:38:12,INACTIVE,True,True,0,True,True,True,True,0.0,0.0,0.0,0.0
0006NU,1854,2022-02-27 21:08:42,INACTIVE,True,True,0,True,True,True,True,0.0,0.0,0.0,0.0
0003C9,3978,2018-09-02 16:39:34,INACTIVE,True,True,0,True,True,True,True,0.0,0.0,0.0,0.0
00058M,2026,2019-08-12 03:52:38,INACTIVE,True,True,0,True,True,True,True,0.0,0.0,0.0,0.0
00041H,3867,2018-03-12 00:02:00,INACTIVE,True,True,0,True,True,True,True,0.0,0.0,0.0,0.0
0001RR,2526,2020-12-20 08:36:12,INACTIVE,True,True,0,True,True,True,True,0.0,0.0,0.0,0.0
00054Q,1456,2020-10-19 15:12:09,INACTIVE,True,True,0,True,True,True,True,0.0,0.0,0.0,0.0
0007FV,3233,2018-09-12 12:16:20,INACTIVE,True,True,0,True,True,True,True,0.0,0.0,0.0,0.0
0000AR,2835,2020-08-23 18:03:02,INACTIVE,True,True,0,True,True,True,True,0.0,0.0,0.0,0.0
0006C6,1,2025-05-20 06:58:08,ACTIVE,2025-05-21,2026-01-14,64582,10387488.2300000000,10338877.5400000000,287050.0000000000,2078000.0000000000,14022.3,13492.03,21442.14,55689.51
0004FF,46,2025-10-21 20:44:18,INACTIVE,True,True,0,True,True,True,True,0.0,0.0,0.0,0.0
00074W,937,2023-09-20 18:10:47,INACTIVE,True,True,0,True,True,True,True,0.0,0.0,0.0,0.0
00045U,3034,2019-07-18 16:13:37,INACTIVE,True,True,0,True,True,True,True,0.0,0.0,0.0,0.0
0003ZT,1949,2021-04-08 19:11:35,INACTIVE,True,True,0,True,True,True,True,0.0,0.0,0.0,0.0
0000KM,96,2025-07-18 17:55:15,INACTIVE,True,True,0,True,True,True,True,0.0,0.0,0.0,0.0
0000QS,834,2022-05-11 15:12:09,INACTIVE,True,True,0,True,True,True,True,0.0,0.0,0.0,0.0
0000ZO,2551,2020-09-03 16:29:50,INACTIVE,True,True,0,True,True,True,True,0.0,0.0,0.0,0.0
0000HT,155,2025-08-07 00:00:00,ACTIVE,2025-08-07,2025-08-11,259906,200000.0000000000,199338.1600000000,0E-10,0E-10,-347372.99,-208442.47,3066.47,-170423.83
000184,2792,2020-10-18 11:10:54,INACTIVE,True,True,0,True,True,True,True,0.0,0.0,0.0,0.0
0000NR,2313,2019-02-13 08:12:23,INACTIVE,True,True,0,True,True,True,True,0.0,0.0,0.0,0.0
00014J,1257,2023-03-29 08:42:28,EXITED,2023-06-09,2023-06-09,10666,True,True,True,True,-15330.05,-5818.33,0.0,-16504.29
0002J4,1008,2020-11-20 01:32:49,INACTIVE,True,True,0,True,True,True,True,0.0,0.0,0.0,0.0
00069O,2671,2020-08-02 17:06:29,INACTIVE,True,True,0,True,True,True,True,0.0,0.0,0.0,0.0
0004KX,3519,2018-12-14 23:02:13,INACTIVE,True,True,0,True,True,True,True,0.0,0.0,0.0,0.0
0000RV,273,2025-01-28 17:35:27,ACTIVE,2025-02-02,2025-03-04,162529,236650.0000000000,235462.5000000000,1000.0000000000,0E-10,-92617.17,-43196.13,7477.18,-92814.8
000151,86,2025-10-01 05:59:34,INACTIVE,True,True,0,True,True,True,True,0.0,0.0,0.0,0.0
0001HR,3181,2019-11-12 20:30:30,INACTIVE,True,True,0,True,True,True,True,0.0,0.0,0.0,0.0
00063K,52,2025-11-13 00:00:00,ACTIVE,2025-11-13,2025-12-05,31677,39100.0000000000,38979.9100000000,0E-10,0E-10,-22247.17,-15503.86,685.62,-23764.15
000773,552,2024-08-30 06:51:35,INACTIVE,True,True,0,True,True,True,True,0.0,0.0,0.0,0.0
0006AA,940,2023-04-17 10:21:14,INACTIVE,True,True,0,True,True,True,True,0.0,0.0,0.0,0.0
000488,3333,2019-07-31 08:06:37,INACTIVE,True,True,0,True,True,True,True,0.0,0.0,0.0,0.0
00024M,1033,2023-10-10 13:59:55,INACTIVE,True,True,0,True,True,True,True,0.0,0.0,0.0,0.0
00042I,3491,2015-08-11 00:00:00,INACTIVE,2015-08-13,2015-08-13,503828,True,True,True,True,-291764.04,-262863.33,0.0,-221068.44
00069I,417,2024-11-23 07:32:17,INACTIVE,True,True,0,True,True,True,True,0.0,0.0,0.0,0.0
00066A,310,2024-08-15 08:02:46,INACTIVE,True,True,0,True,True,True,True,0.0,0.0,0.0,0.0
0005AS,51,2025-12-07 10:13:59,INACTIVE,True,True,0,True,True,True,True,0.0,0.0,0.0,0.0
00066X,3266,2019-05-18 16:54:53,INACTIVE,True,True,0,True,True,True,True,0.0,0.0,0.0,0.0
0005FA,130,2025-08-16 14:04:58,INACTIVE,True,True,0,True,True,True,True,0.0,0.0,0.0,0.0
0005SK,1172,2022-01-29 09:30:02,INACTIVE,True,True,0,True,True,True,True,0.0,0.0,0.0,0.0
00053A,1216,2020-07-16 08:47:10,ACTIVE,2021-08-12,2021-08-12,0,100.0000000000,100.0000000000,0E-10,0E-10,0.0,0.0,1.67,1.64
0000RG,1370,2020-06-21 18:34:03,INACTIVE,True,True,0,True,True,True,True,0.0,0.0,0.0,0.0
0004GZ,1384,2023-06-04 18:25:22,INACTIVE,True,True,0,True,True,True,True,0.0,0.0,0.0,0.0
0005X0,466,2025-01-10 10:41:15,INACTIVE,True,True,0,True,True,True,True,0.0,0.0,0.0,0.0
00072B,356,2024-12-29 22:21:41,ACTIVE,2024-12-30,2024-12-30,0,150.0000000000,150.0000000000,0E-10,0E-10,0.0,0.0,4.01,4.39
0003ZF,517,2023-09-20 09:25:09,INACTIVE,True,True,0,True,True,True,True,0.0,0.0,0.0,0.0
0002QC,1572,2019-04-23 18:34:53,INACTIVE,True,True,0,True,True,True,True,0.0,0.0,0.0,0.0
0004HD,1657,2022-04-16 17:06:43,INACTIVE,True,True,0,True,True,True,True,0.0,0.0,0.0,0.0
0006GT,302,2024-11-12 05:58:45,INACTIVE,True,True,0,True,True,True,True,0.0,0.0,0.0,0.0
00023E,1642,2020-09-26 08:28:58,INACTIVE,True,True,0,True,True,True,True,0.0,0.0,0.0,0.0
0005XK,951,2024-04-02 12:07:44,INACTIVE,True,True,0,True,True,True,True,0.0,0.0,0.0,0.0
0001Z3,1470,2022-04-26 15:58:06,INACTIVE,True,True,0,True,True,True,True,0.0,0.0,0.0,0.0
0005U2,3361,2019-01-03 12:32:46,INACTIVE,True,True,0,True,True,True,True,0.0,0.0,0.0,0.0
0002QP,528,2023-08-24 11:14:50,INACTIVE,True,True,0,True,True,True,True,0.0,0.0,0.0,0.0
000559,1130,2021-02-16 09:59:44,INACTIVE,2021-02-17,2022-04-25,1108383,True,True,True,True,-804419.32,-80718.46,0.0,-519418.95
0004BY,2233,2021-08-29 06:34:04,INACTIVE,True,True,0,True,True,True,True,0.0,0.0,0.0,0.0
0000D8,2517,2020-10-12 04:06:41,INACTIVE,True,True,0,True,True,True,True,0.0,0.0,0.0,0.0
0005UA,132,2025-09-29 11:33:09,INACTIVE,True,True,0,True,True,True,True,0.0,0.0,0.0,0.0
0000L1,209,2025-07-07 23:20:18,INACTIVE,True,True,0,True,True,True,True,0.0,0.0,0.0,0.0
00054R,1849,2019-06-17 16:02:52,INACTIVE,True,True,0,True,True,True,True,0.0,0.0,0.0,0.0
000497,982,2023-07-25 10:10:34,INACTIVE,True,True,0,True,True,True,True,0.0,0.0,0.0,0.0
0005HO,1372,2019-03-21 05:42:22,INACTIVE,True,True,0,True,True,True,True,0.0,0.0,0.0,0.0
0005YU,769,2022-11-03 12:47:01,EXITED,2023-01-16,2023-01-16,123542,True,True,True,True,-156805.7,-71429.79,0.0,-107912.85
00042T,692,2024-03-06 18:04:53,INACTIVE,True,True,0,True,True,True,True,0.0,0.0,0.0,0.0
0000H6,1151,2019-10-07 20:26:53,INACTIVE,True,True,0,True,True,True,True,0.0,0.0,0.0,0.0
0004X8,134,2025-07-16 02:41:39,INACTIVE,True,True,0,True,True,True,True,0.0,0.0,0.0,0.0
0006K8,988,2021-11-22 10:35:27,INACTIVE,True,True,0,True,True,True,True,0.0,0.0,0.0,0.0
0007KD,2132,2019-02-19 20:30:44,INACTIVE,True,True,0,True,True,True,True,0.0,0.0,0.0,0.0
00001A,1171,2023-09-06 08:49:52,INACTIVE,True,True,0,True,True,True,True,0.0,0.0,0.0,0.0
0002PU,1611,2022-12-29 15:23:37,INACTIVE,True,True,0,True,True,True,True,0.0,0.0,0.0,0.0
0007I2,515,2023-12-02 00:00:00,INACTIVE,2023-12-02,2023-12-02,3340,True,True,True,True,-6531.24,-7501.31,0.0,-4998.96
0002UZ,740,2023-04-09 17:31:45,INACTIVE,True,True,0,True,True,True,True,0.0,0.0,0.0,0.0
0000BC,2279,2018-04-09 17:24:46,INACTIVE,2021-05-29,2021-05-29,42857,True,True,True,True,2564.18,14742.93,0.0,1155.52
00005K,856,2022-07-23 20:33:29,INACTIVE,True,True,0,True,True,True,True,0.0,0.0,0.0,0.0
0000HB,825,2024-03-21 15:24:53,INACTIVE,True,True,0,True,True,True,True,0.0,0.0,0.0,0.0
0006GK,585,2023-04-22 12:29:50,INACTIVE,True,True,0,True,True,True,True,0.0,0.0,0.0,0.0
0007FE,939,2023-10-20 16:16:47,INACTIVE,True,True,0,True,True,True,True,0.0,0.0,0.0,0.0
0000GL,1730,2019-11-09 15:45:12,INACTIVE,True,True,0,True,True,True,True,0.0,0.0,0.0,0.0
0005N5,2029,2021-08-05 07:28:29,INACTIVE,True,True,0,True,True,True,True,0.0,0.0,0.0,0.0
0001JX,1393,2022-04-19 13:48:18,INACTIVE,True,True,0,True,True,True,True,0.0,0.0,0.0,0.0
0002FR,202,2025-03-24 18:27:19,INACTIVE,True,True,0,True,True,True,True,0.0,0.0,0.0,0.0
00021N,861,2023-06-06 09:59:49,INACTIVE,True,True,0,True,True,True,True,0.0,0.0,0.0,0.0
0005BK,2761,2018-07-03 17:11:37,INACTIVE,2018-07-04,2018-08-03,134508,True,True,True,True,136804.29,436534.33,0.0,287339.65
0003GB,97,2025-11-11 17:22:48,INACTIVE,True,True,0,True,True,True,True,0.0,0.0,0.0,0.0
0001G5,1844,2020-11-21 12:27:24,INACTIVE,True,True,0,True,True,True,True,0.0,0.0,0.0,0.0
00045N,84,2025-05-20 14:14:47,ACTIVE,2025-06-15,2025-09-08,90522,103500.0000000000,104161.0100000000,0E-10,0E-10,-235838.6,-81517.15,1145.99,-296213.06
000557,53,2025-11-26 00:00:00,ACTIVE,2025-11-26,2025-11-26,0,2000.0000000000,999.7500000000,1000.0000000000,0E-10,0.0,0.0,102.5,189.75
0003MO,989,2022-04-13 07:50:58,INACTIVE,True,True,0,True,True,True,True,0.0,0.0,0.0,0.0
0006TK,98,2025-11-05 15:40:13,INACTIVE,True,True,0,True,True,True,True,0.0,0.0,0.0,0.0
0003G4,3514,2018-10-30 19:13:38,INACTIVE,True,True,0,True,True,True,True,0.0,0.0,0.0,0.0
00045P,58,2025-10-15 18:31:32,INACTIVE,True,True,0,True,True,True,True,0.0,0.0,0.0,0.0
0000KK,993,2023-07-18 16:35:28,INACTIVE,True,True,0,True,True,True,True,0.0,0.0,0.0,0.0
0002VV,1840,2021-10-30 08:23:27,INACTIVE,True,True,0,True,True,True,True,0.0,0.0,0.0,0.0
00032Y,94,2025-09-12 16:02:07,INACTIVE,True,True,0,True,True,True,True,0.0,0.0,0.0,0.0
0006T0,21,2025-05-04 15:19:27,ACTIVE,2025-12-27,2025-12-27,0,6300.0000000000,6232.2500000000,0E-10,0E-10,0.0,0.0,127.82,198.33
00062M,650,2024-03-11 15:34:44,INACTIVE,True,True,0,True,True,True,True,0.0,0.0,0.0,0.0
00032H,1913,2020-09-15 09:07:16,INACTIVE,True,True,0,True,True,True,True,0.0,0.0,0.0,0.0
000541,995,2023-06-14 09:16:46,INACTIVE,True,True,0,True,True,True,True,0.0,0.0,0.0,0.0
0002UV,121,2025-09-24 10:45:08,INACTIVE,True,True,0,True,True,True,True,0.0,0.0,0.0,0.0
0001UX,143,2025-09-19 18:12:37,INACTIVE,True,True,0,True,True,True,True,0.0,0.0,0.0,0.0
0002NH,2748,2018-02-12 10:14:45,INACTIVE,2018-02-21,2018-02-21,85739,True,True,True,True,-745.04,69917.31,0.0,-723.28
00025W,1215,2023-04-27 20:29:59,INACTIVE,True,True,0,True,True,True,True,0.0,0.0,0.0,0.0
00025Z,395,2024-12-10 15:45:14,INACTIVE,True,True,0,True,True,True,True,0.0,0.0,0.0,0.0
0000W6,7,2026-01-09 07:18:00,INACTIVE,True,True,0,True,True,True,True,0.0,0.0,0.0,0.0
0007EU,1758,2019-09-25 22:16:31,INACTIVE,True,True,0,True,True,True,True,0.0,0.0,0.0,0.0
00019C,1300,2022-08-16 15:46:35,INACTIVE,True,True,0,True,True,True,True,0.0,0.0,0.0,0.0
0007CJ,568,2024-06-07 07:56:06,INACTIVE,True,True,0,True,True,True,True,0.0,0.0,0.0,0.0
0003CE,1855,2019-09-17 21:23:28,INACTIVE,True,True,0,True,True,True,True,0.0,0.0,0.0,0.0
00018N,1374,2019-05-09 11:30:06,INACTIVE,True,True,0,True,True,True,True,0.0,0.0,0.0,0.0
00045I,129,2025-09-09 10:20:08,INACTIVE,True,True,0,True,True,True,True,0.0,0.0,0.0,0.0
0000MH,454,2023-08-08 11:35:25,INACTIVE,True,True,0,True,True,True,True,0.0,0.0,0.0,0.0
00063T,2015,2019-11-04 06:35:05,INACTIVE,True,True,0,True,True,True,True,0.0,0.0,0.0,0.0
000472,1368,2021-09-27 12:56:33,INACTIVE,True,True,0,True,True,True,True,0.0,0.0,0.0,0.0
0003CD,2485,2020-01-15 16:24:18,INACTIVE,True,True,0,True,True,True,True,0.0,0.0,0.0,0.0
0005FC,3936,2018-10-17 09:17:14,EXITED,2018-10-18,2018-10-18,181968,True,True,True,True,197731.86,496421.61,0.0,277401.86
0001OV,2751,2020-06-29 17:47:03,INACTIVE,True,True,0,True,True,True,True,0.0,0.0,0.0,0.0
0001N5,1752,2022-10-15 14:15:46,INACTIVE,True,True,0,True,True,True,True,0.0,0.0,0.0,0.0
0003NY,1841,2022-07-26 14:44:17,INACTIVE,True,True,0,True,True,True,True,0.0,0.0,0.0,0.0
0005YQ,1557,2018-08-13 17:20:10,INACTIVE,True,True,0,True,True,True,True,0.0,0.0,0.0,0.0
0002WE,2913,2015-11-04 00:00:00,INACTIVE,2015-11-04,2015-11-04,359574,True,True,True,True,-311879.33,-176101.44,0.0,-517684.51
0006FO,1210,2021-11-19 01:24:49,INACTIVE,True,True,0,True,True,True,True,0.0,0.0,0.0,0.0
0005OO,1488,2018-11-23 13:16:43,INACTIVE,2018-11-28,2018-11-28,1601212,True,True,True,True,-136438.63,192987.45,0.0,-46908.6
00029P,3120,2019-09-12 09:06:24,INACTIVE,True,True,0,True,True,True,True,0.0,0.0,0.0,0.0
0006Y2,1846,2022-06-02 20:08:36,INACTIVE,True,True,0,True,True,True,True,0.0,0.0,0.0,0.0
000297,646,2024-06-09 15:34:18,INACTIVE,True,True,0,True,True,True,True,0.0,0.0,0.0,0.0
0004RI,1405,2023-04-11 20:33:21,INACTIVE,True,True,0,True,True,True,True,0.0,0.0,0.0,0.0
0000FT,867,2023-07-29 00:00:00,ACTIVE,2023-07-29,2024-02-01,138566,262300.0000000000,262199.5000000000,0E-10,0E-10,-141454.77,-22634.63,1353.64,-105262.88
00069Q,1651,2021-03-27 07:10:20,INACTIVE,True,True,0,True,True,True,True,0.0,0.0,0.0,0.0
0004WT,1619,2018-08-25 12:43:28,INACTIVE,2018-08-30,2019-03-21,16325866,True,True,True,True,2208311.38,9470958.29,0.0,1696367.56
0001LK,140,2018-04-27 19:30:13,ACTIVE,2025-10-11,2025-10-11,11299,15600.0000000000,15550.5800000000,0E-10,0E-10,-16500.4,-20381.06,387.49,-22446.77
0001LA,358,2025-03-21 02:07:08,INACTIVE,True,True,0,True,True,True,True,0.0,0.0,0.0,0.0
0001R7,85,2025-10-08 14:50:05,INACTIVE,True,True,0,True,True,True,True,0.0,0.0,0.0,0.0
00008X,812,2022-07-04 09:43:46,INACTIVE,True,True,0,True,True,True,True,0.0,0.0,0.0,0.0
00030E,2034,2021-10-02 10:14:17,INACTIVE,True,True,0,True,True,True,True,0.0,0.0,0.0,0.0
000525,4035,2017-07-22 09:07:20,INACTIVE,True,True,0,True,True,True,True,0.0,0.0,0.0,0.0
000667,164,2025-08-11 23:58:04,INACTIVE,True,True,0,True,True,True,True,0.0,0.0,0.0,0.0
0005TF,1071,2023-04-17 15:49:09,ACTIVE,2023-07-31,2024-02-01,86008,341650.0000000000,340625.0000000000,700.0000000000,0E-10,-37137.53,-44623.65,1723.02,-34427.65
000612,437,2024-09-09 09:36:39,INACTIVE,True,True,0,True,True,True,True,0.0,0.0,0.0,0.0
0001XY,3324,2019-09-24 17:36:38,INACTIVE,True,True,0,True,True,True,True,0.0,0.0,0.0,0.0
00015E,514,2024-10-17 07:53:22,INACTIVE,True,True,0,True,True,True,True,0.0,0.0,0.0,0.0
0003YI,2647,2020-03-06 17:22:12,INACTIVE,True,True,0,True,True,True,True,0.0,0.0,0.0,0.0
0003MM,1668,2022-10-26 23:47:28,INACTIVE,True,True,0,True,True,True,True,0.0,0.0,0.0,0.0
0003Y2,2045,2021-11-01 18:54:26,INACTIVE,True,True,0,True,True,True,True,0.0,0.0,0.0,0.0
0007HP,984,2022-08-16 17:10:35,INACTIVE,True,True,0,True,True,True,True,0.0,0.0,0.0,0.0
0001HV,1374,2023-04-16 22:43:03,INACTIVE,True,True,0,True,True,True,True,0.0,0.0,0.0,0.0
0000CX,946,2023-07-20 16:29:06,INACTIVE,True,True,0,True,True,True,True,0.0,0.0,0.0,0.0
000574,1195,2020-01-13 00:00:00,INACTIVE,2020-01-13,2020-01-13,0,0E-10,0E-10,0E-10,0E-10,0.0,0.0,0.0,0.0
0000IS,133,2025-09-24 15:23:19,INACTIVE,True,True,0,True,True,True,True,0.0,0.0,0.0,0.0
0006BO,821,2023-10-17 13:56:56,INACTIVE,True,True,0,True,True,True,True,0.0,0.0,0.0,0.0
0001OO,2336,2019-11-15 17:38:58,BLACKLISTED,True,True,0,True,True,True,True,0.0,0.0,0.0,0.0
00069G,946,2022-02-28 16:47:27,EXITED,2023-03-14,2023-03-14,47160,True,True,True,True,-61125.26,-93678.33,0.0,-114507.55
0001ZA,961,2021-05-17 16:31:23,INACTIVE,True,True,0,True,True,True,True,0.0,0.0,0.0,0.0
0003R5,906,2022-05-24 20:10:06,INACTIVE,True,True,0,True,True,True,True,0.0,0.0,0.0,0.0
0001RS,62,2025-11-27 21:12:01,INACTIVE,True,True,0,True,True,True,True,0.0,0.0,0.0,0.0
0003HA,1982,2018-08-25 14:39:47,INACTIVE,True,True,0,True,True,True,True,0.0,0.0,0.0,0.0
00064J,168,2025-08-19 09:46:32,INACTIVE,True,True,0,True,True,True,True,0.0,0.0,0.0,0.0
0003GZ,253,2025-05-17 11:58:35,INACTIVE,True,True,0,True,True,True,True,0.0,0.0,0.0,0.0
0001RD,694,2023-05-29 20:56:36,INACTIVE,True,True,0,True,True,True,True,0.0,0.0,0.0,0.0
00027M,30,2025-12-08 21:21:38,INACTIVE,True,True,0,True,True,True,True,0.0,0.0,0.0,0.0
0005ZS,1459,2021-07-09 14:35:23,INACTIVE,True,True,0,True,True,True,True,0.0,0.0,0.0,0.0
0001I4,2977,2020-02-19 19:34:36,INACTIVE,True,True,0,True,True,True,True,0.0,0.0,0.0,0.0
0001WP,30,2025-12-25 10:28:56,INACTIVE,True,True,0,True,True,True,True,0.0,0.0,0.0,0.0
0005GT,1712,2020-10-02 11:52:48,INACTIVE,True,True,0,True,True,True,True,0.0,0.0,0.0,0.0
00067R,532,2023-05-16 06:51:32,INACTIVE,True,True,0,True,True,True,True,0.0,0.0,0.0,0.0
0003Y9,2451,2019-12-12 21:11:02,INACTIVE,True,True,0,True,True,True,True,0.0,0.0,0.0,0.0
0006C2,2363,2018-12-28 19:07:13,INACTIVE,True,True,0,True,True,True,True,0.0,0.0,0.0,0.0
0007E2,1080,2023-01-23 13:37:17,INACTIVE,True,True,0,True,True,True,True,0.0,0.0,0.0,0.0
00065U,2348,2019-03-20 13:07:56,INACTIVE,True,True,0,True,True,True,True,0.0,0.0,0.0,0.0
0002C5,447,2024-12-24 12:28:34,INACTIVE,True,True,0,True,True,True,True,0.0,0.0,0.0,0.0
00012A,2244,2018-05-28 13:00:12,INACTIVE,True,True,0,True,True,True,True,0.0,0.0,0.0,0.0
00014H,3373,2019-05-30 05:46:36,INACTIVE,True,True,0,True,True,True,True,0.0,0.0,0.0,0.0
00069U,403,2023-08-29 15:45:26,ACTIVE,2023-08-30,2024-11-04,429917,42026.9000000000,41976.9000000000,0E-10,0E-10,-1577200.12,183913.15,86.56,-1697738.69
0005BU,1587,2020-11-16 10:40:07,INACTIVE,True,True,0,True,True,True,True,0.0,0.0,0.0,0.0
0006I1,2149,2021-11-27 10:14:15,INACTIVE,True,True,0,True,True,True,True,0.0,0.0,0.0,0.0
0002J6,88,2025-07-17 00:00:00,ACTIVE,2025-07-17,2025-10-04,0,161700.0000000000,158698.9000000000,3000.0000000000,0E-10,0.0,0.0,917.3,1167.44
00018O,1582,2018-08-11 01:04:12,INACTIVE,True,True,0,True,True,True,True,0.0,0.0,0.0,0.0
0002X0,598,2023-07-17 09:02:22,INACTIVE,True,True,0,True,True,True,True,0.0,0.0,0.0,0.0
00062A,1830,2021-11-30 06:54:29,INACTIVE,True,True,0,True,True,True,True,0.0,0.0,0.0,0.0
0004BV,2036,2020-10-16 01:30:53,INACTIVE,True,True,0,True,True,True,True,0.0,0.0,0.0,0.0
0002X4,594,2018-12-16 10:41:08,ACTIVE,2023-02-08,2024-06-20,7872,5200.0000000000,5200.0000000000,0E-10,0E-10,-7557.29,-9661.74,6.32,-9268.93
0007CW,1063,2021-01-14 14:22:51,INACTIVE,True,True,0,True,True,True,True,0.0,0.0,0.0,0.0
00076Q,819,2022-08-31 10:50:11,INACTIVE,True,True,0,True,True,True,True,0.0,0.0,0.0,0.0
0005W4,1724,2020-10-09 11:54:52,INACTIVE,True,True,0,True,True,True,True,0.0,0.0,0.0,0.0
00050P,155,2025-07-31 15:54:29,ACTIVE,2025-08-01,2025-08-04,11338,19000.0000000000,18972.6800000000,0E-10,0E-10,-26598.4,-28495.97,505.04,-37671.91
0003EW,1802,2020-05-30 19:22:23,INACTIVE,True,True,0,True,True,True,True,0.0,0.0,0.0,0.0
0002J5,967,2020-09-04 06:23:02,EXITED,2023-05-27,2023-05-27,15397,True,True,True,True,-22427.26,-20719.08,0.0,-30453.28
00010L,782,2024-04-21 10:33:03,INACTIVE,True,True,0,True,True,True,True,0.0,0.0,0.0,0.0
000656,987,2023-08-30 12:15:37,INACTIVE,True,True,0,True,True,True,True,0.0,0.0,0.0,0.0
0005UK,77,2025-11-07 08:54:59,INACTIVE,True,True,0,True,True,True,True,0.0,0.0,0.0,0.0
0002CB,1092,2023-03-16 10:27:25,INACTIVE,2023-03-20,2023-03-20,142217,True,True,True,True,-74322.93,-101456.14,0.0,-110775.56
0000MB,49,2025-11-06 20:26:34,INACTIVE,True,True,0,True,True,True,True,0.0,0.0,0.0,0.0
0000RM,836,2023-10-17 09:34:11,ACTIVE,2023-10-23,2023-12-20,14696,24650.0000000000,24650.0000000000,0E-10,0E-10,-11450.02,-8496.01,202.89,-13818.64
00029G,575,2023-08-23 00:00:00,ACTIVE,2023-08-23,2023-08-25,3149,9900.0000000000,9850.0000000000,0E-10,0E-10,-5651.22,-6332.98,192.99,-6799.25
000235,1163,2023-06-01 17:18:25,INACTIVE,True,True,0,True,True,True,True,0.0,0.0,0.0,0.0
00014I,473,2024-09-05 14:57:31,INACTIVE,True,True,0,True,True,True,True,0.0,0.0,0.0,0.0
0005ZO,65,2025-11-16 23:38:08,INACTIVE,True,True,0,True,True,True,True,0.0,0.0,0.0,0.0
00005Q,1976,2022-01-26 21:20:23,INACTIVE,True,True,0,True,True,True,True,0.0,0.0,0.0,0.0
00039O,2253,2018-12-23 14:20:18,INACTIVE,True,True,0,True,True,True,True,0.0,0.0,0.0,0.0
0006VA,708,2022-10-23 09:06:43,INACTIVE,True,True,0,True,True,True,True,0.0,0.0,0.0,0.0
000762,433,2025-03-10 14:16:05,INACTIVE,True,True,0,True,True,True,True,0.0,0.0,0.0,0.0
0002XF,1052,2022-09-17 07:45:50,INACTIVE,True,True,0,True,True,True,True,0.0,0.0,0.0,0.0
0001IK,2090,2019-09-24 01:20:28,INACTIVE,True,True,0,True,True,True,True,0.0,0.0,0.0,0.0
00067L,1627,2020-06-11 21:57:21,INACTIVE,True,True,0,True,True,True,True,0.0,0.0,0.0,0.0
0004W6,1033,2022-12-19 06:41:02,INACTIVE,True,True,0,True,True,True,True,0.0,0.0,0.0,0.0
00027S,178,2025-05-01 13:38:22,ACTIVE,2025-07-23,2025-07-25,0,2000.0000000000,510.7500000000,1000.0000000000,0E-10,0.0,0.0,114.15,87.56
00007R,3321,2019-04-10 00:00:00,INACTIVE,2019-04-10,2019-04-10,138692,True,True,True,True,31640.51,142727.65,0.0,19520.79
000064,694,2024-06-21 00:00:00,ACTIVE,2024-06-21,2024-06-25,6363,5000.0000000000,5000.0000000000,0E-10,0E-10,-793.07,174.92,76.38,-473.37
0004QO,548,2024-07-23 12:48:30,INACTIVE,True,True,0,True,True,True,True,0.0,0.0,0.0,0.0
0007NS,3572,2018-04-21 00:00:00,EXITED,2018-04-21,2018-04-21,12965,True,True,True,True,-5919.76,-3166.39,0.0,-4768.42
0003R9,3557,2018-10-25 17:53:23,INACTIVE,True,True,0,True,True,True,True,0.0,0.0,0.0,0.0
0000F8,1480,2018-10-10 13:29:13,INACTIVE,2018-10-13,2018-10-13,115846,True,True,True,True,128215.71,109388.84,0.0,72291.42
000405,2425,2019-12-18 07:06:28,INACTIVE,True,True,0,True,True,True,True,0.0,0.0,0.0,0.0
0006GC,273,2024-08-31 00:00:00,ACTIVE,2024-08-31,2024-08-31,9187,13800.0000000000,13138.0000000000,650.0000000000,0E-10,-25857.83,-17089.33,482.86,-13617.45
0003GQ,2179,2018-08-28 04:46:42,INACTIVE,True,True,0,True,True,True,True,0.0,0.0,0.0,0.0
00019H,290,2025-05-30 20:47:41,INACTIVE,True,True,0,True,True,True,True,0.0,0.0,0.0,0.0
0005EC,434,2025-02-12 11:27:27,ACTIVE,2025-02-13,2025-02-13,0,1000.0000000000,1000.0000000000,0E-10,0E-10,0.0,0.0,24.38,15.22
00057G,590,2024-11-15 13:38:19,INACTIVE,True,True,0,True,True,True,True,0.0,0.0,0.0,0.0
0005OL,100,2025-10-07 07:24:56,INACTIVE,True,True,0,True,True,True,True,0.0,0.0,0.0,0.0
0003QF,1477,2019-02-13 01:37:18,INACTIVE,True,True,0,True,True,True,True,0.0,0.0,0.0,0.0
0002E1,1522,2019-05-24 08:46:54,INACTIVE,True,True,0,True,True,True,True,0.0,0.0,0.0,0.0
0006MB,857,2022-11-21 06:00:37,INACTIVE,True,True,0,True,True,True,True,0.0,0.0,0.0,0.0
0007CY,147,2025-07-30 07:41:41,INACTIVE,True,True,0,True,True,True,True,0.0,0.0,0.0,0.0
0003NX,1009,2023-05-08 21:38:39,INACTIVE,True,True,0,True,True,True,True,0.0,0.0,0.0,0.0
0005RP,50,2024-11-28 19:31:02,ACTIVE,2024-12-05,2025-12-02,14304754,18101028.3700000000,18390492.8000000000,14800.0000000000,0E-10,-4664169.79,-1052092.05,17968.37,-5620993.12
0002RU,221,2025-02-15 12:20:39,INACTIVE,True,True,0,True,True,True,True,0.0,0.0,0.0,0.0
0001PX,1610,2019-08-23 05:29:48,INACTIVE,True,True,0,True,True,True,True,0.0,0.0,0.0,0.0
0007LL,59,2025-10-20 21:52:47,INACTIVE,True,True,0,True,True,True,True,0.0,0.0,0.0,0.0
0005TG,3411,2018-08-07 15:49:45,INACTIVE,True,True,0,True,True,True,True,0.0,0.0,0.0,0.0
00064G,1326,2021-07-07 07:25:57,INACTIVE,True,True,0,True,True,True,True,0.0,0.0,0.0,0.0
00048R,1949,2017-11-07 00:00:00,EXITED,2017-11-07,2018-01-13,33010,True,True,True,True,-20911.56,-22371.98,0.0,-31192.54
00052I,38,2025-12-05 18:00:17,INACTIVE,True,True,0,True,True,True,True,0.0,0.0,0.0,0.0
0005V3,40,2025-11-22 00:00:00,ACTIVE,2025-11-22,2025-11-23,0,1000.0000000000,999.7500000000,0E-10,0E-10,0.0,0.0,31.69,18.72
00016W,496,2024-06-23 13:36:41,INACTIVE,True,True,0,True,True,True,True,0.0,0.0,0.0,0.0
00047A,2095,2021-09-16 07:27:45,INACTIVE,True,True,0,True,True,True,True,0.0,0.0,0.0,0.0
0000DV,1939,2019-09-04 10:32:01,INACTIVE,True,True,0,True,True,True,True,0.0,0.0,0.0,0.0
0006QU,1045,2021-10-19 01:27:25,INACTIVE,True,True,0,True,True,True,True,0.0,0.0,0.0,0.0
0005J8,2049,2018-05-19 18:00:12,INACTIVE,True,True,0,True,True,True,True,0.0,0.0,0.0,0.0
0003H9,82,2025-08-15 10:31:07,INACTIVE,True,True,0,True,True,True,True,0.0,0.0,0.0,0.0
0001VL,843,2024-05-23 17:43:48,INACTIVE,True,True,0,True,True,True,True,0.0,0.0,0.0,0.0
00015Q,2105,2021-03-23 12:31:01,INACTIVE,True,True,0,True,True,True,True,0.0,0.0,0.0,0.0
0000YJ,498,2024-08-16 14:47:31,INACTIVE,True,True,0,True,True,True,True,0.0,0.0,0.0,0.0
0006XH,159,2025-08-18 12:09:36,INACTIVE,True,True,0,True,True,True,True,0.0,0.0,0.0,0.0
00054F,1400,2020-12-15 17:04:14,INACTIVE,True,True,0,True,True,True,True,0.0,0.0,0.0,0.0
0001EO,1764,2020-09-11 01:23:00,INACTIVE,True,True,0,True,True,True,True,0.0,0.0,0.0,0.0
0003T7,1714,2020-04-25 23:07:47,INACTIVE,True,True,0,True,True,True,True,0.0,0.0,0.0,0.0
0005JE,2159,2021-07-30 21:12:11,INACTIVE,True,True,0,True,True,True,True,0.0,0.0,0.0,0.0
0001H4,1490,2022-10-05 11:51:22,INACTIVE,True,True,0,True,True,True,True,0.0,0.0,0.0,0.0
0002UF,1577,2020-07-13 00:09:57,INACTIVE,True,True,0,True,True,True,True,0.0,0.0,0.0,0.0
0001ZB,1040,2023-10-14 11:55:11,INACTIVE,True,True,0,True,True,True,True,0.0,0.0,0.0,0.0
00033D,53,2025-10-18 08:33:41,INACTIVE,True,True,0,True,True,True,True,0.0,0.0,0.0,0.0
0001Y2,1702,2019-05-29 08:12:53,INACTIVE,True,True,0,True,True,True,True,0.0,0.0,0.0,0.0
0004SN,502,2021-11-18 00:00:00,ACTIVE,2021-11-18,2023-10-10,0,200.0000000000,200.0000000000,0E-10,0E-10,0.0,0.0,0.22,0.17
0000HM,403,2024-07-18 18:42:06,INACTIVE,True,True,0,True,True,True,True,0.0,0.0,0.0,0.0
0007IM,193,2025-04-24 06:58:13,INACTIVE,True,True,0,True,True,True,True,0.0,0.0,0.0,0.0
0006R6,174,2025-09-13 13:51:17,INACTIVE,True,True,0,True,True,True,True,0.0,0.0,0.0,0.0
0006KS,39,2025-11-29 00:00:00,ACTIVE,2025-11-29,2025-11-29,0,2000.0000000000,998.7500000000,1000.0000000000,0E-10,0.0,0.0,132.09,167.66
00021Z,1074,2022-08-08 12:49:14,INACTIVE,True,True,0,True,True,True,True,0.0,0.0,0.0,0.0
0002Z3,437,2024-01-17 17:08:58,INACTIVE,True,True,0,True,True,True,True,0.0,0.0,0.0,0.0
00033J,2000,2016-05-13 09:09:55,INACTIVE,True,True,0,True,True,True,True,0.0,0.0,0.0,0.0
0001WK,1678,2019-08-27 22:01:30,INACTIVE,True,True,0,True,True,True,True,0.0,0.0,0.0,0.0
0007CL,108,2025-07-29 13:57:49,INACTIVE,True,True,0,True,True,True,True,0.0,0.0,0.0,0.0
00056F,503,2024-05-30 02:37:09,INACTIVE,True,True,0,True,True,True,True,0.0,0.0,0.0,0.0
0005DV,724,2023-02-25 07:15:10,INACTIVE,True,True,0,True,True,True,True,0.0,0.0,0.0,0.0
0002K8,81,2025-09-18 11:49:31,INACTIVE,True,True,0,True,True,True,True,0.0,0.0,0.0,0.0
00056P,607,2024-08-04 07:03:57,INACTIVE,True,True,0,True,True,True,True,0.0,0.0,0.0,0.0
00046R,1331,2023-07-07 23:26:25,INACTIVE,True,True,0,True,True,True,True,0.0,0.0,0.0,0.0
0005H8,787,2021-11-01 05:52:57,INACTIVE,True,True,0,True,True,True,True,0.0,0.0,0.0,0.0
0002HN,1169,2023-05-21 11:00:23,INACTIVE,True,True,0,True,True,True,True,0.0,0.0,0.0,0.0
0004WH,536,2024-10-10 05:15:08,INACTIVE,True,True,0,True,True,True,True,0.0,0.0,0.0,0.0
0002CU,536,2024-09-08 12:15:12,INACTIVE,True,True,0,True,True,True,True,0.0,0.0,0.0,0.0
0001WW,1022,2021-04-25 11:39:00,ACTIVE,2023-09-07,2023-09-11,3982,13861.0000000000,13846.6100000000,0E-10,0E-10,-7997.22,-5716.81,224.37,-3628.05
0003EF,1575,2021-10-07 18:16:37,INACTIVE,True,True,0,True,True,True,True,0.0,0.0,0.0,0.0
00045X,2056,2020-06-19 11:03:42,ACTIVE,2022-02-04,2022-02-04,0,100.0000000000,0E-10,0E-10,0E-10,0.0,0.0,3.06,2.72
0001DA,782,2022-10-15 13:53:13,INACTIVE,True,True,0,True,True,True,True,0.0,0.0,0.0,0.0
0005TC,1831,2020-11-21 12:39:23,INACTIVE,True,True,0,True,True,True,True,0.0,0.0,0.0,0.0
0003FJ,191,2025-08-02 08:31:11,INACTIVE,True,True,0,True,True,True,True,0.0,0.0,0.0,0.0
0006IT,1126,2023-11-08 10:22:23,INACTIVE,True,True,0,True,True,True,True,0.0,0.0,0.0,0.0
0003UH,2109,2020-03-11 22:37:31,INACTIVE,True,True,0,True,True,True,True,0.0,0.0,0.0,0.0
0001OM,1251,2022-08-05 14:01:58,ACTIVE,2023-03-22,2023-09-21,54073,63802.0000000000,60710.3900000000,1500.0000000000,0E-10,-101531.06,12635.8,259.78,-198093.61
0001KN,2899,2019-03-06 13:48:09,INACTIVE,True,True,0,True,True,True,True,0.0,0.0,0.0,0.0
000083,397,2025-02-18 15:23:51,INACTIVE,True,True,0,True,True,True,True,0.0,0.0,0.0,0.0
0006HA,1594,2022-09-24 09:03:38,INACTIVE,True,True,0,True,True,True,True,0.0,0.0,0.0,0.0
000481,1808,2022-01-11 12:16:00,INACTIVE,True,True,0,True,True,True,True,0.0,0.0,0.0,0.0
00000U,1692,2021-07-05 17:58:38,INACTIVE,True,True,0,True,True,True,True,0.0,0.0,0.0,0.0
0003JU,149,2025-09-20 13:28:43,INACTIVE,True,True,0,True,True,True,True,0.0,0.0,0.0,0.0
0002CW,601,2022-12-21 17:38:10,INACTIVE,True,True,0,True,True,True,True,0.0,0.0,0.0,0.0
000176,2702,2020-11-16 13:39:45,INACTIVE,True,True,0,True,True,True,True,0.0,0.0,0.0,0.0
0003VM,1262,2023-06-06 14:58:19,INACTIVE,True,True,0,True,True,True,True,0.0,0.0,0.0,0.0
000005,1267,2018-10-14 13:10:23,ACTIVE,2022-11-27,2022-12-28,20994,40350.0000000000,40249.8400000000,0E-10,0E-10,500.57,4302.82,643.3,1055.06
00029T,1263,2019-12-17 20:59:07,INACTIVE,True,True,0,True,True,True,True,0.0,0.0,0.0,0.0
0003HD,231,2025-03-30 11:27:06,INACTIVE,True,True,0,True,True,True,True,0.0,0.0,0.0,0.0
00034N,48,2025-11-12 18:28:59,INACTIVE,True,True,0,True,True,True,True,0.0,0.0,0.0,0.0
0001OU,1747,2019-09-21 09:09:29,INACTIVE,True,True,0,True,True,True,True,0.0,0.0,0.0,0.0
0001AC,2717,2019-09-11 22:38:08,INACTIVE,True,True,0,True,True,True,True,0.0,0.0,0.0,0.0
0005ZT,69,2025-11-26 00:00:00,ACTIVE,2025-11-26,2025-11-26,0,2000.0000000000,999.7500000000,1000.0000000000,0E-10,0.0,0.0,81.2,219.32
0006RW,2815,2019-06-10 08:50:25,INACTIVE,2019-07-09,2019-07-09,33554,True,True,True,True,8349.03,11054.7,0.0,4971.82
00074S,1082,2022-09-16 10:11:19,INACTIVE,True,True,0,True,True,True,True,0.0,0.0,0.0,0.0
0002KX,3304,2019-11-19 18:53:36,INACTIVE,True,True,0,True,True,True,True,0.0,0.0,0.0,0.0
0006C1,2105,2021-10-23 10:36:31,INACTIVE,True,True,0,True,True,True,True,0.0,0.0,0.0,0.0
0001KA,1259,2023-02-18 11:11:18,INACTIVE,True,True,0,True,True,True,True,0.0,0.0,0.0,0.0
000253,867,2023-05-25 12:37:18,INACTIVE,True,True,0,True,True,True,True,0.0,0.0,0.0,0.0
0006EW,185,2025-08-12 06:28:37,INACTIVE,True,True,0,True,True,True,True,0.0,0.0,0.0,0.0
0002NI,944,2023-03-12 07:12:00,INACTIVE,True,True,0,True,True,True,True,0.0,0.0,0.0,0.0
0002ET,742,2022-12-09 10:48:44,INACTIVE,True,True,0,True,True,True,True,0.0,0.0,0.0,0.0
0003L6,650,2024-06-12 23:33:33,ACTIVE,2024-06-13,2024-06-13,33355,50000.0000000000,50000.0000000000,0E-10,0E-10,-42209.86,-38380.69,947.02,-66128.36
00010N,247,2025-06-23 09:21:08,INACTIVE,True,True,0,True,True,True,True,0.0,0.0,0.0,0.0
0000KO,2499,2017-12-26 20:52:05,INACTIVE,True,True,0,True,True,True,True,0.0,0.0,0.0,0.0
0005A3,1165,2023-10-23 05:56:35,INACTIVE,True,True,0,True,True,True,True,0.0,0.0,0.0,0.0
0002PC,1782,2022-06-09 08:31:14,INACTIVE,True,True,0,True,True,True,True,0.0,0.0,0.0,0.0
0000P4,37,2025-12-12 22:27:56,INACTIVE,True,True,0,True,True,True,True,0.0,0.0,0.0,0.0
0004W8,53,2025-09-26 08:31:27,ACTIVE,2025-10-09,2025-10-12,0,2000.0000000000,1990.7500000000,0E-10,1000.0000000000,0.0,0.0,77.47,47.22
0005H2,216,2024-11-24 18:54:14,INACTIVE,True,True,0,True,True,True,True,0.0,0.0,0.0,0.0
0007M6,916,2023-11-03 14:09:23,INACTIVE,True,True,0,True,True,True,True,0.0,0.0,0.0,0.0
00076V,1289,2023-05-10 21:38:51,INACTIVE,True,True,0,True,True,True,True,0.0,0.0,0.0,0.0
0000VJ,50,2025-11-26 13:46:20,INACTIVE,True,True,0,True,True,True,True,0.0,0.0,0.0,0.0
0005HE,500,2023-06-04 00:00:00,EXITED,2023-06-04,2023-06-04,52492,True,True,True,True,-64957.84,-28250.11,0.0,-100543.78
0001O3,2221,2016-08-11 12:24:50,INACTIVE,True,True,0,True,True,True,True,0.0,0.0,0.0,0.0
00014L,511,2024-01-27 03:24:26,INACTIVE,True,True,0,True,True,True,True,0.0,0.0,0.0,0.0
00045S,1872,2021-06-30 08:20:50,INACTIVE,True,True,0,True,True,True,True,0.0,0.0,0.0,0.0
0003V5,1016,2022-04-18 12:58:00,INACTIVE,2023-03-22,2023-03-22,286260,True,True,True,True,-155544.5,-109763.78,0.0,-156691.67
0001GH,1707,2018-04-12 12:30:06,INACTIVE,True,True,0,True,True,True,True,0.0,0.0,0.0,0.0
0007NC,1169,2022-11-05 11:42:10,INACTIVE,True,True,0,True,True,True,True,0.0,0.0,0.0,0.0
0004TS,1602,2022-11-02 20:02:25,INACTIVE,True,True,0,True,True,True,True,0.0,0.0,0.0,0.0
0000AQ,89,2025-10-12 00:31:35,INACTIVE,True,True,0,True,True,True,True,0.0,0.0,0.0,0.0
00024B,925,2022-02-21 13:10:24,INACTIVE,True,True,0,True,True,True,True,0.0,0.0,0.0,0.0
0002CV,464,2024-11-11 01:12:45,INACTIVE,True,True,0,True,True,True,True,0.0,0.0,0.0,0.0
0000AJ,3545,2019-04-02 07:45:00,INACTIVE,True,True,0,True,True,True,True,0.0,0.0,0.0,0.0
0001MS,294,2024-09-24 00:00:00,ACTIVE,2024-09-24,2024-09-24,5517,4200.0000000000,4184.0000000000,0E-10,0E-10,-3688.05,-8299.31,113.85,-8102.79
00063Q,1571,2019-06-27 07:02:03,INACTIVE,True,True,0,True,True,True,True,0.0,0.0,0.0,0.0
0003EA,1870,2021-03-29 14:45:09,INACTIVE,True,True,0,True,True,True,True,0.0,0.0,0.0,0.0
00037U,844,2023-04-16 15:22:42,INACTIVE,True,True,0,True,True,True,True,0.0,0.0,0.0,0.0
0007GU,1633,2022-11-02 15:52:04,INACTIVE,True,True,0,True,True,True,True,0.0,0.0,0.0,0.0
000126,1008,2023-10-07 03:19:16,INACTIVE,True,True,0,True,True,True,True,0.0,0.0,0.0,0.0
0002DA,1800,2018-06-04 21:55:43,INACTIVE,True,True,0,True,True,True,True,0.0,0.0,0.0,0.0
0005AM,1975,2022-02-04 09:30:25,INACTIVE,True,True,0,True,True,True,True,0.0,0.0,0.0,0.0
0005EW,167,2025-08-04 05:57:53,ACTIVE,2025-08-05,2025-08-22,18357,60050.0000000000,59918.1400000000,0E-10,0E-10,-7471.65,-4043.9,1233.15,-6235.96
00052P,1269,2022-07-18 05:40:07,INACTIVE,True,True,0,True,True,True,True,0.0,0.0,0.0,0.0
00026H,1031,2022-04-23 09:54:31,INACTIVE,True,True,0,True,True,True,True,0.0,0.0,0.0,0.0
0004BR,345,2025-03-21 19:51:07,INACTIVE,True,True,0,True,True,True,True,0.0,0.0,0.0,0.0
0001C6,645,2024-10-11 05:34:11,INACTIVE,True,True,0,True,True,True,True,0.0,0.0,0.0,0.0
0001KU,827,2021-11-01 06:32:29,INACTIVE,True,True,0,True,True,True,True,0.0,0.0,0.0,0.0
00057Y,704,2023-11-03 09:02:53,INACTIVE,True,True,0,True,True,True,True,0.0,0.0,0.0,0.0
0003WE,142,2022-06-07 15:24:02,ACTIVE,2022-06-16,2025-10-08,556841,520478.6800000000,519987.8500000000,0E-10,0E-10,-311968.52,187489.67,310.25,-472095.71
0007L5,2009,2019-10-24 11:49:28,INACTIVE,True,True,0,True,True,True,True,0.0,0.0,0.0,0.0
0006ET,416,2023-11-30 09:26:14,INACTIVE,True,True,0,True,True,True,True,0.0,0.0,0.0,0.0
00075D,124,2025-06-23 21:09:14,INACTIVE,True,True,0,True,True,True,True,0.0,0.0,0.0,0.0
0002P2,2685,2019-11-13 09:51:19,INACTIVE,True,True,0,True,True,True,True,0.0,0.0,0.0,0.0
0000ZL,679,2024-06-28 13:46:44,INACTIVE,True,True,0,True,True,True,True,0.0,0.0,0.0,0.0
000180,1629,2018-10-15 10:36:29,INACTIVE,True,True,0,True,True,True,True,0.0,0.0,0.0,0.0
0001I1,16,2024-05-29 13:22:57,ACTIVE,2024-06-14,2025-12-24,1082363,1028281.4500000000,1024955.4900000000,2800.0000000000,0E-10,-249681.03,-53857.86,714.59,-383989.12
0005X5,1643,2018-08-15 19:37:40,ACTIVE,2021-10-24,2021-10-24,0,200.0000000000,0E-10,0E-10,0E-10,0.0,0.0,4.5,2.52
000012,694,2020-12-27 11:41:57,ACTIVE,2022-03-20,2024-06-09,0,200.0000000000,200.0000000000,0E-10,0E-10,0.0,0.0,0.11,0.23
000758,128,2023-11-23 16:16:12,ACTIVE,2025-06-27,2025-07-04,9474,17500.0000000000,17284.7500000000,100.0000000000,100.0000000000,-10139.85,-6731.91,215.9,-15636.0
0001O6,183,2025-07-08 07:51:39,INACTIVE,True,True,0,True,True,True,True,0.0,0.0,0.0,0.0
00069R,1,2025-06-28 00:00:00,ACTIVE,2025-06-28,2026-01-14,0,318900.0000000000,287669.3000000000,10300.0000000000,0E-10,0.0,0.0,1562.27,1006.53
0001NE,736,2022-05-18 16:43:38,INACTIVE,True,True,0,True,True,True,True,0.0,0.0,0.0,0.0
0006ON,325,2024-10-23 20:11:34,INACTIVE,True,True,0,True,True,True,True,0.0,0.0,0.0,0.0
00018Q,633,2024-10-26 06:40:43,INACTIVE,True,True,0,True,True,True,True,0.0,0.0,0.0,0.0
00029M,88,2025-11-12 15:23:59,INACTIVE,True,True,0,True,True,True,True,0.0,0.0,0.0,0.0
0001KO,1320,2021-08-24 20:44:26,INACTIVE,True,True,0,True,True,True,True,0.0,0.0,0.0,0.0
0004VY,3501,2019-01-13 13:00:41,INACTIVE,True,True,0,True,True,True,True,0.0,0.0,0.0,0.0
0007BR,67,2025-11-17 10:15:38,INACTIVE,True,True,0,True,True,True,True,0.0,0.0,0.0,0.0
0001XU,2083,2022-03-11 22:09:33,INACTIVE,True,True,0,True,True,True,True,0.0,0.0,0.0,0.0
00028M,236,2025-08-07 08:16:56,INACTIVE,True,True,0,True,True,True,True,0.0,0.0,0.0,0.0
00074O,1646,2022-01-02 20:13:44,INACTIVE,True,True,0,True,True,True,True,0.0,0.0,0.0,0.0
00062Q,1841,2020-10-31 16:58:09,INACTIVE,True,True,0,True,True,True,True,0.0,0.0,0.0,0.0
00069J,25,2025-02-17 00:00:00,ACTIVE,2025-02-17,2025-12-07,0,363528.0000000000,361055.3200000000,2400.0000000000,0E-10,0.0,0.0,646.07,583.17
000710,776,2023-12-24 21:37:04,INACTIVE,True,True,0,True,True,True,True,0.0,0.0,0.0,0.0
0006LO,1971,2020-01-13 11:08:10,INACTIVE,True,True,0,True,True,True,True,0.0,0.0,0.0,0.0
0000K4,1715,2021-12-10 17:45:30,INACTIVE,True,True,0,True,True,True,True,0.0,0.0,0.0,0.0
00027T,1119,2020-11-04 12:38:39,INACTIVE,True,True,0,True,True,True,True,0.0,0.0,0.0,0.0
0005E7,8,2026-01-09 14:10:21,INACTIVE,True,True,0,True,True,True,True,0.0,0.0,0.0,0.0
0000TC,602,2024-07-12 14:03:54,ACTIVE,2024-10-07,2024-12-01,0,197395.0000000000,242684.0000000000,7750.0000000000,0E-10,0.0,0.0,3510.08,1618.56
00004B,197,2025-04-12 07:58:46,INACTIVE,True,True,0,True,True,True,True,0.0,0.0,0.0,0.0
0006EH,1237,2023-01-19 20:02:17,INACTIVE,True,True,0,True,True,True,True,0.0,0.0,0.0,0.0
0006B7,1716,2022-06-07 19:03:09,INACTIVE,True,True,0,True,True,True,True,0.0,0.0,0.0,0.0
0004NI,738,2023-04-11 11:46:30,ACTIVE,2023-12-07,2024-02-15,148553,60000.0000000000,59600.0000000000,400.0000000000,0E-10,26218.92,58192.63,593.99,28593.49
00035W,2723,2020-11-05 15:04:45,INACTIVE,True,True,0,True,True,True,True,0.0,0.0,0.0,0.0
0006QJ,1270,2022-08-09 14:13:32,INACTIVE,True,True,0,True,True,True,True,0.0,0.0,0.0,0.0
00076J,124,2025-08-07 07:13:35,INACTIVE,True,True,0,True,True,True,True,0.0,0.0,0.0,0.0
0003UV,1033,2023-02-17 13:19:09,INACTIVE,True,True,0,True,True,True,True,0.0,0.0,0.0,0.0
0006M9,1343,2022-04-26 22:23:13,INACTIVE,True,True,0,True,True,True,True,0.0,0.0,0.0,0.0
0002ID,141,2025-07-12 08:48:42,INACTIVE,True,True,0,True,True,True,True,0.0,0.0,0.0,0.0
00077R,1161,2023-07-28 13:17:01,INACTIVE,True,True,0,True,True,True,True,0.0,0.0,0.0,0.0
0000PL,64,2018-10-12 12:36:03,ACTIVE,2025-05-21,2025-11-19,4187211,3736889.8100000000,3735956.8900000000,0E-10,0E-10,-3367775.66,-4226805.58,7525.65,-4765146.37
0003AI,2246,2018-12-23 06:39:31,INACTIVE,True,True,0,True,True,True,True,0.0,0.0,0.0,0.0
0006TJ,2232,2019-05-30 13:23:19,INACTIVE,True,True,0,True,True,True,True,0.0,0.0,0.0,0.0
0005GE,476,2018-01-10 09:18:53,ACTIVE,2019-09-20,2024-07-18,971712,30200.0000000000,0E-10,0E-10,0E-10,-34898.7,159289.55,16.6,-15710.0
0000MS,2258,2019-07-09 18:11:09,INACTIVE,True,True,0,True,True,True,True,0.0,0.0,0.0,0.0
0004YV,464,2018-01-22 12:22:27,ACTIVE,2024-09-19,2024-10-21,10097,16500.0000000000,14468.0000000000,2000.0000000000,0E-10,-10636.9,-9454.38,700.53,-4945.54
0000MI,241,2025-03-31 09:15:54,INACTIVE,True,True,0,True,True,True,True,0.0,0.0,0.0,0.0
0007IL,1939,2022-01-05 12:31:01,INACTIVE,True,True,0,True,True,True,True,0.0,0.0,0.0,0.0
00039B,1500,2023-03-02 20:13:40,INACTIVE,True,True,0,True,True,True,True,0.0,0.0,0.0,0.0
00058T,812,2023-11-13 14:18:27,INACTIVE,True,True,0,True,True,True,True,0.0,0.0,0.0,0.0
000109,1205,2023-04-12 06:39:03,EXITED,2023-04-26,2023-04-26,83690,True,True,True,True,-157377.45,-76650.69,0.0,-154277.3
00006U,2167,2021-11-22 09:28:43,INACTIVE,True,True,0,True,True,True,True,0.0,0.0,0.0,0.0
0006UH,116,2025-07-31 21:55:34,INACTIVE,True,True,0,True,True,True,True,0.0,0.0,0.0,0.0
0005JU,41,2018-05-02 12:15:04,ACTIVE,2025-07-09,2025-11-17,41547,61810.0000000000,61215.2900000000,0E-10,0E-10,-1316.6,6563.03,325.83,-1144.39
0006TC,41,2025-11-04 14:20:46,INACTIVE,True,True,0,True,True,True,True,0.0,0.0,0.0,0.0
00059F,439,2024-08-06 16:08:36,ACTIVE,2024-08-09,2024-10-06,6579,21770.0000000000,15257.5000000000,6450.0000000000,0E-10,-8018.39,-10666.43,832.13,-13495.74
0001TQ,688,2023-10-10 07:04:30,INACTIVE,True,True,0,True,True,True,True,0.0,0.0,0.0,0.0
0004I1,449,2018-05-29 14:36:00,ACTIVE,2024-10-10,2024-11-18,48900,86925.0000000000,86774.5500000000,0E-10,500.0000000000,-6534.39,-3683.82,1958.19,-5939.75
0006EM,505,2024-08-02 23:58:30,INACTIVE,True,True,0,True,True,True,True,0.0,0.0,0.0,0.0
0004J0,224,2025-02-24 17:30:25,INACTIVE,True,True,0,True,True,True,True,0.0,0.0,0.0,0.0
00050N,279,2025-03-08 19:40:35,INACTIVE,True,True,0,True,True,True,True,0.0,0.0,0.0,0.0
0000B5,153,2025-04-01 20:05:45,INACTIVE,True,True,0,True,True,True,True,0.0,0.0,0.0,0.0
00050K,2565,2018-08-07 13:40:38,INACTIVE,2018-08-13,2019-04-09,393418,True,True,True,True,37691.6,174653.31,0.0,41039.86
00000W,2420,2017-06-12 07:42:11,INACTIVE,True,True,0,True,True,True,True,0.0,0.0,0.0,0.0
0004YH,268,2024-08-13 10:17:31,ACTIVE,2024-09-16,2024-11-03,0,48215.5900000000,48000.0000000000,100.0000000000,0E-10,0.0,0.0,599.88,690.95
0002PV,652,2022-08-12 13:16:42,INACTIVE,2022-09-12,2022-11-20,50386,True,True,True,True,-524.11,5375.61,0.0,-1200.68
0007LJ,627,2024-08-17 00:00:00,ACTIVE,2024-08-17,2024-08-17,10490,7513.9800000000,7500.0000000000,0E-10,0E-10,-10149.1,-7291.96,155.31,-12094.19
0003KG,774,2023-03-16 12:31:52,INACTIVE,True,True,0,True,True,True,True,0.0,0.0,0.0,0.0
0002G3,1488,2020-10-19 14:19:35,ACTIVE,2022-07-11,2022-07-11,0,200.0000000000,0E-10,0E-10,0E-10,0.0,0.0,3.08,5.73
0006IF,1563,2022-10-15 16:30:49,INACTIVE,True,True,0,True,True,True,True,0.0,0.0,0.0,0.0
0004F6,1123,2022-12-19 08:15:11,INACTIVE,True,True,0,True,True,True,True,0.0,0.0,0.0,0.0
0004GE,12,2025-12-27 05:30:14,INACTIVE,True,True,0,True,True,True,True,0.0,0.0,0.0,0.0
00013Q,1751,2021-09-27 16:14:01,INACTIVE,True,True,0,True,True,True,True,0.0,0.0,0.0,0.0
0006VH,653,2022-11-16 17:20:25,INACTIVE,2022-11-29,2022-11-29,115761,True,True,True,True,28207.27,62175.52,0.0,14909.84
0004YY,3734,2018-04-12 00:00:00,EXITED,2018-04-12,2018-04-12,14460,True,True,True,True,-8398.35,-13647.15,0.0,-7225.16
0000ZE,62,2025-11-26 00:00:00,ACTIVE,2025-11-26,2025-11-27,0,2000.0000000000,1000.0000000000,1000.0000000000,0E-10,0.0,0.0,147.79,192.95
0004EU,2183,2019-06-01 11:34:20,INACTIVE,True,True,0,True,True,True,True,0.0,0.0,0.0,0.0
0004B5,3516,2013-07-10 00:00:00,INACTIVE,2013-07-11,2013-07-11,120557,True,True,True,True,0.0,0.0,0.0,0.0
0005CA,3523,2018-01-24 04:11:23,INACTIVE,True,True,0,True,True,True,True,0.0,0.0,0.0,0.0
00012C,1361,2022-07-20 21:30:45,INACTIVE,True,True,0,True,True,True,True,0.0,0.0,0.0,0.0
000771,1545,2019-06-26 02:36:20,INACTIVE,True,True,0,True,True,True,True,0.0,0.0,0.0,0.0
0002LP,3182,2019-02-14 07:18:24,INACTIVE,True,True,0,True,True,True,True,0.0,0.0,0.0,0.0
00038V,741,2023-08-11 02:47:34,INACTIVE,True,True,0,True,True,True,True,0.0,0.0,0.0,0.0
0006CF,2442,2021-03-30 07:27:47,INACTIVE,True,True,0,True,True,True,True,0.0,0.0,0.0,0.0
0004HF,2974,2019-12-01 11:19:14,INACTIVE,True,True,0,True,True,True,True,0.0,0.0,0.0,0.0
0002I0,316,2024-12-04 05:58:53,INACTIVE,True,True,0,True,True,True,True,0.0,0.0,0.0,0.0
0006MA,1856,2019-04-25 18:14:41,INACTIVE,True,True,0,True,True,True,True,0.0,0.0,0.0,0.0
0002XJ,1849,2020-05-27 17:18:26,INACTIVE,True,True,0,True,True,True,True,0.0,0.0,0.0,0.0
00073N,2953,2019-11-04 00:35:36,INACTIVE,True,True,0,True,True,True,True,0.0,0.0,0.0,0.0
0005JX,486,2023-12-07 14:37:34,INACTIVE,True,True,0,True,True,True,True,0.0,0.0,0.0,0.0
0003UW,107,2025-08-01 00:00:00,ACTIVE,2025-08-01,2025-09-06,0,7300.0000000000,6010.7500000000,200.0000000000,1000.0000000000,0.0,0.0,227.38,135.61
0006R3,39,2025-12-12 12:32:14,INACTIVE,True,True,0,True,True,True,True,0.0,0.0,0.0,0.0
0004ES,25,2025-11-29 13:00:36,INACTIVE,True,True,0,True,True,True,True,0.0,0.0,0.0,0.0
0001RA,514,2023-07-05 03:06:48,INACTIVE,True,True,0,True,True,True,True,0.0,0.0,0.0,0.0
0002QK,647,2024-08-20 06:13:37,INACTIVE,True,True,0,True,True,True,True,0.0,0.0,0.0,0.0
0000KX,2943,2018-02-23 13:21:20,INACTIVE,2018-02-27,2018-02-27,201698,True,True,True,True,32782.83,80297.33,0.0,22649.47
00043M,2487,2019-08-08 16:51:31,INACTIVE,True,True,0,True,True,True,True,0.0,0.0,0.0,0.0
00017P,74,2025-10-08 18:35:05,INACTIVE,True,True,0,True,True,True,True,0.0,0.0,0.0,0.0
0002UE,25,2025-12-22 11:21:12,INACTIVE,True,True,0,True,True,True,True,0.0,0.0,0.0,0.0
00079J,2730,2018-11-16 12:12:06,INACTIVE,2018-11-21,2018-11-21,259565,True,True,True,True,-22226.71,10280.9,0.0,-26014.46
000443,2085,2019-10-17 12:44:33,INACTIVE,True,True,0,True,True,True,True,0.0,0.0,0.0,0.0
0004DW,3327,2019-10-27 17:29:32,INACTIVE,True,True,0,True,True,True,True,0.0,0.0,0.0,0.0
0002UM,147,2025-04-22 21:26:35,INACTIVE,True,True,0,True,True,True,True,0.0,0.0,0.0,0.0
0001JV,2097,2019-10-07 20:40:34,INACTIVE,True,True,0,True,True,True,True,0.0,0.0,0.0,0.0
00024H,764,2024-07-01 08:31:32,INACTIVE,True,True,0,True,True,True,True,0.0,0.0,0.0,0.0
0003RY,773,2023-01-17 13:43:47,INACTIVE,True,True,0,True,True,True,True,0.0,0.0,0.0,0.0
0002IZ,2574,2021-02-16 10:58:58,INACTIVE,True,True,0,True,True,True,True,0.0,0.0,0.0,0.0
0003KR,1808,2020-09-09 11:26:38,INACTIVE,True,True,0,True,True,True,True,0.0,0.0,0.0,0.0
0003LI,1467,2019-12-04 00:03:05,INACTIVE,True,True,0,True,True,True,True,0.0,0.0,0.0,0.0
0005ZM,931,2021-09-28 14:19:02,INACTIVE,True,True,0,True,True,True,True,0.0,0.0,0.0,0.0
000554,1971,2019-07-08 12:26:21,INACTIVE,True,True,0,True,True,True,True,0.0,0.0,0.0,0.0
00031X,314,2025-06-08 17:46:59,INACTIVE,True,True,0,True,True,True,True,0.0,0.0,0.0,0.0
0007C6,3919,2018-05-15 00:00:00,EXITED,2018-05-15,2018-08-02,41064,True,True,True,True,-21211.7,-27692.88,0.0,-29300.32
0000WQ,478,2024-10-22 03:29:16,INACTIVE,True,True,0,True,True,True,True,0.0,0.0,0.0,0.0
0004LA,278,2024-10-22 07:06:31,INACTIVE,True,True,0,True,True,True,True,0.0,0.0,0.0,0.0
000080,713,2024-01-01 03:38:22,INACTIVE,True,True,0,True,True,True,True,0.0,0.0,0.0,0.0
0004PK,2085,2019-10-27 14:18:20,INACTIVE,True,True,0,True,True,True,True,0.0,0.0,0.0,0.0
0000I3,268,2024-09-08 17:41:03,ACTIVE,2024-09-09,2025-01-14,3516,30300.0000000000,32300.0000000000,0E-10,0E-10,-4383.06,-5859.68,217.61,-6542.57
00075U,1246,2020-02-13 15:00:33,INACTIVE,True,True,0,True,True,True,True,0.0,0.0,0.0,0.0
0003A9,2053,2019-08-31 16:05:37,INACTIVE,True,True,0,True,True,True,True,0.0,0.0,0.0,0.0
00016J,601,2024-02-26 13:47:22,INACTIVE,True,True,0,True,True,True,True,0.0,0.0,0.0,0.0
0007OI,917,2023-12-15 18:36:25,INACTIVE,True,True,0,True,True,True,True,0.0,0.0,0.0,0.0
0005FQ,2106,2019-08-05 16:55:19,INACTIVE,True,True,0,True,True,True,True,0.0,0.0,0.0,0.0
00041V,700,2022-04-22 08:36:23,INACTIVE,True,True,0,True,True,True,True,0.0,0.0,0.0,0.0
000452,630,2020-11-07 11:50:29,ACTIVE,2022-09-22,2022-09-22,0,500.0000000000,500.0000000000,0E-10,0E-10,0.0,0.0,12.81,8.64
0005F9,2262,2020-10-28 08:32:56,INACTIVE,True,True,0,True,True,True,True,0.0,0.0,0.0,0.0
0000M1,771,2024-03-22 08:43:59,INACTIVE,True,True,0,True,True,True,True,0.0,0.0,0.0,0.0
0002VK,369,2024-07-05 11:47:50,INACTIVE,True,True,0,True,True,True,True,0.0,0.0,0.0,0.0
0000NQ,1103,2023-10-23 12:07:05,INACTIVE,2023-10-31,2023-10-31,300410,True,True,True,True,-138658.32,110668.04,0.0,-249586.33
00067W,3031,2018-11-23 10:22:11,INACTIVE,2018-11-26,2018-11-26,83422,True,True,True,True,30508.75,96329.76,0.0,16198.09
0001T9,24,2025-12-10 00:00:00,ACTIVE,2025-12-10,2025-12-10,0,2000.0000000000,999.7500000000,1000.0000000000,0E-10,0.0,0.0,138.63,196.4
0005QD,1596,2020-06-28 12:12:26,INACTIVE,True,True,0,True,True,True,True,0.0,0.0,0.0,0.0
0005PU,4137,2018-04-09 16:53:33,EXITED,2018-04-10,2018-05-10,13013,True,True,True,True,-5008.05,-1793.3,0.0,-4015.0
0007HM,991,2023-01-19 19:36:59,INACTIVE,True,True,0,True,True,True,True,0.0,0.0,0.0,0.0
0001YC,441,2024-05-26 14:57:18,INACTIVE,True,True,0,True,True,True,True,0.0,0.0,0.0,0.0
0001FQ,2543,2019-03-30 20:41:39,INACTIVE,True,True,0,True,True,True,True,0.0,0.0,0.0,0.0
0003DY,50,2025-11-05 18:01:55,INACTIVE,True,True,0,True,True,True,True,0.0,0.0,0.0,0.0
0006TG,1196,2023-07-04 10:22:15,INACTIVE,True,True,0,True,True,True,True,0.0,0.0,0.0,0.0
0005QH,199,2025-08-14 17:56:46,INACTIVE,True,True,0,True,True,True,True,0.0,0.0,0.0,0.0
0003CB,5,2026-01-11 20:32:21,INACTIVE,True,True,0,True,True,True,True,0.0,0.0,0.0,0.0
0006HB,2991,2018-06-11 00:00:00,EXITED,2018-06-11,2018-09-17,34615,True,True,True,True,-35394.4,-47825.18,0.0,-48524.58
00068N,118,2025-10-08 21:11:05,INACTIVE,True,True,0,True,True,True,True,0.0,0.0,0.0,0.0
0001U3,1146,2022-03-22 08:45:37,INACTIVE,True,True,0,True,True,True,True,0.0,0.0,0.0,0.0
0006JP,2592,2020-11-22 06:14:23,INACTIVE,True,True,0,True,True,True,True,0.0,0.0,0.0,0.0
0004I4,448,2024-02-20 23:05:53,INACTIVE,True,True,0,True,True,True,True,0.0,0.0,0.0,0.0
0002KE,933,2022-08-27 11:27:41,INACTIVE,True,True,0,True,True,True,True,0.0,0.0,0.0,0.0
00043Z,3400,2019-10-21 10:50:28,INACTIVE,True,True,0,True,True,True,True,0.0,0.0,0.0,0.0
0002G5,540,2025-01-10 10:33:27,INACTIVE,True,True,0,True,True,True,True,0.0,0.0,0.0,0.0
0001HL,516,2024-08-21 19:22:23,INACTIVE,True,True,0,True,True,True,True,0.0,0.0,0.0,0.0
0001QB,1570,2021-09-27 19:26:58,INACTIVE,True,True,0,True,True,True,True,0.0,0.0,0.0,0.0
0004QF,703,2022-12-02 08:32:20,INACTIVE,True,True,0,True,True,True,True,0.0,0.0,0.0,0.0
0001CE,77,2025-11-10 03:28:19,INACTIVE,True,True,0,True,True,True,True,0.0,0.0,0.0,0.0
00023V,70,2025-09-06 00:51:01,INACTIVE,True,True,0,True,True,True,True,0.0,0.0,0.0,0.0
0004D8,1069,2022-06-12 23:53:56,INACTIVE,True,True,0,True,True,True,True,0.0,0.0,0.0,0.0
000411,2529,2018-07-02 07:32:32,INACTIVE,True,True,0,True,True,True,True,0.0,0.0,0.0,0.0
0004L1,3226,2019-09-15 12:50:32,INACTIVE,True,True,0,True,True,True,True,0.0,0.0,0.0,0.0
0001A8,831,2019-09-15 12:25:21,ACTIVE,2024-06-28,2024-06-28,3181,5000.0000000000,4950.0000000000,0E-10,0E-10,-657.83,197.85,128.79,-809.07
0006V1,31,2019-04-03 15:08:58,ACTIVE,2025-10-17,2025-12-25,31393,75185.0000000000,74069.9200000000,1000.0000000000,0E-10,-34919.9,-12391.91,956.97,-39429.11
00022A,23,2025-12-28 13:29:23,INACTIVE,True,True,0,True,True,True,True,0.0,0.0,0.0,0.0
0005O3,704,2023-08-08 12:43:19,INACTIVE,True,True,0,True,True,True,True,0.0,0.0,0.0,0.0
0007CK,74,2025-08-24 09:08:18,ACTIVE,2025-08-31,2025-09-01,0,1000.0000000000,0E-10,1000.0000000000,0E-10,0.0,0.0,77.4,120.64
0000RJ,43,2025-10-04 12:37:04,ACTIVE,2025-10-07,2025-11-30,26135,96500.0000000000,96121.9900000000,0E-10,0E-10,-21144.66,-3815.24,1317.05,-13720.79
0004I5,6,2026-01-08 15:40:44,INACTIVE,True,True,0,True,True,True,True,0.0,0.0,0.0,0.0
0003HB,422,2025-01-15 00:17:52,INACTIVE,True,True,0,True,True,True,True,0.0,0.0,0.0,0.0
000349,2229,2019-01-13 05:41:04,INACTIVE,True,True,0,True,True,True,True,0.0,0.0,0.0,0.0
000312,1046,2023-12-25 15:09:46,INACTIVE,True,True,0,True,True,True,True,0.0,0.0,0.0,0.0
0005TW,458,2024-08-09 17:55:34,INACTIVE,True,True,0,True,True,True,True,0.0,0.0,0.0,0.0
0004BG,2099,2019-06-30 10:35:04,INACTIVE,True,True,0,True,True,True,True,0.0,0.0,0.0,0.0
0001N1,2109,2021-06-15 12:15:05,INACTIVE,True,True,0,True,True,True,True,0.0,0.0,0.0,0.0
0001MA,1105,2023-04-07 07:30:24,INACTIVE,True,True,0,True,True,True,True,0.0,0.0,0.0,0.0
0003PK,2162,2018-03-16 18:00:07,INACTIVE,True,True,0,True,True,True,True,0.0,0.0,0.0,0.0
0006V6,219,2025-07-13 12:02:09,INACTIVE,True,True,0,True,True,True,True,0.0,0.0,0.0,0.0
0001AZ,1844,2021-04-16 20:34:27,INACTIVE,True,True,0,True,True,True,True,0.0,0.0,0.0,0.0
000749,1200,2020-08-08 11:24:40,INACTIVE,True,True,0,True,True,True,True,0.0,0.0,0.0,0.0
0003SR,3059,2017-05-16 14:09:10,EXITED,2017-05-19,2017-05-19,148793,True,True,True,True,517460.09,259789.81,0.0,507373.13
0002NL,2845,2020-07-20 15:12:23,INACTIVE,True,True,0,True,True,True,True,0.0,0.0,0.0,0.0
0001KQ,1018,2022-02-15 00:00:00,ACTIVE,2022-02-15,2022-02-15,0,100.0000000000,0E-10,0E-10,0E-10,0.0,0.0,1.31,1.7
0006GO,1801,2020-08-25 22:05:31,INACTIVE,True,True,0,True,True,True,True,0.0,0.0,0.0,0.0
0005VV,802,2023-03-19 12:45:37,INACTIVE,True,True,0,True,True,True,True,0.0,0.0,0.0,0.0
0001IN,1630,2021-08-05 10:35:38,ACTIVE,2021-08-11,2021-09-26,212992,41800.0000000000,41769.8500000000,0E-10,0E-10,-17823.46,121199.58,842.74,-18663.27
0006YR,1969,2022-05-21 05:25:46,INACTIVE,True,True,0,True,True,True,True,0.0,0.0,0.0,0.0
0002PO,935,2022-11-18 14:34:07,INACTIVE,True,True,0,True,True,True,True,0.0,0.0,0.0,0.0
0001OQ,2924,2020-01-13 16:42:36,INACTIVE,True,True,0,True,True,True,True,0.0,0.0,0.0,0.0
00036C,1049,2022-05-05 09:52:50,ACTIVE,2022-05-10,2023-11-23,503928,810.6600000000,0E-10,0E-10,0E-10,17128.74,163169.58,0.67,15841.91
0003WB,1639,2020-02-18 11:21:20,INACTIVE,True,True,0,True,True,True,True,0.0,0.0,0.0,0.0
0002CO,3454,2018-08-11 15:43:23,INACTIVE,True,True,0,True,True,True,True,0.0,0.0,0.0,0.0
0001G7,3311,2019-12-13 15:34:08,INACTIVE,True,True,0,True,True,True,True,0.0,0.0,0.0,0.0
0006HJ,997,2024-02-29 12:34:22,INACTIVE,True,True,0,True,True,True,True,0.0,0.0,0.0,0.0
000799,178,2018-09-28 10:22:16,ACTIVE,2018-10-02,2025-08-07,292678,184270.0000000000,186041.4400000000,3000.0000000000,0E-10,-61170.19,44443.28,47.37,-44327.31
00002L,192,2025-03-27 11:15:45,INACTIVE,True,True,0,True,True,True,True,0.0,0.0,0.0,0.0
00049X,1200,2020-09-26 12:01:57,INACTIVE,True,True,0,True,True,True,True,0.0,0.0,0.0,0.0
0007A3,858,2022-12-23 00:11:13,INACTIVE,True,True,0,True,True,True,True,0.0,0.0,0.0,0.0
00059W,2713,2019-04-19 10:29:12,INACTIVE,True,True,0,True,True,True,True,0.0,0.0,0.0,0.0
0006JM,615,2024-02-21 13:12:50,INACTIVE,True,True,0,True,True,True,True,0.0,0.0,0.0,0.0
00048G,2303,2020-10-12 16:49:07,INACTIVE,True,True,0,True,True,True,True,0.0,0.0,0.0,0.0
0005KE,507,2020-03-11 07:25:55,ACTIVE,2024-08-15,2024-12-17,12621,19450.0000000000,18024.5000000000,1400.0000000000,0E-10,-10821.97,-10609.25,88.24,-6559.75
0004AE,143,2025-06-19 17:56:46,INACTIVE,True,True,0,True,True,True,True,0.0,0.0,0.0,0.0
0004SI,268,2025-07-08 19:04:51,INACTIVE,True,True,0,True,True,True,True,0.0,0.0,0.0,0.0
000298,43,2025-03-27 18:20:46,ACTIVE,2025-03-31,2025-10-30,533390,2171890.0000000000,2095821.3200000000,0E-10,0E-10,-1717256.07,121489.19,3446.2,-2101582.58
000007,1869,2019-05-09 14:33:37,INACTIVE,True,True,0,True,True,True,True,0.0,0.0,0.0,0.0
0007NY,911,2024-02-22 23:03:25,INACTIVE,True,True,0,True,True,True,True,0.0,0.0,0.0,0.0
0002HM,153,2025-06-05 10:16:09,INACTIVE,True,True,0,True,True,True,True,0.0,0.0,0.0,0.0
0000IW,34,2025-11-29 12:36:39,INACTIVE,True,True,0,True,True,True,True,0.0,0.0,0.0,0.0
0001LG,1942,2022-06-09 12:02:24,INACTIVE,True,True,0,True,True,True,True,0.0,0.0,0.0,0.0
0002G6,1695,2022-10-03 07:49:22,INACTIVE,True,True,0,True,True,True,True,0.0,0.0,0.0,0.0
00025U,3,2026-01-07 20:50:59,ACTIVE,2026-01-08,2026-01-13,0,20000.0000000000,19526.8800000000,0E-10,10000.0000000000,0.0,0.0,445.56,737.91
000697,347,2024-08-18 17:50:55,INACTIVE,True,True,0,True,True,True,True,0.0,0.0,0.0,0.0
0004M6,166,2025-03-29 00:00:00,ACTIVE,2025-03-29,2025-06-09,78593,201100.0000000000,200078.8200000000,850.0000000000,0E-10,-81031.79,-3564.66,2730.0,-83171.51
00004S,740,2023-04-14 00:00:00,INACTIVE,2023-04-14,2023-04-14,45914,True,True,True,True,-52773.03,-50564.37,0.0,-53484.57
000231,1347,2020-09-09 07:40:53,INACTIVE,True,True,0,True,True,True,True,0.0,0.0,0.0,0.0
0004E1,1172,2023-11-10 14:47:08,INACTIVE,True,True,0,True,True,True,True,0.0,0.0,0.0,0.0
0006UD,1115,2021-06-16 09:35:43,INACTIVE,True,True,0,True,True,True,True,0.0,0.0,0.0,0.0
0007CO,994,2023-11-10 11:23:32,INACTIVE,True,True,0,True,True,True,True,0.0,0.0,0.0,0.0
0004U1,1621,2017-12-27 13:18:24,INACTIVE,True,True,0,True,True,True,True,0.0,0.0,0.0,0.0
0005RX,2680,2019-01-03 15:50:19,INACTIVE,2019-01-04,2019-01-04,200315,True,True,True,True,754458.99,1602958.69,0.0,671159.59
0002XI,1166,2020-06-12 18:17:20,INACTIVE,True,True,0,True,True,True,True,0.0,0.0,0.0,0.0
0001JN,968,2021-04-27 17:12:43,INACTIVE,True,True,0,True,True,True,True,0.0,0.0,0.0,0.0
0003AM,102,2025-08-28 19:04:20,INACTIVE,True,True,0,True,True,True,True,0.0,0.0,0.0,0.0
0006N8,46,2025-12-14 09:00:32,INACTIVE,True,True,0,True,True,True,True,0.0,0.0,0.0,0.0
00025M,904,2023-11-13 00:00:00,INACTIVE,2023-11-13,2023-11-13,7972,True,True,True,True,-10672.58,-6888.06,0.0,-5575.13
000592,729,2024-04-22 10:00:15,INACTIVE,True,True,0,True,True,True,True,0.0,0.0,0.0,0.0
0000WR,1823,2019-10-14 12:00:42,INACTIVE,True,True,0,True,True,True,True,0.0,0.0,0.0,0.0
0001FG,1593,2022-06-23 11:36:59,INACTIVE,True,True,0,True,True,True,True,0.0,0.0,0.0,0.0
0003J3,2161,2021-01-12 08:45:43,INACTIVE,True,True,0,True,True,True,True,0.0,0.0,0.0,0.0
0005O8,117,2025-09-15 12:53:01,INACTIVE,True,True,0,True,True,True,True,0.0,0.0,0.0,0.0
0005AP,1368,2022-11-15 12:34:43,INACTIVE,True,True,0,True,True,True,True,0.0,0.0,0.0,0.0
0004HK,2043,2021-12-13 22:40:51,INACTIVE,True,True,0,True,True,True,True,0.0,0.0,0.0,0.0
0003PJ,1330,2023-07-13 11:06:51,EXITED,2023-07-19,2023-07-19,6079,5000.0000000000,5000.0000000000,0E-10,0E-10,-5064.94,-9330.08,75.72,-6805.33
0003NZ,4744,2017-05-12 00:00:00,EXITED,2017-05-12,2017-05-12,18047,True,True,True,True,-9429.83,-5309.06,0.0,-12739.58
0002J1,473,2024-09-23 11:30:00,INACTIVE,True,True,0,True,True,True,True,0.0,0.0,0.0,0.0
00011V,808,2021-11-21 22:48:43,INACTIVE,True,True,0,True,True,True,True,0.0,0.0,0.0,0.0
0007IO,1026,2022-03-10 19:13:57,INACTIVE,True,True,0,True,True,True,True,0.0,0.0,0.0,0.0
0003OW,1212,2021-04-12 11:42:13,INACTIVE,True,True,0,True,True,True,True,0.0,0.0,0.0,0.0
0007GJ,1927,2019-06-14 16:23:53,INACTIVE,True,True,0,True,True,True,True,0.0,0.0,0.0,0.0
0000OT,1991,2019-09-15 15:02:37,INACTIVE,True,True,0,True,True,True,True,0.0,0.0,0.0,0.0
0004T8,1113,2023-06-08 20:20:22,INACTIVE,True,True,0,True,True,True,True,0.0,0.0,0.0,0.0
0000KP,2629,2019-01-07 10:08:36,INACTIVE,2019-01-09,2019-01-09,806258,True,True,True,True,-42497.03,257671.7,0.0,-42554.99
0006LG,2684,2019-08-26 09:00:43,INACTIVE,True,True,0,True,True,True,True,0.0,0.0,0.0,0.0
000542,255,2025-07-26 00:15:50,INACTIVE,True,True,0,True,True,True,True,0.0,0.0,0.0,0.0
00026I,951,2021-04-19 20:17:22,INACTIVE,True,True,0,True,True,True,True,0.0,0.0,0.0,0.0
0004N1,849,2021-07-10 10:42:21,INACTIVE,True,True,0,True,True,True,True,0.0,0.0,0.0,0.0
0005DB,918,2023-11-19 08:38:21,INACTIVE,True,True,0,True,True,True,True,0.0,0.0,0.0,0.0
0000ZK,1645,2021-09-26 04:05:34,INACTIVE,True,True,0,True,True,True,True,0.0,0.0,0.0,0.0
00073S,1005,2023-03-29 08:03:47,INACTIVE,True,True,0,True,True,True,True,0.0,0.0,0.0,0.0
0005GO,3240,2019-06-27 06:55:29,INACTIVE,True,True,0,True,True,True,True,0.0,0.0,0.0,0.0
0004RT,777,2022-10-24 20:09:25,INACTIVE,True,True,0,True,True,True,True,0.0,0.0,0.0,0.0
0001I7,100,2025-10-05 06:41:04,ACTIVE,2025-10-13,2025-10-14,0,2000.0000000000,1991.5000000000,0E-10,0E-10,0.0,0.0,58.79,58.95
0006D8,2242,2021-10-02 19:37:25,INACTIVE,True,True,0,True,True,True,True,0.0,0.0,0.0,0.0
0000BT,2115,2019-12-02 13:50:21,INACTIVE,True,True,0,True,True,True,True,0.0,0.0,0.0,0.0
0004UJ,903,2023-10-02 15:51:16,INACTIVE,True,True,0,True,True,True,True,0.0,0.0,0.0,0.0
0000ET,1417,2019-03-27 00:00:00,INACTIVE,2019-03-27,2019-03-27,178943,True,True,True,True,153166.25,281254.96,0.0,113726.31
0000KW,1601,2020-11-17 13:31:50,INACTIVE,True,True,0,True,True,True,True,0.0,0.0,0.0,0.0
0001AF,1145,2020-04-02 18:49:49,INACTIVE,True,True,0,True,True,True,True,0.0,0.0,0.0,0.0
0005GD,2353,2014-09-19 00:00:00,INACTIVE,2014-09-22,2020-01-13,591263,True,True,True,True,-31351.58,17354.98,0.0,-29047.34
0001II,1073,2023-05-07 08:08:41,INACTIVE,True,True,0,True,True,True,True,0.0,0.0,0.0,0.0
0005A9,319,2025-06-09 11:38:12,INACTIVE,True,True,0,True,True,True,True,0.0,0.0,0.0,0.0
000624,1185,2023-03-11 17:11:36,INACTIVE,True,True,0,True,True,True,True,0.0,0.0,0.0,0.0
0000LY,1151,2019-10-11 13:04:11,INACTIVE,True,True,0,True,True,True,True,0.0,0.0,0.0,0.0
0001CC,3408,2019-01-16 07:47:50,INACTIVE,True,True,0,True,True,True,True,0.0,0.0,0.0,0.0
0005VN,537,2024-03-29 00:00:00,ACTIVE,2024-03-29,2024-04-08,3968,36570.0000000000,35760.0000000000,700.0000000000,0E-10,-9736.94,-7163.01,736.57,-7046.06
0004KB,2976,2019-05-01 12:53:24,INACTIVE,True,True,0,True,True,True,True,0.0,0.0,0.0,0.0
0002P4,174,2024-01-11 00:00:00,ACTIVE,2024-01-11,2025-06-01,4684712,100000.0000000000,100000.0000000000,0E-10,0E-10,-6965249.64,-3603885.83,165.95,-6705581.59
0006QQ,2573,2020-06-13 10:48:10,INACTIVE,True,True,0,True,True,True,True,0.0,0.0,0.0,0.0
0006N9,1730,2022-09-21 07:12:20,INACTIVE,True,True,0,True,True,True,True,0.0,0.0,0.0,0.0
0003R4,791,2022-04-20 08:06:39,INACTIVE,True,True,0,True,True,True,True,0.0,0.0,0.0,0.0
0003JM,66,2024-12-01 00:00:00,ACTIVE,2024-12-01,2025-11-13,0,4300682.0800000000,4272276.3600000000,52200.0000000000,2534798.1200000000,0.0,0.0,13586.67,13341.24
0001ZY,526,2024-08-27 20:46:44,INACTIVE,True,True,0,True,True,True,True,0.0,0.0,0.0,0.0
0007GQ,57,2025-10-04 00:00:00,ACTIVE,2025-10-04,2025-11-03,25897,69500.0000000000,69383.7600000000,0E-10,0E-10,-40351.25,-11165.83,1409.35,-29189.98
0003IM,1351,2021-08-24 03:01:31,INACTIVE,True,True,0,True,True,True,True,0.0,0.0,0.0,0.0
0000PO,1524,2022-06-29 12:29:43,INACTIVE,True,True,0,True,True,True,True,0.0,0.0,0.0,0.0
0000FZ,1820,2019-10-03 14:01:18,INACTIVE,True,True,0,True,True,True,True,0.0,0.0,0.0,0.0
0006C0,1170,2020-01-02 14:28:08,INACTIVE,True,True,0,True,True,True,True,0.0,0.0,0.0,0.0
0002OJ,2216,2021-04-05 11:44:42,INACTIVE,True,True,0,True,True,True,True,0.0,0.0,0.0,0.0
000324,428,2022-10-12 21:52:05,ACTIVE,2024-11-28,2024-12-31,25496,46700.0000000000,46577.6800000000,0E-10,0E-10,-18852.63,-16687.4,589.25,-10383.31
000280,804,2023-02-09 14:37:45,INACTIVE,True,True,0,True,True,True,True,0.0,0.0,0.0,0.0
000376,820,2024-07-03 23:51:35,INACTIVE,True,True,0,True,True,True,True,0.0,0.0,0.0,0.0
00001B,3560,2019-01-26 05:09:54,INACTIVE,True,True,0,True,True,True,True,0.0,0.0,0.0,0.0
0007PP,1647,2022-12-17 20:55:44,INACTIVE,True,True,0,True,True,True,True,0.0,0.0,0.0,0.0
0006FI,1226,2022-09-22 11:48:01,INACTIVE,True,True,0,True,True,True,True,0.0,0.0,0.0,0.0
0004B9,1952,2018-10-09 11:27:33,INACTIVE,True,True,0,True,True,True,True,0.0,0.0,0.0,0.0
0003YF,1444,2020-03-04 12:38:35,INACTIVE,True,True,0,True,True,True,True,0.0,0.0,0.0,0.0
0001J8,2807,2020-09-25 14:29:52,INACTIVE,True,True,0,True,True,True,True,0.0,0.0,0.0,0.0
00012R,3,2020-02-17 16:54:39,ACTIVE,2023-10-31,2026-01-13,0,41511607.7800000000,43202913.2700000000,6050.0000000000,25566520.0000000000,0.0,0.0,48324.69,31072.37
0000PJ,557,2024-10-16 00:10:40,ACTIVE,2024-10-22,2024-10-23,0,2000.0000000000,2000.0000000000,0E-10,0E-10,0.0,0.0,44.72,53.66
00023R,27,2023-06-03 20:01:18,ACTIVE,2023-06-05,2025-12-19,3771659,2138316.6700000000,777605.3800000000,26500.0000000000,73000.0000000000,-537223.1,973001.91,2349.4,-478805.6
0006SP,1363,2021-10-27 08:24:46,INACTIVE,True,True,0,True,True,True,True,0.0,0.0,0.0,0.0
0006WQ,980,2023-10-24 08:56:41,INACTIVE,True,True,0,True,True,True,True,0.0,0.0,0.0,0.0
0005FE,292,2024-06-21 10:55:32,INACTIVE,True,True,0,True,True,True,True,0.0,0.0,0.0,0.0
0005XV,820,2023-11-06 11:07:23,INACTIVE,True,True,0,True,True,True,True,0.0,0.0,0.0,0.0
00006K,1021,2023-08-10 00:00:00,ACTIVE,2023-08-10,2023-09-02,4672,45500.0000000000,45350.0000000000,100.0000000000,0E-10,-9312.63,-9278.41,644.69,-6512.31
00000X,68,2025-11-22 00:00:00,ACTIVE,2025-11-22,2025-11-22,0,2000.0000000000,1000.0000000000,1000.0000000000,0E-10,0.0,0.0,148.31,188.66
0001MP,1548,2021-08-01 10:16:31,INACTIVE,True,True,0,True,True,True,True,0.0,0.0,0.0,0.0
0002OX,670,2020-02-22 14:42:15,ACTIVE,2024-06-23,2024-07-26,4373,12100.0000000000,12003.7500000000,0E-10,0E-10,-699.72,196.56,189.02,-372.28
0004FP,552,2022-06-11 12:12:45,ACTIVE,2023-05-18,2023-07-03,74393,34800.0000000000,34671.2700000000,0E-10,0E-10,6227.76,15709.43,279.66,4340.92
0007B8,898,2022-09-09 10:10:35,INACTIVE,True,True,0,True,True,True,True,0.0,0.0,0.0,0.0
0007EP,680,2022-08-22 00:00:00,ACTIVE,2022-08-22,2023-02-25,0,5900.0000000000,900.0000000000,0E-10,0E-10,0.0,0.0,24.46,29.48
00023O,1442,2021-05-04 19:43:01,INACTIVE,True,True,0,True,True,True,True,0.0,0.0,0.0,0.0
0000J7,405,2024-09-22 17:40:33,INACTIVE,True,True,0,True,True,True,True,0.0,0.0,0.0,0.0
00042R,1686,2020-10-04 18:33:32,INACTIVE,True,True,0,True,True,True,True,0.0,0.0,0.0,0.0
0006J1,1264,2022-06-16 16:25:31,INACTIVE,True,True,0,True,True,True,True,0.0,0.0,0.0,0.0
0005W0,2544,2018-08-08 17:13:55,INACTIVE,True,True,0,True,True,True,True,0.0,0.0,0.0,0.0
0006KR,1269,2022-07-14 13:33:46,INACTIVE,True,True,0,True,True,True,True,0.0,0.0,0.0,0.0
000036,2424,2020-09-28 19:37:10,INACTIVE,True,True,0,True,True,True,True,0.0,0.0,0.0,0.0
00031H,86,2025-09-03 06:18:03,INACTIVE,True,True,0,True,True,True,True,0.0,0.0,0.0,0.0
0000JQ,1719,2020-07-04 22:48:20,INACTIVE,True,True,0,True,True,True,True,0.0,0.0,0.0,0.0
0001IY,778,2021-10-12 06:46:33,INACTIVE,2021-10-13,2021-10-13,52710,True,True,True,True,-2692.86,10951.03,0.0,-4440.62
0000Y9,163,2025-03-12 13:56:54,INACTIVE,True,True,0,True,True,True,True,0.0,0.0,0.0,0.0
000726,1412,2022-07-19 12:53:32,INACTIVE,True,True,0,True,True,True,True,0.0,0.0,0.0,0.0
0001NJ,866,2024-04-26 10:51:51,INACTIVE,True,True,0,True,True,True,True,0.0,0.0,0.0,0.0
0005S7,1833,2019-10-25 14:37:30,INACTIVE,True,True,0,True,True,True,True,0.0,0.0,0.0,0.0
0007NA,2873,2017-04-26 00:00:00,EXITED,2017-04-26,2017-04-26,23085,True,True,True,True,-2982.31,2413.0,0.0,-3990.33
0007N4,1897,2018-09-21 09:38:12,INACTIVE,True,True,0,True,True,True,True,0.0,0.0,0.0,0.0
00025J,908,2022-03-04 10:12:11,INACTIVE,True,True,0,True,True,True,True,0.0,0.0,0.0,0.0
0003FY,752,2024-07-21 13:17:53,INACTIVE,True,True,0,True,True,True,True,0.0,0.0,0.0,0.0
0002KD,506,2024-09-30 14:22:11,INACTIVE,True,True,0,True,True,True,True,0.0,0.0,0.0,0.0
0001X5,813,2024-03-11 15:01:26,INACTIVE,True,True,0,True,True,True,True,0.0,0.0,0.0,0.0
00019T,949,2024-02-26 00:00:00,ACTIVE,2024-02-26,2024-02-28,6761,12005.0000000000,12003.7500000000,0E-10,0E-10,-1560.75,279.81,216.99,-1516.73
00001L,575,2024-08-05 09:39:50,INACTIVE,True,True,0,True,True,True,True,0.0,0.0,0.0,0.0
00008F,1550,2019-10-20 10:52:31,INACTIVE,True,True,0,True,True,True,True,0.0,0.0,0.0,0.0
0004Z8,1183,2023-05-16 10:35:23,INACTIVE,True,True,0,True,True,True,True,0.0,0.0,0.0,0.0
000164,1188,2022-02-06 17:13:16,INACTIVE,2022-10-21,2023-06-08,394092,True,True,True,True,-92232.13,-4056.95,0.0,-99559.25
00031M,680,2023-12-31 08:40:44,ACTIVE,2024-01-02,2024-01-02,5638,5000.0000000000,5000.0000000000,0E-10,0E-10,-6863.38,-3240.37,71.34,-6506.22
00029O,1438,2022-07-07 07:33:44,INACTIVE,True,True,0,True,True,True,True,0.0,0.0,0.0,0.0
0001K8,516,2022-10-16 10:27:37,ACTIVE,2022-11-01,2024-08-09,15995,27132.4000000000,26932.4000000000,0E-10,0E-10,2132.24,7001.6,29.22,1605.18
000225,684,2023-10-17 07:32:11,INACTIVE,True,True,0,True,True,True,True,0.0,0.0,0.0,0.0
0006XL,1952,2020-02-12 18:28:45,INACTIVE,2021-06-25,2021-06-25,37322,True,True,True,True,-5385.67,-136.44,0.0,-11374.02
000391,1486,2020-08-06 13:23:08,INACTIVE,True,True,0,True,True,True,True,0.0,0.0,0.0,0.0
00034Z,132,2025-08-08 20:24:31,INACTIVE,True,True,0,True,True,True,True,0.0,0.0,0.0,0.0
0006O1,744,2023-05-24 16:42:54,ACTIVE,2023-05-25,2023-10-16,36013,34305.0000000000,24243.0500000000,0E-10,0E-10,3823.88,14424.84,169.86,2668.3
00048J,127,2025-09-23 13:58:32,INACTIVE,True,True,0,True,True,True,True,0.0,0.0,0.0,0.0
0002QO,1406,2023-03-12 06:35:21,INACTIVE,True,True,0,True,True,True,True,0.0,0.0,0.0,0.0
00045M,528,2024-09-28 08:38:53,INACTIVE,True,True,0,True,True,True,True,0.0,0.0,0.0,0.0
0003FZ,1658,2022-05-04 09:04:38,INACTIVE,True,True,0,True,True,True,True,0.0,0.0,0.0,0.0
00046T,195,2025-05-14 10:06:49,INACTIVE,True,True,0,True,True,True,True,0.0,0.0,0.0,0.0
0004WR,2831,2018-11-30 12:30:47,INACTIVE,True,True,0,True,True,True,True,0.0,0.0,0.0,0.0
0002IY,1347,2019-12-07 06:18:55,INACTIVE,True,True,0,True,True,True,True,0.0,0.0,0.0,0.0
0003PU,2751,2018-03-22 09:28:41,INACTIVE,True,True,0,True,True,True,True,0.0,0.0,0.0,0.0
000342,533,2024-10-24 13:39:59,INACTIVE,True,True,0,True,True,True,True,0.0,0.0,0.0,0.0
0004Q4,173,2025-05-05 05:37:24,INACTIVE,True,True,0,True,True,True,True,0.0,0.0,0.0,0.0
0006SE,4132,2017-12-21 09:36:32,INACTIVE,True,True,0,True,True,True,True,0.0,0.0,0.0,0.0
00027V,45,2025-11-27 00:00:00,ACTIVE,2025-11-27,2025-11-27,0,2000.0000000000,1000.0000000000,1000.0000000000,0E-10,0.0,0.0,99.43,191.42
0004DS,483,2024-11-29 09:22:12,INACTIVE,True,True,0,True,True,True,True,0.0,0.0,0.0,0.0
000261,1318,2022-04-27 13:16:21,INACTIVE,True,True,0,True,True,True,True,0.0,0.0,0.0,0.0
0001XN,1063,2023-09-05 06:37:53,INACTIVE,True,True,0,True,True,True,True,0.0,0.0,0.0,0.0
0003AZ,1801,2021-06-29 14:04:35,INACTIVE,True,True,0,True,True,True,True,0.0,0.0,0.0,0.0
00000V,558,2023-08-02 04:02:55,INACTIVE,True,True,0,True,True,True,True,0.0,0.0,0.0,0.0
0005TA,1550,2023-01-23 19:30:05,INACTIVE,True,True,0,True,True,True,True,0.0,0.0,0.0,0.0
0006QB,92,2025-10-28 12:26:17,INACTIVE,True,True,0,True,True,True,True,0.0,0.0,0.0,0.0
00015U,897,2022-06-14 00:00:00,ACTIVE,2022-06-14,2023-07-07,376405,290008.8600000000,289267.1500000000,0E-10,0E-10,-57141.26,141489.09,449.2,-32002.29
0001I5,895,2023-12-16 09:28:13,INACTIVE,True,True,0,True,True,True,True,0.0,0.0,0.0,0.0
0000FQ,106,2017-08-02 12:02:16,ACTIVE,2025-04-13,2025-08-29,227250,1731100.0000000000,1767046.5900000000,4000.0000000000,0E-10,-318752.1,-16901.87,9369.29,-139951.75
000130,657,2023-02-07 07:14:57,ACTIVE,2023-09-25,2024-08-15,17516,88409.8500000000,83458.2400000000,4090.0000000000,0E-10,4931.87,9027.18,257.3,8641.37
0005KU,310,2025-02-09 14:20:37,INACTIVE,True,True,0,True,True,True,True,0.0,0.0,0.0,0.0
0004PZ,1477,2022-12-10 16:15:50,INACTIVE,True,True,0,True,True,True,True,0.0,0.0,0.0,0.0
0002LT,784,2023-04-08 08:31:21,INACTIVE,True,True,0,True,True,True,True,0.0,0.0,0.0,0.0
0007OH,2840,2020-01-06 00:31:13,INACTIVE,True,True,0,True,True,True,True,0.0,0.0,0.0,0.0
0004KI,3251,2019-09-18 06:32:08,INACTIVE,True,True,0,True,True,True,True,0.0,0.0,0.0,0.0
0004YN,4180,2018-04-24 12:56:15,INACTIVE,True,True,0,True,True,True,True,0.0,0.0,0.0,0.0
0002Q2,297,2025-05-24 00:00:00,ACTIVE,2025-05-24,2025-05-27,64012,50000.0000000000,49975.1300000000,0E-10,0E-10,-99255.48,-43627.11,565.29,-108882.23
0004X3,2286,2020-11-03 12:06:32,INACTIVE,True,True,0,True,True,True,True,0.0,0.0,0.0,0.0
0003II,2469,2019-05-31 14:59:42,INACTIVE,True,True,0,True,True,True,True,0.0,0.0,0.0,0.0
0000VT,1649,2018-06-30 00:00:00,INACTIVE,2018-06-30,2018-08-03,25232,True,True,True,True,178.51,3857.51,0.0,195.43
0004XP,463,2024-11-04 10:28:25,INACTIVE,True,True,0,True,True,True,True,0.0,0.0,0.0,0.0
000788,48,2025-11-30 22:46:30,ACTIVE,2025-12-01,2025-12-01,0,2000.0000000000,999.7500000000,1000.0000000000,0E-10,0.0,0.0,215.3,128.02
0006B3,972,2021-04-29 20:10:02,INACTIVE,True,True,0,True,True,True,True,0.0,0.0,0.0,0.0
0006FV,1642,2022-04-07 11:32:54,INACTIVE,True,True,0,True,True,True,True,0.0,0.0,0.0,0.0
0002T3,23,2025-12-01 12:43:00,ACTIVE,2025-12-10,2025-12-11,0,2000.0000000000,960.7500000000,1000.0000000000,0E-10,0.0,0.0,196.26,78.5
0005V1,1506,2022-04-13 07:31:47,INACTIVE,True,True,0,True,True,True,True,0.0,0.0,0.0,0.0
0003C2,1144,2022-10-27 15:06:00,INACTIVE,True,True,0,True,True,True,True,0.0,0.0,0.0,0.0
0002TT,3850,2018-05-17 05:04:10,INACTIVE,True,True,0,True,True,True,True,0.0,0.0,0.0,0.0
000565,41,2025-11-20 11:47:45,INACTIVE,True,True,0,True,True,True,True,0.0,0.0,0.0,0.0
00014C,1039,2021-10-20 19:37:25,INACTIVE,True,True,0,True,True,True,True,0.0,0.0,0.0,0.0
00013V,960,2017-08-17 00:00:00,ACTIVE,2017-08-17,2023-07-17,3603871,905372.5900000000,756962.9400000000,0E-10,0E-10,1001865.97,2799567.26,218.28,1543605.82
0006G5,181,2025-07-03 06:10:38,ACTIVE,2025-07-09,2025-07-11,0,500.0000000000,0E-10,500.0000000000,0E-10,0.0,0.0,56.21,69.79
0002HZ,1609,2019-05-19 10:13:16,INACTIVE,True,True,0,True,True,True,True,0.0,0.0,0.0,0.0
0004SR,1116,2023-04-19 00:00:00,EXITED,2023-04-19,2023-04-19,139765,True,True,True,True,-86326.84,-63591.76,0.0,-154642.6
0001Y8,460,2025-02-22 01:55:50,INACTIVE,True,True,0,True,True,True,True,0.0,0.0,0.0,0.0
0004BP,55,2025-09-20 00:00:00,ACTIVE,2025-09-20,2025-12-02,0,48000.0000000000,48027.0700000000,0E-10,1000.1900000000,0.0,0.0,490.12,420.04
0004X5,1663,2019-08-16 17:13:42,INACTIVE,True,True,0,True,True,True,True,0.0,0.0,0.0,0.0
0000XI,329,2024-10-27 07:51:52,INACTIVE,True,True,0,True,True,True,True,0.0,0.0,0.0,0.0
0002M5,1201,2022-12-06 10:18:35,INACTIVE,True,True,0,True,True,True,True,0.0,0.0,0.0,0.0
0000D0,599,2024-08-24 17:16:35,INACTIVE,True,True,0,True,True,True,True,0.0,0.0,0.0,0.0
0001IM,958,2023-08-20 15:10:37,ACTIVE,2023-10-14,2024-04-07,8566,20950.0000000000,20900.0000000000,0E-10,0E-10,-9520.97,-5381.13,52.35,-11062.58
000460,72,2025-09-18 06:27:13,INACTIVE,True,True,0,True,True,True,True,0.0,0.0,0.0,0.0
00031L,502,2024-09-22 22:42:27,INACTIVE,True,True,0,True,True,True,True,0.0,0.0,0.0,0.0
0003SH,3924,2018-10-26 13:07:32,INACTIVE,True,True,0,True,True,True,True,0.0,0.0,0.0,0.0
0001KE,532,2023-07-19 07:26:01,ACTIVE,2023-08-12,2023-08-28,7292,11100.0000000000,11050.0000000000,0E-10,0E-10,-909.55,-638.25,357.44,-1185.87
00002W,568,2024-12-25 08:27:34,INACTIVE,True,True,0,True,True,True,True,0.0,0.0,0.0,0.0
0007FM,2185,2019-10-28 19:48:16,INACTIVE,True,True,0,True,True,True,True,0.0,0.0,0.0,0.0
0000SN,213,2025-07-24 10:38:24,INACTIVE,True,True,0,True,True,True,True,0.0,0.0,0.0,0.0
0001BM,1283,2022-03-30 21:04:52,INACTIVE,True,True,0,True,True,True,True,0.0,0.0,0.0,0.0
0000LA,2879,2020-02-29 21:37:00,INACTIVE,True,True,0,True,True,True,True,0.0,0.0,0.0,0.0
00067T,890,2024-04-23 11:09:39,INACTIVE,True,True,0,True,True,True,True,0.0,0.0,0.0,0.0
000713,1509,2018-06-21 00:00:00,INACTIVE,2018-06-21,2019-11-05,0,0E-10,0E-10,0E-10,0E-10,0.0,0.0,0.0,0.0
0006UK,1374,2023-01-09 10:17:08,INACTIVE,True,True,0,True,True,True,True,0.0,0.0,0.0,0.0
00003S,832,2021-08-31 19:16:38,INACTIVE,True,True,0,True,True,True,True,0.0,0.0,0.0,0.0
00052W,395,2024-08-25 16:06:03,INACTIVE,True,True,0,True,True,True,True,0.0,0.0,0.0,0.0
0006WO,1168,2023-01-01 23:58:31,INACTIVE,True,True,0,True,True,True,True,0.0,0.0,0.0,0.0
0002IT,930,2023-09-25 11:19:00,INACTIVE,True,True,0,True,True,True,True,0.0,0.0,0.0,0.0
0004RO,38,2022-12-17 07:40:51,ACTIVE,2022-12-19,2025-12-02,2368876,481001.1600000000,2601.1600000000,0E-10,0E-10,-1116760.22,110898.65,340.0,-1196337.09
0005BN,1062,2022-04-07 12:13:07,INACTIVE,True,True,0,True,True,True,True,0.0,0.0,0.0,0.0
0001LR,648,2023-05-26 10:20:00,INACTIVE,True,True,0,True,True,True,True,0.0,0.0,0.0,0.0
0003J9,1378,2020-12-09 13:52:29,INACTIVE,True,True,0,True,True,True,True,0.0,0.0,0.0,0.0
0002NN,1032,2021-07-23 17:26:12,INACTIVE,True,True,0,True,True,True,True,0.0,0.0,0.0,0.0
0005GU,1136,2021-12-14 13:17:52,INACTIVE,True,True,0,True,True,True,True,0.0,0.0,0.0,0.0
00009N,2517,2020-10-28 08:38:43,INACTIVE,True,True,0,True,True,True,True,0.0,0.0,0.0,0.0
0000GW,2179,2018-05-08 00:00:00,EXITED,2018-05-08,2018-06-19,23136,True,True,True,True,-18876.88,-17098.45,0.0,-26786.2
00073D,114,2025-10-26 12:30:59,INACTIVE,True,True,0,True,True,True,True,0.0,0.0,0.0,0.0
0003GW,484,2024-04-06 21:28:14,INACTIVE,True,True,0,True,True,True,True,0.0,0.0,0.0,0.0
0004MQ,1014,2023-03-30 16:01:04,INACTIVE,True,True,0,True,True,True,True,0.0,0.0,0.0,0.0
0005LM,881,2022-06-05 09:36:03,INACTIVE,True,True,0,True,True,True,True,0.0,0.0,0.0,0.0
00016M,562,2023-01-24 16:10:36,INACTIVE,True,True,0,True,True,True,True,0.0,0.0,0.0,0.0
00013O,1259,2022-12-23 12:04:59,INACTIVE,True,True,0,True,True,True,True,0.0,0.0,0.0,0.0
0003SW,1554,2020-12-17 10:53:13,INACTIVE,True,True,0,True,True,True,True,0.0,0.0,0.0,0.0
0000VN,467,2024-07-11 01:11:05,INACTIVE,True,True,0,True,True,True,True,0.0,0.0,0.0,0.0
0002G7,54,2025-11-16 15:13:47,INACTIVE,True,True,0,True,True,True,True,0.0,0.0,0.0,0.0
0003GN,258,2025-06-27 13:31:24,INACTIVE,True,True,0,True,True,True,True,0.0,0.0,0.0,0.0
0000O3,604,2024-03-15 12:08:50,INACTIVE,True,True,0,True,True,True,True,0.0,0.0,0.0,0.0
000087,925,2021-09-20 12:56:33,INACTIVE,True,True,0,True,True,True,True,0.0,0.0,0.0,0.0
0005R3,83,2025-10-01 09:31:46,INACTIVE,True,True,0,True,True,True,True,0.0,0.0,0.0,0.0
0006HE,2539,2019-08-01 13:19:09,INACTIVE,True,True,0,True,True,True,True,0.0,0.0,0.0,0.0
000281,2921,2020-09-07 16:00:12,INACTIVE,True,True,0,True,True,True,True,0.0,0.0,0.0,0.0
0001XR,612,2023-06-08 09:16:04,INACTIVE,True,True,0,True,True,True,True,0.0,0.0,0.0,0.0
0005TT,428,2024-08-13 20:20:31,INACTIVE,True,True,0,True,True,True,True,0.0,0.0,0.0,0.0
0001L3,1016,2023-03-09 09:28:06,INACTIVE,2023-03-21,2023-03-21,21310,True,True,True,True,13772.8,18691.72,0.0,9083.71
0006LQ,2866,2020-08-10 22:54:58,INACTIVE,True,True,0,True,True,True,True,0.0,0.0,0.0,0.0
00066H,1307,2020-02-28 11:56:06,INACTIVE,True,True,0,True,True,True,True,0.0,0.0,0.0,0.0
00010M,1697,2022-06-13 09:11:04,INACTIVE,True,True,0,True,True,True,True,0.0,0.0,0.0,0.0
0005WE,997,2023-10-23 08:19:14,INACTIVE,True,True,0,True,True,True,True,0.0,0.0,0.0,0.0
00015T,3766,2013-04-03 00:00:00,INACTIVE,2013-04-03,2013-04-03,235747,True,True,True,True,-3666.08,25434.96,0.0,-6307.15
0002UH,3070,2019-06-11 13:37:14,INACTIVE,True,True,0,True,True,True,True,0.0,0.0,0.0,0.0
0004E3,732,2024-03-05 08:27:46,INACTIVE,True,True,0,True,True,True,True,0.0,0.0,0.0,0.0
0001IF,356,2024-08-02 15:20:54,INACTIVE,True,True,0,True,True,True,True,0.0,0.0,0.0,0.0
0002EW,1446,2021-01-01 15:28:45,INACTIVE,True,True,0,True,True,True,True,0.0,0.0,0.0,0.0
0004AX,2184,2018-10-27 09:37:43,INACTIVE,True,True,0,True,True,True,True,0.0,0.0,0.0,0.0
0001TH,218,2023-08-11 00:00:00,ACTIVE,2023-08-11,2025-04-25,606208,33020.0000000000,31950.0000000000,0E-10,0E-10,-492276.84,286259.8,30.77,-475408.95
0003W6,2475,2020-08-08 14:59:44,INACTIVE,True,True,0,True,True,True,True,0.0,0.0,0.0,0.0
0001AI,240,2025-06-22 12:51:11,INACTIVE,True,True,0,True,True,True,True,0.0,0.0,0.0,0.0
0000BJ,1726,2019-04-07 18:59:23,INACTIVE,2022-06-17,2022-06-17,1269441,True,True,True,True,-170097.53,120421.47,0.0,-131454.66
0001I6,2363,2017-09-27 13:07:30,EXITED,2017-09-28,2019-08-22,2750593,True,True,True,True,-305455.13,763213.61,0.0,-225436.68
0007P0,2088,2019-04-27 19:16:41,INACTIVE,True,True,0,True,True,True,True,0.0,0.0,0.0,0.0
00066O,755,2022-01-18 17:27:51,INACTIVE,2022-05-26,2022-05-26,9663,True,True,True,True,-5498.1,-8886.1,0.0,-11369.52
0003U3,285,2025-06-09 07:58:30,INACTIVE,True,True,0,True,True,True,True,0.0,0.0,0.0,0.0
0007P4,616,2023-02-08 22:21:51,INACTIVE,True,True,0,True,True,True,True,0.0,0.0,0.0,0.0
0006P3,1810,2019-11-10 07:36:00,INACTIVE,True,True,0,True,True,True,True,0.0,0.0,0.0,0.0
00048N,3275,2018-05-15 21:00:27,INACTIVE,True,True,0,True,True,True,True,0.0,0.0,0.0,0.0
0002UU,2526,2020-07-27 14:16:36,INACTIVE,True,True,0,True,True,True,True,0.0,0.0,0.0,0.0
0005FB,915,2021-08-19 06:47:31,INACTIVE,True,True,0,True,True,True,True,0.0,0.0,0.0,0.0
0001QY,714,2021-10-18 11:28:32,ACTIVE,2023-06-08,2024-04-10,151047,188900.0000000000,182936.6900000000,5360.0000000000,150.0000000000,-5386.63,27661.82,259.76,-5596.23
0003TS,521,2023-10-20 09:15:11,INACTIVE,True,True,0,True,True,True,True,0.0,0.0,0.0,0.0
0003R2,1719,2022-04-19 13:24:16,INACTIVE,True,True,0,True,True,True,True,0.0,0.0,0.0,0.0
0001YW,549,2024-10-26 23:21:22,INACTIVE,True,True,0,True,True,True,True,0.0,0.0,0.0,0.0
0007KR,240,2025-07-07 18:39:39,INACTIVE,True,True,0,True,True,True,True,0.0,0.0,0.0,0.0
0007ON,1476,2018-09-13 00:00:00,INACTIVE,2018-09-13,2018-11-15,18967,True,True,True,True,684.56,5938.38,0.0,712.95
00030A,964,2023-07-20 17:02:25,INACTIVE,True,True,0,True,True,True,True,0.0,0.0,0.0,0.0
00018G,1,2025-01-15 12:02:31,ACTIVE,2025-01-20,2026-01-13,0,79499283.8800000000,79906790.5600000000,43500.0000000000,0E-10,0.0,0.0,176289.12,109425.11
00018D,590,2024-06-02 15:41:48,INACTIVE,True,True,0,True,True,True,True,0.0,0.0,0.0,0.0
000213,1993,2022-05-18 13:59:39,INACTIVE,True,True,0,True,True,True,True,0.0,0.0,0.0,0.0
0001NA,252,2024-11-15 16:04:28,INACTIVE,True,True,0,True,True,True,True,0.0,0.0,0.0,0.0
00041T,501,2024-10-14 16:37:25,INACTIVE,True,True,0,True,True,True,True,0.0,0.0,0.0,0.0
0004TY,1704,2019-01-10 13:43:07,INACTIVE,True,True,0,True,True,True,True,0.0,0.0,0.0,0.0
0003C6,1695,2021-06-12 13:24:47,INACTIVE,True,True,0,True,True,True,True,0.0,0.0,0.0,0.0
0004BA,2389,2019-08-20 10:22:39,INACTIVE,True,True,0,True,True,True,True,0.0,0.0,0.0,0.0
0002NA,2780,2018-01-30 09:19:29,INACTIVE,True,True,0,True,True,True,True,0.0,0.0,0.0,0.0
0003JY,1750,2021-11-01 13:43:37,INACTIVE,True,True,0,True,True,True,True,0.0,0.0,0.0,0.0
0002ND,307,2025-06-21 03:33:07,INACTIVE,True,True,0,True,True,True,True,0.0,0.0,0.0,0.0
0004UK,3035,2019-09-02 11:47:42,INACTIVE,2019-09-04,2019-09-04,258400,True,True,True,True,382433.89,300213.79,0.0,205810.08
0003X0,3779,2018-12-12 09:01:14,INACTIVE,True,True,0,True,True,True,True,0.0,0.0,0.0,0.0
0001NQ,949,2022-04-09 17:59:34,INACTIVE,True,True,0,True,True,True,True,0.0,0.0,0.0,0.0
00040E,4160,2018-05-26 14:16:51,EXITED,2018-05-31,2018-05-31,119384,True,True,True,True,88111.53,74531.32,0.0,77115.1
00009C,553,2024-02-28 13:03:40,INACTIVE,True,True,0,True,True,True,True,0.0,0.0,0.0,0.0
0005C5,983,2020-12-31 06:26:47,INACTIVE,True,True,0,True,True,True,True,0.0,0.0,0.0,0.0
0002V1,542,2024-06-15 20:34:15,INACTIVE,True,True,0,True,True,True,True,0.0,0.0,0.0,0.0
0007HE,204,2024-06-05 15:09:06,ACTIVE,2024-06-17,2025-04-16,141084,203488.3000000000,190534.8000000000,14450.0000000000,0E-10,-28959.05,-165.81,358.82,-35044.77
0003BE,1814,2022-02-08 18:22:34,INACTIVE,True,True,0,True,True,True,True,0.0,0.0,0.0,0.0
0006R7,1482,2019-02-16 10:15:01,INACTIVE,True,True,0,True,True,True,True,0.0,0.0,0.0,0.0
0003XS,915,2023-08-26 05:26:43,INACTIVE,True,True,0,True,True,True,True,0.0,0.0,0.0,0.0
0000OC,117,2025-08-11 10:36:39,ACTIVE,2025-08-19,2025-08-20,0,200.0000000000,0E-10,200.0000000000,0E-10,0.0,0.0,23.58,29.78
0003O0,623,2023-08-18 00:08:25,INACTIVE,True,True,0,True,True,True,True,0.0,0.0,0.0,0.0
0004OH,3161,2019-10-01 10:54:22,INACTIVE,True,True,0,True,True,True,True,0.0,0.0,0.0,0.0
000591,2290,2019-11-13 06:36:19,INACTIVE,True,True,0,True,True,True,True,0.0,0.0,0.0,0.0
0003M9,915,2023-01-02 13:28:55,INACTIVE,True,True,0,True,True,True,True,0.0,0.0,0.0,0.0
0007OV,1442,2022-11-15 10:37:04,INACTIVE,True,True,0,True,True,True,True,0.0,0.0,0.0,0.0
000768,2647,2020-09-07 17:44:01,INACTIVE,True,True,0,True,True,True,True,0.0,0.0,0.0,0.0
0004YU,2339,2019-03-30 14:26:31,INACTIVE,True,True,0,True,True,True,True,0.0,0.0,0.0,0.0
0002IN,611,2023-08-04 16:24:31,INACTIVE,True,True,0,True,True,True,True,0.0,0.0,0.0,0.0
0005H1,4241,2018-04-09 20:12:59,INACTIVE,True,True,0,True,True,True,True,0.0,0.0,0.0,0.0
0004UA,773,2023-07-30 15:22:46,INACTIVE,True,True,0,True,True,True,True,0.0,0.0,0.0,0.0
000236,1795,2019-01-28 12:26:27,INACTIVE,True,True,0,True,True,True,True,0.0,0.0,0.0,0.0
0000MA,1620,2018-09-09 14:03:16,INACTIVE,True,True,0,True,True,True,True,0.0,0.0,0.0,0.0
000062,1,2026-01-14 14:44:57,INACTIVE,True,True,0,True,True,True,True,0.0,0.0,0.0,0.0
0000VF,1908,2022-06-03 12:05:40,INACTIVE,True,True,0,True,True,True,True,0.0,0.0,0.0,0.0
0006XJ,4013,2018-06-12 11:43:06,INACTIVE,True,True,0,True,True,True,True,0.0,0.0,0.0,0.0
0002WK,2143,2020-03-21 18:52:54,INACTIVE,True,True,0,True,True,True,True,0.0,0.0,0.0,0.0
0006Z0,2689,2019-11-12 10:05:31,INACTIVE,True,True,0,True,True,True,True,0.0,0.0,0.0,0.0
0003FU,3450,2018-12-13 15:10:17,EXITED,2018-12-14,2018-12-14,95913,True,True,True,True,69873.59,139265.84,0.0,183970.72
000314,386,2025-01-15 10:59:10,INACTIVE,True,True,0,True,True,True,True,0.0,0.0,0.0,0.0
00033O,54,2025-11-30 10:25:30,INACTIVE,True,True,0,True,True,True,True,0.0,0.0,0.0,0.0
000067,4040,2018-04-30 00:00:00,EXITED,2018-04-30,2018-07-02,21655,True,True,True,True,-41869.54,-22712.41,0.0,-35772.14
00027J,1088,2021-08-11 12:41:08,INACTIVE,True,True,0,True,True,True,True,0.0,0.0,0.0,0.0
0000UU,800,2022-08-11 07:47:20,INACTIVE,True,True,0,True,True,True,True,0.0,0.0,0.0,0.0
000467,997,2023-11-11 08:23:21,INACTIVE,True,True,0,True,True,True,True,0.0,0.0,0.0,0.0
0001A1,168,2025-08-28 11:44:32,INACTIVE,True,True,0,True,True,True,True,0.0,0.0,0.0,0.0
0006BL,1545,2019-11-15 23:22:13,INACTIVE,True,True,0,True,True,True,True,0.0,0.0,0.0,0.0
000165,1180,2022-01-06 20:59:38,INACTIVE,True,True,0,True,True,True,True,0.0,0.0,0.0,0.0
0006VY,1715,2022-01-29 14:54:20,INACTIVE,True,True,0,True,True,True,True,0.0,0.0,0.0,0.0
0000UZ,1726,2021-04-15 11:01:37,INACTIVE,True,True,0,True,True,True,True,0.0,0.0,0.0,0.0
00054N,3938,2018-04-21 15:17:16,INACTIVE,True,True,0,True,True,True,True,0.0,0.0,0.0,0.0
0003J8,797,2024-05-29 23:19:27,INACTIVE,True,True,0,True,True,True,True,0.0,0.0,0.0,0.0
0003G3,444,2024-10-22 09:36:07,INACTIVE,True,True,0,True,True,True,True,0.0,0.0,0.0,0.0
0001ZS,1046,2023-05-29 15:52:06,ACTIVE,2023-08-03,2023-08-03,13555,17066.0000000000,17064.1600000000,0E-10,0E-10,-9086.81,-6449.23,495.01,-4250.59
00016T,169,2025-08-20 18:44:41,INACTIVE,True,True,0,True,True,True,True,0.0,0.0,0.0,0.0
00034D,1140,2020-10-07 05:46:09,INACTIVE,True,True,0,True,True,True,True,0.0,0.0,0.0,0.0
00024N,44,2025-11-28 12:08:46,INACTIVE,True,True,0,True,True,True,True,0.0,0.0,0.0,0.0
00061B,1646,2021-03-31 03:16:29,INACTIVE,True,True,0,True,True,True,True,0.0,0.0,0.0,0.0
00009B,1909,2022-04-20 14:18:48,INACTIVE,True,True,0,True,True,True,True,0.0,0.0,0.0,0.0
0001UF,126,2025-10-16 05:12:50,INACTIVE,True,True,0,True,True,True,True,0.0,0.0,0.0,0.0
0002BN,756,2022-05-01 18:57:50,INACTIVE,True,True,0,True,True,True,True,0.0,0.0,0.0,0.0
0007L0,3702,2018-07-04 21:53:47,INACTIVE,True,True,0,True,True,True,True,0.0,0.0,0.0,0.0
0006RV,488,2019-04-08 16:03:05,ACTIVE,2024-10-15,2024-11-02,5027,6800.0000000000,6782.0000000000,0E-10,0E-10,-6946.83,-2598.15,180.75,-5100.51
0003UO,1898,2015-12-23 00:00:00,INACTIVE,2015-12-23,2015-12-23,368324,True,True,True,True,-400529.66,-411548.1,0.0,-362470.05
0002TS,340,2024-12-25 01:56:52,INACTIVE,True,True,0,True,True,True,True,0.0,0.0,0.0,0.0
0005LZ,2103,2021-11-22 13:18:20,INACTIVE,True,True,0,True,True,True,True,0.0,0.0,0.0,0.0
00046Q,287,2025-02-15 18:42:51,INACTIVE,True,True,0,True,True,True,True,0.0,0.0,0.0,0.0
0000Y2,1491,2022-07-28 07:52:56,INACTIVE,True,True,0,True,True,True,True,0.0,0.0,0.0,0.0
00059B,118,2022-03-04 14:42:49,ACTIVE,2022-03-12,2025-09-26,4855329,3449500.0000000000,2861398.9400000000,0E-10,0E-10,1744314.83,4797812.61,2096.02,1229494.77
0006LK,3290,2017-10-10 13:52:26,INACTIVE,True,True,0,True,True,True,True,0.0,0.0,0.0,0.0
0004V2,2629,2018-09-14 21:02:27,INACTIVE,True,True,0,True,True,True,True,0.0,0.0,0.0,0.0
000700,279,2025-04-06 20:16:44,INACTIVE,True,True,0,True,True,True,True,0.0,0.0,0.0,0.0
0005BR,2774,2020-08-16 10:54:46,INACTIVE,True,True,0,True,True,True,True,0.0,0.0,0.0,0.0
0007HW,1443,2021-09-19 20:38:19,INACTIVE,True,True,0,True,True,True,True,0.0,0.0,0.0,0.0
000482,1658,2019-06-23 19:16:24,INACTIVE,True,True,0,True,True,True,True,0.0,0.0,0.0,0.0
00050X,798,2019-04-18 12:15:17,ACTIVE,2023-08-21,2023-08-31,13088,14728.0000000000,12898.2800000000,1800.0000000000,0E-10,-7404.56,-5678.79,385.59,-10379.35
0003E8,1500,2022-09-16 17:08:29,INACTIVE,True,True,0,True,True,True,True,0.0,0.0,0.0,0.0
00010D,3,2025-10-28 08:57:38,ACTIVE,2025-10-30,2026-01-12,0,605600.0000000000,580850.0000000000,0E-10,452769.3700000000,0.0,0.0,14533.99,13926.42
0005SS,36,2025-12-16 00:00:00,ACTIVE,2025-12-16,2025-12-17,0,2000.0000000000,998.7500000000,1000.0000000000,0E-10,0.0,0.0,140.86,133.39
0003NV,1618,2020-01-20 13:51:19,INACTIVE,True,True,0,True,True,True,True,0.0,0.0,0.0,0.0
0005RZ,1096,2023-04-09 15:34:45,INACTIVE,True,True,0,True,True,True,True,0.0,0.0,0.0,0.0
00079G,1714,2019-07-06 19:43:50,ACTIVE,2022-02-02,2022-08-08,3347314,708900.0000000000,708735.2000000000,0E-10,0E-10,372560.63,754642.69,2345.92,175329.85
0006NY,48,2025-11-29 00:00:00,ACTIVE,2025-11-29,2025-11-29,0,2000.0000000000,1000.0000000000,1000.0000000000,0E-10,0.0,0.0,145.99,191.68
0000QX,2095,2020-12-29 13:26:28,INACTIVE,True,True,0,True,True,True,True,0.0,0.0,0.0,0.0
0003RP,2186,2020-12-18 21:27:32,INACTIVE,True,True,0,True,True,True,True,0.0,0.0,0.0,0.0
0003XP,1163,2023-06-22 08:23:07,INACTIVE,True,True,0,True,True,True,True,0.0,0.0,0.0,0.0
00000S,672,2023-11-17 13:40:39,INACTIVE,True,True,0,True,True,True,True,0.0,0.0,0.0,0.0
000053,672,2024-05-29 04:54:15,INACTIVE,True,True,0,True,True,True,True,0.0,0.0,0.0,0.0
00033K,375,2024-12-02 16:12:06,INACTIVE,True,True,0,True,True,True,True,0.0,0.0,0.0,0.0
0002AL,780,2023-08-24 14:44:00,INACTIVE,True,True,0,True,True,True,True,0.0,0.0,0.0,0.0
0004GQ,627,2024-04-12 12:53:44,INACTIVE,True,True,0,True,True,True,True,0.0,0.0,0.0,0.0
0006NT,809,2023-08-08 15:06:22,INACTIVE,True,True,0,True,True,True,True,0.0,0.0,0.0,0.0
0003X7,951,2021-02-02 12:43:35,INACTIVE,True,True,0,True,True,True,True,0.0,0.0,0.0,0.0
00024K,2488,2020-07-22 10:16:57,INACTIVE,True,True,0,True,True,True,True,0.0,0.0,0.0,0.0
0002QN,234,2025-06-13 13:01:46,INACTIVE,True,True,0,True,True,True,True,0.0,0.0,0.0,0.0
00030C,543,2023-09-16 11:11:31,INACTIVE,True,True,0,True,True,True,True,0.0,0.0,0.0,0.0
0006J9,1113,2022-01-06 18:45:33,ACTIVE,2022-01-14,2022-01-14,0,100.0000000000,0E-10,0E-10,0E-10,0.0,0.0,1.68,1.68
0000JE,1527,2022-04-12 09:14:44,INACTIVE,True,True,0,True,True,True,True,0.0,0.0,0.0,0.0
00056I,1643,2021-08-15 12:07:33,INACTIVE,True,True,0,True,True,True,True,0.0,0.0,0.0,0.0
0000VW,1066,2023-08-28 20:35:16,INACTIVE,True,True,0,True,True,True,True,0.0,0.0,0.0,0.0
00066D,362,2024-12-17 08:39:59,ACTIVE,2025-01-14,2025-01-14,0,1500.0000000000,1500.0000000000,0E-10,0E-10,0.0,0.0,45.17,48.0
0004A1,3101,2019-09-23 19:59:03,INACTIVE,True,True,0,True,True,True,True,0.0,0.0,0.0,0.0
0004GP,54,2025-10-14 11:32:44,INACTIVE,True,True,0,True,True,True,True,0.0,0.0,0.0,0.0
0000F3,5035,2013-08-27 00:00:00,INACTIVE,2013-08-28,2013-08-28,581146,True,True,True,True,-112665.81,90836.57,0.0,-140270.17
0005Z1,80,2025-08-19 15:46:35,ACTIVE,2025-10-11,2025-10-15,0,14000.0000000000,13976.8800000000,0E-10,0E-10,0.0,0.0,350.35,422.51
00023J,810,2023-04-17 06:42:09,INACTIVE,True,True,0,True,True,True,True,0.0,0.0,0.0,0.0
0004C2,68,2025-11-28 16:35:33,ACTIVE,2025-11-29,2025-11-29,0,1000.0000000000,990.7500000000,29840.0000000000,0E-10,0.0,0.0,1717.17,2363.01
0005GG,2377,2021-04-08 05:52:47,INACTIVE,True,True,0,True,True,True,True,0.0,0.0,0.0,0.0
0001PJ,465,2023-11-22 11:26:00,ACTIVE,2023-12-11,2024-03-06,17269,24900.0000000000,24759.0500000000,0E-10,0E-10,-733.85,1373.11,122.72,-223.5
0002RI,439,2018-08-08 16:48:50,ACTIVE,2023-10-17,2023-11-20,28181,42972.0000000000,41598.3200000000,1300.0000000000,0E-10,-22940.57,-17788.57,915.28,-17975.39
0000JS,1725,2022-08-02 13:51:05,INACTIVE,True,True,0,True,True,True,True,0.0,0.0,0.0,0.0
0001LS,1363,2020-06-18 15:27:44,INACTIVE,True,True,0,True,True,True,True,0.0,0.0,0.0,0.0
00041J,3314,2019-09-09 11:04:11,INACTIVE,True,True,0,True,True,True,True,0.0,0.0,0.0,0.0
0006CS,70,2025-10-17 08:28:26,INACTIVE,True,True,0,True,True,True,True,0.0,0.0,0.0,0.0
0004FG,2528,2018-05-07 14:25:43,INACTIVE,2018-05-08,2018-06-13,11950,True,True,True,True,-11356.86,-8884.3,0.0,-5837.86
0000BR,1368,2019-03-02 19:06:51,INACTIVE,True,True,0,True,True,True,True,0.0,0.0,0.0,0.0
0003O4,98,2025-10-13 19:11:59,INACTIVE,True,True,0,True,True,True,True,0.0,0.0,0.0,0.0
0005YX,459,2024-03-19 07:55:35,INACTIVE,True,True,0,True,True,True,True,0.0,0.0,0.0,0.0
0002WI,588,2023-11-07 20:39:21,ACTIVE,2023-11-28,2024-04-23,3292,72125.0000000000,71990.0000000000,0E-10,0E-10,-847.39,-119.39,159.18,-555.43
00011F,3320,2019-08-21 16:16:05,INACTIVE,True,True,0,True,True,True,True,0.0,0.0,0.0,0.0
0002FN,1917,2019-01-25 23:29:31,INACTIVE,True,True,0,True,True,True,True,0.0,0.0,0.0,0.0
0001A2,381,2025-02-13 06:27:30,INACTIVE,True,True,0,True,True,True,True,0.0,0.0,0.0,0.0
0001JL,48,2024-03-13 12:33:39,ACTIVE,2024-03-14,2025-11-07,1239755,1736068.5100000000,1763547.6800000000,400.0000000000,0E-10,-1246593.82,-436808.22,1256.74,-1201965.44
0002C6,1608,2022-01-27 18:13:18,INACTIVE,True,True,0,True,True,True,True,0.0,0.0,0.0,0.0
0001B3,1061,2022-05-11 10:23:35,INACTIVE,True,True,0,True,True,True,True,0.0,0.0,0.0,0.0
00026N,2699,2019-10-15 10:14:47,INACTIVE,True,True,0,True,True,True,True,0.0,0.0,0.0,0.0
0001FZ,128,2025-10-06 13:30:20,INACTIVE,True,True,0,True,True,True,True,0.0,0.0,0.0,0.0
0002XH,907,2024-03-29 03:26:39,INACTIVE,True,True,0,True,True,True,True,0.0,0.0,0.0,0.0
00010R,3195,2019-11-16 07:55:06,INACTIVE,True,True,0,True,True,True,True,0.0,0.0,0.0,0.0
0007OU,538,2024-01-20 16:24:17,INACTIVE,True,True,0,True,True,True,True,0.0,0.0,0.0,0.0
0006K5,1403,2019-12-07 19:55:30,INACTIVE,True,True,0,True,True,True,True,0.0,0.0,0.0,0.0
0004OF,292,2024-07-31 14:04:51,INACTIVE,True,True,0,True,True,True,True,0.0,0.0,0.0,0.0
0006WL,2131,2021-04-05 19:31:27,INACTIVE,True,True,0,True,True,True,True,0.0,0.0,0.0,0.0
0004HY,893,2022-06-25 08:26:25,INACTIVE,True,True,0,True,True,True,True,0.0,0.0,0.0,0.0
0004QN,1933,2021-12-20 00:36:40,INACTIVE,True,True,0,True,True,True,True,0.0,0.0,0.0,0.0
00011N,3565,2019-05-18 16:00:21,INACTIVE,True,True,0,True,True,True,True,0.0,0.0,0.0,0.0
0003EV,512,2023-11-03 17:03:14,ACTIVE,2023-11-10,2023-11-17,0,202160.0000000000,200850.0000000000,900.0000000000,0E-10,0.0,0.0,2323.57,5946.97
0005DK,1104,2022-03-08 15:33:38,INACTIVE,True,True,0,True,True,True,True,0.0,0.0,0.0,0.0
0004UL,798,2023-11-28 17:13:09,INACTIVE,True,True,0,True,True,True,True,0.0,0.0,0.0,0.0
0006TV,1518,2021-07-29 17:00:42,INACTIVE,True,True,0,True,True,True,True,0.0,0.0,0.0,0.0
00077Z,1808,2020-09-10 08:53:48,INACTIVE,True,True,0,True,True,True,True,0.0,0.0,0.0,0.0
0001YB,596,2023-10-07 17:43:21,INACTIVE,True,True,0,True,True,True,True,0.0,0.0,0.0,0.0
0002K4,2809,2020-07-03 21:53:47,INACTIVE,True,True,0,True,True,True,True,0.0,0.0,0.0,0.0
0003UN,250,2025-06-17 07:29:16,INACTIVE,True,True,0,True,True,True,True,0.0,0.0,0.0,0.0
0001VS,1296,2020-08-12 09:08:11,INACTIVE,True,True,0,True,True,True,True,0.0,0.0,0.0,0.0
0006Q7,1233,2019-05-07 11:26:48,INACTIVE,True,True,0,True,True,True,True,0.0,0.0,0.0,0.0
0001D4,1577,2022-08-15 00:26:15,INACTIVE,True,True,0,True,True,True,True,0.0,0.0,0.0,0.0
0003BM,1261,2019-05-07 05:26:08,INACTIVE,True,True,0,True,True,True,True,0.0,0.0,0.0,0.0
000683,689,2024-09-03 13:05:53,INACTIVE,True,True,0,True,True,True,True,0.0,0.0,0.0,0.0
0000B0,2820,2018-07-17 17:49:36,INACTIVE,True,True,0,True,True,True,True,0.0,0.0,0.0,0.0
000015,3625,2019-02-06 07:57:52,INACTIVE,True,True,0,True,True,True,True,0.0,0.0,0.0,0.0
0002I1,2946,2019-09-13 15:30:24,INACTIVE,True,True,0,True,True,True,True,0.0,0.0,0.0,0.0
0005ZK,1109,2023-11-12 12:02:15,INACTIVE,True,True,0,True,True,True,True,0.0,0.0,0.0,0.0
0002XM,83,2025-11-09 16:17:21,INACTIVE,True,True,0,True,True,True,True,0.0,0.0,0.0,0.0
00041C,531,2024-09-09 14:49:03,INACTIVE,True,True,0,True,True,True,True,0.0,0.0,0.0,0.0
0001RF,1357,2020-07-09 12:48:56,INACTIVE,True,True,0,True,True,True,True,0.0,0.0,0.0,0.0
0003DM,124,2025-10-06 11:09:32,INACTIVE,True,True,0,True,True,True,True,0.0,0.0,0.0,0.0
0004VU,992,2023-07-22 14:35:13,INACTIVE,True,True,0,True,True,True,True,0.0,0.0,0.0,0.0
0002MN,2167,2019-10-29 08:21:54,INACTIVE,True,True,0,True,True,True,True,0.0,0.0,0.0,0.0
0005XX,158,2025-08-19 15:11:11,INACTIVE,True,True,0,True,True,True,True,0.0,0.0,0.0,0.0
00058W,218,2025-03-23 10:54:19,INACTIVE,True,True,0,True,True,True,True,0.0,0.0,0.0,0.0
0004LL,818,2023-07-26 10:42:55,INACTIVE,True,True,0,True,True,True,True,0.0,0.0,0.0,0.0
0002I8,1239,2020-08-09 09:07:10,INACTIVE,True,True,0,True,True,True,True,0.0,0.0,0.0,0.0
00074U,992,2023-01-21 15:29:53,INACTIVE,True,True,0,True,True,True,True,0.0,0.0,0.0,0.0
000491,1267,2022-06-15 23:58:09,INACTIVE,True,True,0,True,True,True,True,0.0,0.0,0.0,0.0
0004QW,277,2025-06-25 21:24:36,INACTIVE,True,True,0,True,True,True,True,0.0,0.0,0.0,0.0
0001IS,256,2025-05-11 12:59:08,INACTIVE,True,True,0,True,True,True,True,0.0,0.0,0.0,0.0
00058R,3800,2018-08-24 14:02:27,EXITED,2018-08-28,2018-08-28,32917,True,True,True,True,-45993.17,-40365.28,0.0,-34666.38
0007OW,1957,2022-05-23 17:18:09,INACTIVE,True,True,0,True,True,True,True,0.0,0.0,0.0,0.0
00044C,10,2025-06-30 09:21:51,ACTIVE,2025-07-01,2025-12-28,2305189,2181269.5900000000,1888287.4400000000,7550.0000000000,0E-10,-636915.31,-269158.47,6923.57,-1162097.32
0001MR,1380,2022-08-06 05:50:49,INACTIVE,True,True,0,True,True,True,True,0.0,0.0,0.0,0.0
0000ZP,939,2022-10-28 10:58:04,INACTIVE,True,True,0,True,True,True,True,0.0,0.0,0.0,0.0
0007EE,1263,2023-06-25 11:53:37,BLACKLISTED,True,True,0,True,True,True,True,0.0,0.0,0.0,0.0
00041B,1851,2020-12-10 14:51:54,INACTIVE,True,True,0,True,True,True,True,0.0,0.0,0.0,0.0
0003ZI,1598,2018-06-21 00:00:00,EXITED,2018-06-21,2018-06-21,11257,True,True,True,True,-9915.72,-7951.24,0.0,-17609.22
00015M,678,2023-06-12 12:50:22,INACTIVE,True,True,0,True,True,True,True,0.0,0.0,0.0,0.0
0006LZ,3151,2018-09-10 18:02:24,INACTIVE,True,True,0,True,True,True,True,0.0,0.0,0.0,0.0
0007DD,909,2021-09-30 08:56:36,INACTIVE,True,True,0,True,True,True,True,0.0,0.0,0.0,0.0
0002L4,179,2025-06-25 13:28:14,INACTIVE,True,True,0,True,True,True,True,0.0,0.0,0.0,0.0
0003ZX,1502,2023-01-16 12:39:44,INACTIVE,True,True,0,True,True,True,True,0.0,0.0,0.0,0.0
0006HK,442,2023-10-02 11:13:19,INACTIVE,True,True,0,True,True,True,True,0.0,0.0,0.0,0.0
00065K,56,2025-11-29 00:00:00,ACTIVE,2025-11-29,2025-11-29,0,2000.0000000000,1000.0000000000,1000.0000000000,0E-10,0.0,0.0,186.7,167.87
0004H5,3383,2017-09-27 09:21:19,INACTIVE,2017-10-05,2018-02-28,311538,True,True,True,True,12593.69,139617.32,0.0,8615.97
00028F,68,2025-10-24 06:14:50,INACTIVE,True,True,0,True,True,True,True,0.0,0.0,0.0,0.0
0007F4,1039,2021-05-25 19:50:56,INACTIVE,True,True,0,True,True,True,True,0.0,0.0,0.0,0.0
0005EF,83,2025-08-31 18:26:29,INACTIVE,True,True,0,True,True,True,True,0.0,0.0,0.0,0.0
0003TN,2531,2021-04-28 01:46:58,INACTIVE,True,True,0,True,True,True,True,0.0,0.0,0.0,0.0
0003YR,74,2022-01-27 10:27:15,ACTIVE,2025-11-13,2025-11-13,47633,70000.0000000000,69506.2600000000,0E-10,0E-10,-142348.49,-87300.84,779.07,-146435.05
0003VR,2184,2019-03-20 16:23:18,INACTIVE,True,True,0,True,True,True,True,0.0,0.0,0.0,0.0
0000FF,435,2025-02-23 22:12:04,INACTIVE,True,True,0,True,True,True,True,0.0,0.0,0.0,0.0
0000MQ,128,2024-06-10 12:14:37,ACTIVE,2025-03-26,2025-06-17,29215,88270.0000000000,87861.5600000000,550.0000000000,0E-10,3179.61,14916.93,626.34,6985.31
000627,1412,2019-11-15 11:38:53,INACTIVE,True,True,0,True,True,True,True,0.0,0.0,0.0,0.0
0000BI,6,2026-01-07 20:22:53,INACTIVE,True,True,0,True,True,True,True,0.0,0.0,0.0,0.0
0001NZ,363,2025-04-03 06:00:57,INACTIVE,True,True,0,True,True,True,True,0.0,0.0,0.0,0.0
0003IF,2041,2019-11-22 11:22:47,INACTIVE,True,True,0,True,True,True,True,0.0,0.0,0.0,0.0
000714,1169,2019-11-14 07:58:44,INACTIVE,2023-03-29,2023-03-29,169677,True,True,True,True,-1540.61,13080.15,0.0,-1585.74
0006TO,916,2022-08-13 12:47:50,INACTIVE,True,True,0,True,True,True,True,0.0,0.0,0.0,0.0
0002LB,1613,2022-07-30 13:35:45,INACTIVE,2022-08-01,2022-08-01,721800,True,True,True,True,-236501.21,301657.4,0.0,-143827.37
0005CF,1319,2023-04-08 22:32:57,INACTIVE,True,True,0,True,True,True,True,0.0,0.0,0.0,0.0
0003AT,2185,2019-06-29 08:16:24,INACTIVE,True,True,0,True,True,True,True,0.0,0.0,0.0,0.0
0001BP,478,2023-02-21 05:51:13,ACTIVE,2024-03-12,2024-03-12,5447,5000.0000000000,5000.0000000000,0E-10,0E-10,-4402.17,-8854.03,145.42,-7154.35
0001PG,15,2026-01-02 16:21:09,INACTIVE,True,True,0,True,True,True,True,0.0,0.0,0.0,0.0
0001EP,942,2021-12-08 18:41:00,ACTIVE,2021-12-13,2022-08-18,1484346,57853.4300000000,60000.6000000000,500.0000000000,0E-10,81300.1,409071.81,234.66,78700.85
0001ZQ,578,2023-08-08 10:06:58,EXITED,True,True,0,True,True,True,True,0.0,0.0,0.0,0.0
0002O0,1115,2023-04-22 16:42:38,INACTIVE,True,True,0,True,True,True,True,0.0,0.0,0.0,0.0
0001C0,863,2023-09-16 11:31:13,INACTIVE,True,True,0,True,True,True,True,0.0,0.0,0.0,0.0
0004B8,1539,2022-10-04 11:36:39,INACTIVE,True,True,0,True,True,True,True,0.0,0.0,0.0,0.0
0006ZF,210,2025-04-25 09:45:45,INACTIVE,True,True,0,True,True,True,True,0.0,0.0,0.0,0.0
0000NE,22,2025-12-16 08:03:44,INACTIVE,True,True,0,True,True,True,True,0.0,0.0,0.0,0.0
00060R,2440,2020-03-08 11:30:27,INACTIVE,True,True,0,True,True,True,True,0.0,0.0,0.0,0.0
0000E5,751,2024-04-30 08:08:15,INACTIVE,True,True,0,True,True,True,True,0.0,0.0,0.0,0.0
0007N1,6,2022-03-28 22:47:50,ACTIVE,2022-04-11,2026-01-08,15272,43050.6500000000,48978.2500000000,100.0000000000,22276.4100000000,829.72,3650.95,29.24,978.71
0000L4,2879,2017-09-04 16:45:37,INACTIVE,True,True,0,True,True,True,True,0.0,0.0,0.0,0.0
0003WT,1409,2019-11-09 03:54:52,INACTIVE,True,True,0,True,True,True,True,0.0,0.0,0.0,0.0
0000M4,173,2025-07-21 10:14:45,INACTIVE,True,True,0,True,True,True,True,0.0,0.0,0.0,0.0
000776,1217,2023-10-05 10:11:15,INACTIVE,True,True,0,True,True,True,True,0.0,0.0,0.0,0.0
0003G6,608,2023-04-30 15:47:32,INACTIVE,True,True,0,True,True,True,True,0.0,0.0,0.0,0.0
00006P,1811,2021-05-25 07:43:17,INACTIVE,True,True,0,True,True,True,True,0.0,0.0,0.0,0.0
00077T,1214,2019-08-19 14:54:57,INACTIVE,True,True,0,True,True,True,True,0.0,0.0,0.0,0.0
0000VH,963,2022-11-05 09:27:10,INACTIVE,True,True,0,True,True,True,True,0.0,0.0,0.0,0.0
0001ED,1671,2022-05-31 17:05:48,INACTIVE,True,True,0,True,True,True,True,0.0,0.0,0.0,0.0
0004B3,731,2022-07-10 10:08:44,ACTIVE,2023-11-29,2024-03-01,26985,21550.0000000000,21303.6300000000,100.0000000000,0E-10,17751.94,28261.11,79.64,16490.04
0005SY,1478,2019-01-28 21:34:19,INACTIVE,True,True,0,True,True,True,True,0.0,0.0,0.0,0.0
000596,2368,2019-03-25 18:50:03,INACTIVE,True,True,0,True,True,True,True,0.0,0.0,0.0,0.0
0007EN,397,2024-03-01 21:07:19,INACTIVE,True,True,0,True,True,True,True,0.0,0.0,0.0,0.0
000503,1138,2022-06-22 08:37:23,INACTIVE,True,True,0,True,True,True,True,0.0,0.0,0.0,0.0
0002WD,2186,2021-04-28 11:34:49,INACTIVE,True,True,0,True,True,True,True,0.0,0.0,0.0,0.0
0000JX,820,2022-10-28 04:34:40,ACTIVE,2022-11-10,2023-01-30,27934,27060.7700000000,27025.0000000000,0E-10,0E-10,363.62,2614.63,304.21,746.24
00027L,1349,2021-10-04 10:16:49,EXITED,2021-12-07,2022-03-02,105936,True,True,True,True,-37356.24,-29250.9,0.0,-45499.08
00034F,115,2025-09-22 08:50:46,INACTIVE,True,True,0,True,True,True,True,0.0,0.0,0.0,0.0
0004A9,1689,2022-08-16 22:52:42,INACTIVE,True,True,0,True,True,True,True,0.0,0.0,0.0,0.0
0002N0,1249,2020-07-16 18:17:28,INACTIVE,True,True,0,True,True,True,True,0.0,0.0,0.0,0.0
0005AE,747,2024-02-04 06:16:50,INACTIVE,True,True,0,True,True,True,True,0.0,0.0,0.0,0.0
00035V,462,2023-08-29 13:21:46,INACTIVE,True,True,0,True,True,True,True,0.0,0.0,0.0,0.0
0003G5,323,2024-07-20 12:04:56,INACTIVE,True,True,0,True,True,True,True,0.0,0.0,0.0,0.0
0007JE,982,2022-04-23 10:34:08,INACTIVE,True,True,0,True,True,True,True,0.0,0.0,0.0,0.0
00030G,3551,2018-01-26 00:00:00,EXITED,2018-01-26,2018-01-26,12606,True,True,True,True,-383.86,709.96,0.0,-566.64
0007AY,877,2021-08-09 09:07:40,INACTIVE,True,True,0,True,True,True,True,0.0,0.0,0.0,0.0
0000H9,210,2025-08-23 08:59:30,INACTIVE,True,True,0,True,True,True,True,0.0,0.0,0.0,0.0
0003AP,180,2025-07-05 15:50:17,INACTIVE,True,True,0,True,True,True,True,0.0,0.0,0.0,0.0
00031G,3572,2016-06-27 18:40:29,EXITED,2018-09-26,2018-09-26,1599714,True,True,True,True,-430404.08,30941.72,0.0,-467336.81
00077F,1854,2019-01-03 19:53:59,INACTIVE,True,True,0,True,True,True,True,0.0,0.0,0.0,0.0
0002F5,2229,2018-10-03 12:14:08,INACTIVE,True,True,0,True,True,True,True,0.0,0.0,0.0,0.0
0004FC,2654,2017-07-06 19:54:53,INACTIVE,2017-07-14,2020-02-13,6294356,True,True,True,True,88510.19,1214081.46,0.0,72046.79
0005U8,70,2025-10-27 22:32:20,INACTIVE,True,True,0,True,True,True,True,0.0,0.0,0.0,0.0
0002HH,1269,2022-08-04 08:42:43,INACTIVE,True,True,0,True,True,True,True,0.0,0.0,0.0,0.0
0000GF,1390,2023-02-18 10:06:36,INACTIVE,True,True,0,True,True,True,True,0.0,0.0,0.0,0.0
0001KR,836,2024-01-20 07:53:59,INACTIVE,True,True,0,True,True,True,True,0.0,0.0,0.0,0.0
00011R,1860,2022-03-25 19:36:35,INACTIVE,True,True,0,True,True,True,True,0.0,0.0,0.0,0.0
0002R3,1401,2019-07-02 09:52:39,INACTIVE,True,True,0,True,True,True,True,0.0,0.0,0.0,0.0
0005SR,2084,2020-11-21 11:53:19,INACTIVE,True,True,0,True,True,True,True,0.0,0.0,0.0,0.0
0006V5,241,2025-06-10 07:41:33,INACTIVE,True,True,0,True,True,True,True,0.0,0.0,0.0,0.0
00026W,1114,2023-04-15 06:42:24,INACTIVE,True,True,0,True,True,True,True,0.0,0.0,0.0,0.0
00064X,1074,2020-10-16 09:37:19,ACTIVE,2022-09-21,2023-05-05,1496355,20807.8800000000,20779.6000000000,0E-10,0E-10,437624.11,915697.6,68.11,217438.48
00004T,1486,2022-09-19 16:16:59,INACTIVE,True,True,0,True,True,True,True,0.0,0.0,0.0,0.0
0007NR,3059,2019-10-21 11:45:46,INACTIVE,2019-10-23,2019-10-23,275738,True,True,True,True,266638.4,470952.3,0.0,305564.28
00019G,776,2023-02-17 16:33:15,INACTIVE,True,True,0,True,True,True,True,0.0,0.0,0.0,0.0
0003HO,1511,2019-03-14 10:48:10,INACTIVE,True,True,0,True,True,True,True,0.0,0.0,0.0,0.0
00062P,912,2021-09-09 15:02:54,INACTIVE,True,True,0,True,True,True,True,0.0,0.0,0.0,0.0
0002KW,69,2025-09-22 20:49:35,ACTIVE,2025-10-02,2025-10-02,0,500.0000000000,0E-10,0E-10,0E-10,0.0,0.0,5.5,7.48
0000YM,66,2025-11-19 03:28:17,INACTIVE,True,True,0,True,True,True,True,0.0,0.0,0.0,0.0
00054P,1247,2022-04-25 09:35:10,INACTIVE,True,True,0,True,True,True,True,0.0,0.0,0.0,0.0
0006PK,224,2025-04-26 15:06:38,INACTIVE,True,True,0,True,True,True,True,0.0,0.0,0.0,0.0
0000LH,3288,2019-08-28 23:14:48,INACTIVE,True,True,0,True,True,True,True,0.0,0.0,0.0,0.0
0000X8,3901,2018-05-31 21:37:37,INACTIVE,True,True,0,True,True,True,True,0.0,0.0,0.0,0.0
0003ZB,1426,2022-04-13 07:55:42,INACTIVE,True,True,0,True,True,True,True,0.0,0.0,0.0,0.0
0000O9,841,2023-08-22 16:35:58,INACTIVE,True,True,0,True,True,True,True,0.0,0.0,0.0,0.0
00027G,2072,2018-09-02 16:30:18,INACTIVE,2018-09-04,2018-09-04,380979,True,True,True,True,107289.79,315813.82,0.0,169879.06
0006ZP,2391,2019-03-22 15:05:35,INACTIVE,True,True,0,True,True,True,True,0.0,0.0,0.0,0.0
0006L6,877,2023-05-28 18:20:39,INACTIVE,True,True,0,True,True,True,True,0.0,0.0,0.0,0.0
0001N2,1028,2020-06-27 14:01:37,INACTIVE,True,True,0,True,True,True,True,0.0,0.0,0.0,0.0
00036T,1694,2022-05-10 05:52:37,INACTIVE,True,True,0,True,True,True,True,0.0,0.0,0.0,0.0
0005MJ,1764,2020-11-23 18:22:34,INACTIVE,True,True,0,True,True,True,True,0.0,0.0,0.0,0.0
0000W4,295,2024-12-03 08:02:57,INACTIVE,True,True,0,True,True,True,True,0.0,0.0,0.0,0.0
000288,2727,2019-08-22 04:48:26,INACTIVE,True,True,0,True,True,True,True,0.0,0.0,0.0,0.0
0006D0,1054,2022-12-30 01:56:01,INACTIVE,True,True,0,True,True,True,True,0.0,0.0,0.0,0.0
0003PG,561,2023-10-26 00:00:00,ACTIVE,2023-10-26,2024-02-25,14409,6000.0000000000,5960.0000000000,0E-10,0E-10,-1207.78,461.59,34.0,-868.08
0005WY,498,2024-03-05 09:44:46,INACTIVE,True,True,0,True,True,True,True,0.0,0.0,0.0,0.0
00064M,560,2023-04-20 12:35:47,INACTIVE,True,True,0,True,True,True,True,0.0,0.0,0.0,0.0
00032T,96,2025-10-11 11:57:53,INACTIVE,True,True,0,True,True,True,True,0.0,0.0,0.0,0.0
00018S,42,2025-11-28 18:17:39,INACTIVE,True,True,0,True,True,True,True,0.0,0.0,0.0,0.0
0003FW,747,2022-04-04 14:50:32,INACTIVE,True,True,0,True,True,True,True,0.0,0.0,0.0,0.0
0007AU,896,2024-03-03 00:00:00,ACTIVE,2024-03-03,2024-03-03,5274,5000.0000000000,5000.0000000000,0E-10,100.0000000000,-3391.15,-3292.72,147.21,-8943.12
0004J9,2317,2021-03-11 09:43:35,INACTIVE,True,True,0,True,True,True,True,0.0,0.0,0.0,0.0
0001CA,173,2025-07-24 21:45:06,INACTIVE,True,True,0,True,True,True,True,0.0,0.0,0.0,0.0
00006F,284,2025-06-17 06:01:34,INACTIVE,True,True,0,True,True,True,True,0.0,0.0,0.0,0.0
00010H,2159,2020-01-06 12:20:55,INACTIVE,True,True,0,True,True,True,True,0.0,0.0,0.0,0.0
00000B,340,2024-08-25 18:38:14,INACTIVE,True,True,0,True,True,True,True,0.0,0.0,0.0,0.0
0004EP,1369,2022-05-11 09:02:19,INACTIVE,True,True,0,True,True,True,True,0.0,0.0,0.0,0.0
0005MC,1110,2022-04-20 14:43:19,INACTIVE,True,True,0,True,True,True,True,0.0,0.0,0.0,0.0
0004JR,250,2025-04-21 00:00:00,ACTIVE,2025-04-21,2025-04-27,3675,5590.0000000000,4343.7500000000,1246.0000000000,0E-10,-8896.48,-4444.01,293.09,-9434.13
00018T,41,2019-10-11 17:28:24,ACTIVE,2022-01-29,2025-12-18,1939716,2983432.1400000000,3011465.5500000000,0E-10,0E-10,-308723.3,315585.5,1244.73,-186202.71
0004TO,495,2024-06-15 07:17:06,INACTIVE,True,True,0,True,True,True,True,0.0,0.0,0.0,0.0
00005M,962,2022-05-12 17:12:14,INACTIVE,True,True,0,True,True,True,True,0.0,0.0,0.0,0.0
0005AB,25,2024-08-22 09:54:41,ACTIVE,2024-09-19,2025-12-06,32954522,26025786.5900000000,25450619.1600000000,59130.0000000000,0E-10,2204737.38,2870506.53,38470.47,1328043.82
00057V,1315,2023-06-10 16:01:58,INACTIVE,True,True,0,True,True,True,True,0.0,0.0,0.0,0.0
0000JY,995,2020-10-01 00:02:55,INACTIVE,True,True,0,True,True,True,True,0.0,0.0,0.0,0.0
0004K2,258,2025-07-16 09:24:21,INACTIVE,True,True,0,True,True,True,True,0.0,0.0,0.0,0.0
0006Z4,1132,2020-07-10 06:35:40,INACTIVE,True,True,0,True,True,True,True,0.0,0.0,0.0,0.0
0006IX,1660,2022-05-31 17:20:52,INACTIVE,True,True,0,True,True,True,True,0.0,0.0,0.0,0.0
0000YQ,85,2025-05-11 20:03:05,ACTIVE,2025-05-12,2025-09-30,8372,18100.0000000000,18086.7500000000,0E-10,0E-10,-23230.13,-1753.51,46.16,-20622.09
0005X4,88,2025-09-20 09:57:25,INACTIVE,True,True,0,True,True,True,True,0.0,0.0,0.0,0.0
0003F4,1639,2019-06-10 13:11:18,INACTIVE,True,True,0,True,True,True,True,0.0,0.0,0.0,0.0
00070C,814,2022-07-12 07:52:17,INACTIVE,True,True,0,True,True,True,True,0.0,0.0,0.0,0.0
0007BZ,1339,2019-07-26 11:58:54,INACTIVE,True,True,0,True,True,True,True,0.0,0.0,0.0,0.0
0005TJ,1304,2020-08-03 15:32:32,INACTIVE,True,True,0,True,True,True,True,0.0,0.0,0.0,0.0
0005G4,2877,2018-10-21 06:36:31,INACTIVE,True,True,0,True,True,True,True,0.0,0.0,0.0,0.0
00064N,2517,2019-08-07 15:55:35,INACTIVE,True,True,0,True,True,True,True,0.0,0.0,0.0,0.0
00033F,130,2018-09-14 13:26:27,ACTIVE,2021-08-10,2025-08-02,23607,159950.0000000000,159893.7500000000,0E-10,79950.0000000000,671.22,4180.9,89.73,957.15
0003W7,346,2025-03-25 00:00:00,ACTIVE,2025-03-25,2025-03-28,0,2110.0000000000,2100.0000000000,0E-10,0E-10,0.0,0.0,53.93,40.63
000613,348,2025-04-16 12:12:33,INACTIVE,True,True,0,True,True,True,True,0.0,0.0,0.0,0.0
0000FV,3162,2020-03-09 10:10:37,INACTIVE,2020-03-11,2020-03-11,126594,True,True,True,True,48789.4,106492.64,0.0,24998.93
0004XK,275,2024-02-18 16:10:14,ACTIVE,2024-12-24,2025-03-28,22655,245903.0000000000,244015.0000000000,6650.0000000000,0E-10,-19600.65,-22751.58,1838.37,-27558.15
0003OD,2132,2019-05-14 16:48:19,INACTIVE,True,True,0,True,True,True,True,0.0,0.0,0.0,0.0
00002B,41,2025-05-02 00:00:00,ACTIVE,2025-05-02,2025-12-18,40882,75900.0000000000,75664.3800000000,0E-10,0E-10,-68714.89,11522.22,143.87,-70332.04
00077B,133,2025-10-15 20:07:20,INACTIVE,True,True,0,True,True,True,True,0.0,0.0,0.0,0.0
0004OO,3311,2019-09-09 18:16:32,INACTIVE,True,True,0,True,True,True,True,0.0,0.0,0.0,0.0
000074,2809,2019-01-23 11:15:16,INACTIVE,2019-02-08,2019-02-08,75672,True,True,True,True,170950.91,220545.29,0.0,63216.47
00039D,2607,2019-08-28 12:12:50,INACTIVE,True,True,0,True,True,True,True,0.0,0.0,0.0,0.0
0000GK,928,2024-04-05 17:20:11,INACTIVE,True,True,0,True,True,True,True,0.0,0.0,0.0,0.0
0006CZ,1250,2022-07-19 16:04:55,INACTIVE,True,True,0,True,True,True,True,0.0,0.0,0.0,0.0
0000LD,1321,2020-12-20 07:43:59,INACTIVE,True,True,0,True,True,True,True,0.0,0.0,0.0,0.0
00015I,2424,2021-07-28 04:51:46,INACTIVE,True,True,0,True,True,True,True,0.0,0.0,0.0,0.0
0002WA,56,2025-12-04 18:37:56,INACTIVE,True,True,0,True,True,True,True,0.0,0.0,0.0,0.0
0003SI,1080,2020-09-21 15:39:17,INACTIVE,True,True,0,True,True,True,True,0.0,0.0,0.0,0.0
0001ZM,639,2023-03-09 00:31:45,INACTIVE,True,True,0,True,True,True,True,0.0,0.0,0.0,0.0
0003BV,2766,2019-09-02 03:18:43,INACTIVE,2020-01-29,2020-07-24,4668648,True,True,True,True,802459.67,1259290.01,0.0,1571970.27
0007MG,78,2024-12-07 11:18:19,ACTIVE,2025-03-13,2025-10-10,408009,1190607.7300000000,1187591.6600000000,2000.0000000000,0E-10,-328360.69,172592.63,2802.43,-371250.07
0005JO,12,2022-05-25 15:11:12,ACTIVE,2025-10-22,2026-01-05,0,100.0000000000,0E-10,100.0000000000,0E-10,0.0,0.0,4.37,4.84
000264,320,2024-08-15 04:22:58,INACTIVE,True,True,0,True,True,True,True,0.0,0.0,0.0,0.0
00001O,1483,2019-12-27 17:05:30,INACTIVE,True,True,0,True,True,True,True,0.0,0.0,0.0,0.0
0004T9,957,2020-02-28 19:27:35,ACTIVE,2023-08-27,2023-12-10,200834,160900.0000000000,151700.0000000000,9100.0000000000,0E-10,-75833.87,-40754.51,1179.56,-124020.98
0003MY,3899,2018-10-28 16:00:38,INACTIVE,True,True,0,True,True,True,True,0.0,0.0,0.0,0.0
0001NL,382,2024-12-30 18:52:12,INACTIVE,True,True,0,True,True,True,True,0.0,0.0,0.0,0.0
0003LD,1336,2019-04-22 06:20:28,INACTIVE,True,True,0,True,True,True,True,0.0,0.0,0.0,0.0
000049,84,2025-09-23 14:20:02,INACTIVE,True,True,0,True,True,True,True,0.0,0.0,0.0,0.0
0005BX,954,2022-05-17 10:25:44,INACTIVE,True,True,0,True,True,True,True,0.0,0.0,0.0,0.0
0007EV,3684,2019-01-05 16:33:09,INACTIVE,True,True,0,True,True,True,True,0.0,0.0,0.0,0.0
0006C7,336,2025-01-10 00:00:00,ACTIVE,2025-01-10,2025-01-14,0,315850.0000000000,291500.0000000000,24200.0000000000,0E-10,0.0,0.0,5270.41,8950.0
0002PX,1817,2022-08-09 06:35:32,INACTIVE,True,True,0,True,True,True,True,0.0,0.0,0.0,0.0
0000K0,75,2025-11-21 08:41:12,INACTIVE,True,True,0,True,True,True,True,0.0,0.0,0.0,0.0
0002GP,1320,2022-03-29 15:37:01,INACTIVE,True,True,0,True,True,True,True,0.0,0.0,0.0,0.0
0002PZ,38,2025-11-04 19:49:31,INACTIVE,True,True,0,True,True,True,True,0.0,0.0,0.0,0.0
0005Q8,2843,2020-10-03 10:57:15,INACTIVE,True,True,0,True,True,True,True,0.0,0.0,0.0,0.0
0007DR,617,2022-09-24 07:29:19,INACTIVE,True,True,0,True,True,True,True,0.0,0.0,0.0,0.0
0001IC,453,2025-02-15 15:16:39,INACTIVE,True,True,0,True,True,True,True,0.0,0.0,0.0,0.0
0004CJ,1042,2019-03-06 10:06:08,ACTIVE,2022-02-07,2022-12-01,187448,3629683.0300000000,3630656.0500000000,0E-10,180000.0000000000,-4395.56,18794.86,11297.12,5924.71
0000A0,1045,2022-06-21 10:13:39,INACTIVE,True,True,0,True,True,True,True,0.0,0.0,0.0,0.0
00047M,2085,2019-10-03 15:05:03,INACTIVE,True,True,0,True,True,True,True,0.0,0.0,0.0,0.0
0006E5,764,2023-08-08 00:00:00,ACTIVE,2023-08-08,2023-08-08,3460,5000.0000000000,5000.0000000000,0E-10,0E-10,-1276.68,-144.95,135.69,-1101.43
0001R5,2026,2021-05-10 19:32:41,EXITED,2021-05-17,2021-05-17,39862,True,True,True,True,26595.48,30215.32,0.0,36793.54
0006PJ,4431,2014-09-24 00:00:00,INACTIVE,2014-09-24,2014-09-24,0,0E-10,0E-10,0E-10,0E-10,0.0,0.0,0.0,0.0
0000IK,1365,2021-02-06 11:50:49,INACTIVE,True,True,0,True,True,True,True,0.0,0.0,0.0,0.0
000308,59,2025-11-19 09:00:23,INACTIVE,True,True,0,True,True,True,True,0.0,0.0,0.0,0.0
00073V,97,2025-09-30 06:51:12,INACTIVE,True,True,0,True,True,True,True,0.0,0.0,0.0,0.0
0005XC,742,2024-08-11 04:48:49,INACTIVE,True,True,0,True,True,True,True,0.0,0.0,0.0,0.0
0007FB,831,2019-02-11 12:42:32,ACTIVE,2024-05-28,2024-05-28,0,200.0000000000,0E-10,100.0000000000,0E-10,0.0,0.0,9.0,12.17
0006VF,2948,2018-10-14 21:38:55,INACTIVE,2018-10-26,2018-10-26,49764,True,True,True,True,32037.82,55429.24,0.0,27397.54
00017F,1539,2021-09-09 15:37:47,INACTIVE,2023-03-02,2023-03-02,20805,True,True,True,True,-23336.79,-17492.22,0.0,-13625.71
0006ZC,1593,2021-01-21 18:46:43,INACTIVE,True,True,0,True,True,True,True,0.0,0.0,0.0,0.0
00043K,1474,2019-03-02 21:26:59,INACTIVE,2019-03-06,2019-03-06,262080,True,True,True,True,14755.26,102435.91,0.0,17494.17
0007NM,655,2022-10-07 12:21:05,INACTIVE,True,True,0,True,True,True,True,0.0,0.0,0.0,0.0
0000QK,609,2024-10-15 00:00:00,ACTIVE,2024-10-15,2024-10-15,0,12000.0000000000,12000.0000000000,0E-10,0E-10,0.0,0.0,303.41,353.84
0002KJ,1344,2021-11-16 11:36:40,INACTIVE,True,True,0,True,True,True,True,0.0,0.0,0.0,0.0
0007BU,106,2025-10-29 10:49:44,INACTIVE,True,True,0,True,True,True,True,0.0,0.0,0.0,0.0
0004RA,2335,2019-05-17 16:35:25,INACTIVE,True,True,0,True,True,True,True,0.0,0.0,0.0,0.0
0000OD,1103,2020-02-18 17:16:21,INACTIVE,True,True,0,True,True,True,True,0.0,0.0,0.0,0.0
00062V,1927,2020-11-29 23:56:21,INACTIVE,True,True,0,True,True,True,True,0.0,0.0,0.0,0.0
0007G4,2735,2019-03-12 12:51:20,EXITED,2019-03-14,2019-03-14,601489,True,True,True,True,-207165.73,-49822.62,0.0,-141595.09
0000JB,247,2025-04-30 10:29:16,INACTIVE,True,True,0,True,True,True,True,0.0,0.0,0.0,0.0
00002K,1291,2023-05-26 13:24:18,INACTIVE,True,True,0,True,True,True,True,0.0,0.0,0.0,0.0
0006JD,134,2025-09-20 06:30:52,INACTIVE,True,True,0,True,True,True,True,0.0,0.0,0.0,0.0
0000GN,1636,2020-11-10 06:36:58,INACTIVE,True,True,0,True,True,True,True,0.0,0.0,0.0,0.0
0002FK,2665,2020-01-21 17:23:46,INACTIVE,True,True,0,True,True,True,True,0.0,0.0,0.0,0.0
0000TV,270,2023-05-07 17:13:29,ACTIVE,2025-02-19,2025-02-19,0,100.0000000000,100.0000000000,0E-10,0E-10,0.0,0.0,2.04,2.37
0003KP,64,2025-11-28 00:00:00,ACTIVE,2025-11-28,2025-11-28,0,2000.0000000000,1000.0000000000,1000.0000000000,0E-10,0.0,0.0,83.89,147.05
00004V,1910,2019-05-04 11:21:24,INACTIVE,True,True,0,True,True,True,True,0.0,0.0,0.0,0.0
0000P1,304,2025-04-29 10:15:45,INACTIVE,True,True,0,True,True,True,True,0.0,0.0,0.0,0.0
0000HN,40,2025-12-02 05:57:22,INACTIVE,True,True,0,True,True,True,True,0.0,0.0,0.0,0.0
0001BB,50,2025-10-24 17:48:32,INACTIVE,True,True,0,True,True,True,True,0.0,0.0,0.0,0.0
0001E5,2214,2020-09-03 07:33:41,INACTIVE,True,True,0,True,True,True,True,0.0,0.0,0.0,0.0
00044D,77,2025-10-18 21:53:53,ACTIVE,2025-10-19,2025-10-20,0,1091900.0000000000,1091850.0000000000,0E-10,1000950.0000000000,0.0,0.0,50106.6,53518.92
0002DB,117,2025-10-04 15:59:16,INACTIVE,True,True,0,True,True,True,True,0.0,0.0,0.0,0.0
0003H1,620,2024-05-29 06:57:39,INACTIVE,True,True,0,True,True,True,True,0.0,0.0,0.0,0.0
0004RK,1231,2019-10-26 02:27:47,INACTIVE,True,True,0,True,True,True,True,0.0,0.0,0.0,0.0
00027Z,687,2023-05-17 03:50:32,INACTIVE,True,True,0,True,True,True,True,0.0,0.0,0.0,0.0
0004PT,1565,2022-05-06 01:16:21,ACTIVE,2022-06-21,2022-06-21,0,1000.0000000000,0E-10,1000.0000000000,0E-10,0.0,0.0,85.21,169.72
000451,415,2024-08-08 18:43:22,ACTIVE,2024-08-15,2024-11-12,34844,24800.0000000000,24786.0000000000,0E-10,0E-10,-8357.39,-10512.49,160.84,-9735.46
0001P3,2231,2019-09-21 22:08:35,INACTIVE,True,True,0,True,True,True,True,0.0,0.0,0.0,0.0
00001Z,619,2022-09-01 14:54:05,INACTIVE,True,True,0,True,True,True,True,0.0,0.0,0.0,0.0
000785,1821,2019-10-31 21:59:08,INACTIVE,True,True,0,True,True,True,True,0.0,0.0,0.0,0.0
0004TH,389,2025-02-16 19:24:30,INACTIVE,True,True,0,True,True,True,True,0.0,0.0,0.0,0.0
0003UF,559,2024-12-08 18:08:37,INACTIVE,True,True,0,True,True,True,True,0.0,0.0,0.0,0.0
0005HX,556,2024-08-15 16:20:10,INACTIVE,True,True,0,True,True,True,True,0.0,0.0,0.0,0.0
0005ZD,1325,2022-07-22 18:55:05,INACTIVE,True,True,0,True,True,True,True,0.0,0.0,0.0,0.0
0001GV,2244,2019-09-16 17:57:41,INACTIVE,True,True,0,True,True,True,True,0.0,0.0,0.0,0.0
00055K,1528,2022-06-28 11:59:06,INACTIVE,True,True,0,True,True,True,True,0.0,0.0,0.0,0.0
0007MF,201,2019-09-28 14:30:42,ACTIVE,2025-08-13,2025-08-13,0,50.0000000000,0E-10,0E-10,0E-10,0.0,0.0,1.32,0.92
0003CQ,853,2022-05-17 21:42:25,ACTIVE,2022-09-16,2022-10-19,9440,2000.0000000000,2000.0000000000,0E-10,0E-10,-7539.31,-9380.93,23.41,-10434.3
00044Z,575,2024-09-28 11:04:20,INACTIVE,True,True,0,True,True,True,True,0.0,0.0,0.0,0.0
0000OA,601,2023-10-30 16:35:11,INACTIVE,True,True,0,True,True,True,True,0.0,0.0,0.0,0.0
0000YY,707,2022-05-27 21:13:32,INACTIVE,True,True,0,True,True,True,True,0.0,0.0,0.0,0.0
0007I4,1236,2020-02-25 17:49:31,INACTIVE,True,True,0,True,True,True,True,0.0,0.0,0.0,0.0
0000L0,1301,2019-07-11 20:05:32,INACTIVE,True,True,0,True,True,True,True,0.0,0.0,0.0,0.0
000352,41,2025-11-22 00:00:00,ACTIVE,2025-11-22,2025-11-24,0,2000.0000000000,1007.5000000000,1000.0000000000,0E-10,0.0,0.0,116.74,143.01
0002ZG,145,2024-06-08 16:52:30,ACTIVE,2025-02-18,2025-05-29,924220,1247000.0000000000,1245784.3200000000,0E-10,0E-10,16012.16,155647.84,11756.78,17340.16
000734,313,2024-07-29 18:31:13,INACTIVE,True,True,0,True,True,True,True,0.0,0.0,0.0,0.0
0004LR,1094,2021-06-01 00:00:00,BLACKLISTED,2021-06-01,2021-06-01,214268,True,True,True,True,-270878.62,-214670.6,0.0,-167342.53
0001FI,1287,2019-06-30 14:10:46,INACTIVE,True,True,0,True,True,True,True,0.0,0.0,0.0,0.0
000044,898,2023-02-16 02:48:54,INACTIVE,True,True,0,True,True,True,True,0.0,0.0,0.0,0.0
0001L0,1433,2023-01-28 18:22:53,INACTIVE,True,True,0,True,True,True,True,0.0,0.0,0.0,0.0
0001C9,2141,2020-06-23 13:09:56,INACTIVE,True,True,0,True,True,True,True,0.0,0.0,0.0,0.0
00031V,159,2023-11-09 17:32:50,ACTIVE,2024-01-15,2025-04-08,3710,11000.0000000000,10591.7100000000,0E-10,0E-10,-1565.98,81.62,15.73,-632.92
0005JC,37,2025-12-04 08:50:11,INACTIVE,True,True,0,True,True,True,True,0.0,0.0,0.0,0.0
000085,37,2025-12-06 23:53:56,INACTIVE,True,True,0,True,True,True,True,0.0,0.0,0.0,0.0
000047,204,2025-03-18 06:14:41,INACTIVE,True,True,0,True,True,True,True,0.0,0.0,0.0,0.0
0000CT,45,2025-11-24 10:23:40,INACTIVE,True,True,0,True,True,True,True,0.0,0.0,0.0,0.0
0001Z2,1924,2019-09-26 13:32:03,EXITED,2019-09-30,2019-09-30,2343970,True,True,True,True,2579298.95,3610992.26,0.0,1804531.92
0003VY,827,2023-10-06 16:27:22,INACTIVE,True,True,0,True,True,True,True,0.0,0.0,0.0,0.0
0002KK,1449,2022-09-18 10:09:29,ACTIVE,2022-09-23,2022-09-23,0,3300.0000000000,3200.0000000000,100.0000000000,0E-10,0.0,0.0,119.64,58.23
0001C3,713,2024-01-18 12:16:17,INACTIVE,True,True,0,True,True,True,True,0.0,0.0,0.0,0.0
0003QD,607,2023-02-23 16:04:40,INACTIVE,True,True,0,True,True,True,True,0.0,0.0,0.0,0.0
0002VG,71,2025-09-09 09:59:13,INACTIVE,True,True,0,True,True,True,True,0.0,0.0,0.0,0.0
0004TD,3545,2016-09-16 20:01:43,INACTIVE,2019-01-18,2019-01-18,119293,True,True,True,True,240304.0,202701.63,0.0,94367.24
0000A4,1852,2021-10-18 18:05:39,INACTIVE,True,True,0,True,True,True,True,0.0,0.0,0.0,0.0
0005R8,65,2025-11-20 09:50:18,INACTIVE,True,True,0,True,True,True,True,0.0,0.0,0.0,0.0
0000BA,1039,2024-01-11 21:06:37,INACTIVE,True,True,0,True,True,True,True,0.0,0.0,0.0,0.0
0002LE,1606,2021-10-26 00:00:00,ACTIVE,2021-10-26,2021-10-26,0,100.0000000000,0E-10,0E-10,0E-10,0.0,0.0,2.26,2.87
0004OQ,1335,2019-09-02 20:03:08,INACTIVE,True,True,0,True,True,True,True,0.0,0.0,0.0,0.0
0001TC,2951,2019-05-22 09:30:37,INACTIVE,True,True,0,True,True,True,True,0.0,0.0,0.0,0.0
0001XJ,2096,2017-05-15 11:10:48,INACTIVE,2017-05-17,2017-05-17,14355,True,True,True,True,-8991.56,2926.7,0.0,-6978.33
0007CX,82,2022-05-20 00:28:15,ACTIVE,2024-07-16,2025-11-06,0,790454.0600000000,576897.9300000000,224900.0000000000,4900.0000000000,0.0,0.0,2633.41,2963.32
0002L8,1266,2022-03-11 05:06:00,INACTIVE,True,True,0,True,True,True,True,0.0,0.0,0.0,0.0
000462,30,2025-11-19 15:51:15,INACTIVE,True,True,0,True,True,True,True,0.0,0.0,0.0,0.0
0000NS,1242,2019-12-02 09:51:08,INACTIVE,True,True,0,True,True,True,True,0.0,0.0,0.0,0.0
0003SD,9,2025-12-06 00:00:00,ACTIVE,2025-12-06,2026-01-05,5728,12500.0000000000,5325.2500000000,0E-10,0E-10,-3765.65,395.6,153.56,-1758.97
0004H1,1574,2022-02-07 07:40:17,INACTIVE,True,True,0,True,True,True,True,0.0,0.0,0.0,0.0
0000XP,111,2025-08-02 09:09:29,INACTIVE,True,True,0,True,True,True,True,0.0,0.0,0.0,0.0
00018C,1064,2021-03-29 14:26:17,INACTIVE,True,True,0,True,True,True,True,0.0,0.0,0.0,0.0
000033,2179,2019-03-26 09:16:45,INACTIVE,True,True,0,True,True,True,True,0.0,0.0,0.0,0.0
0001UP,303,2025-05-28 04:18:07,INACTIVE,True,True,0,True,True,True,True,0.0,0.0,0.0,0.0
0000L9,1124,2023-02-28 18:11:01,ACTIVE,2023-03-09,2023-08-24,1053097,725794.4300000000,727543.2700000000,0E-10,0E-10,91104.51,314149.92,4044.97,114308.62
0007K2,1195,2023-04-12 07:44:36,INACTIVE,True,True,0,True,True,True,True,0.0,0.0,0.0,0.0
0001R3,832,2023-06-02 13:26:40,ACTIVE,2023-06-03,2023-07-31,17447,14887.0000000000,14848.8700000000,0E-10,0E-10,-12157.85,-20319.86,244.24,-26214.39
0002W6,1345,2022-02-08 14:13:40,ACTIVE,2022-02-17,2022-02-17,888920,20631.9100000000,20000.0000000000,0E-10,0E-10,-177227.65,27133.07,387.73,-195804.4
0004E4,1750,2019-06-11 05:44:37,INACTIVE,True,True,0,True,True,True,True,0.0,0.0,0.0,0.0
0003HN,1718,2018-08-28 11:48:28,INACTIVE,True,True,0,True,True,True,True,0.0,0.0,0.0,0.0
0004EV,543,2023-01-07 18:57:08,EXITED,2023-01-24,2023-02-27,149833,True,True,True,True,-57634.49,-47509.89,0.0,-67028.68
0001RT,1755,2022-07-05 07:25:23,INACTIVE,True,True,0,True,True,True,True,0.0,0.0,0.0,0.0
00047X,481,2024-09-19 15:03:06,INACTIVE,True,True,0,True,True,True,True,0.0,0.0,0.0,0.0
0002TB,843,2021-06-15 17:32:37,INACTIVE,True,True,0,True,True,True,True,0.0,0.0,0.0,0.0
000744,2855,2018-06-12 00:00:00,EXITED,2018-06-12,2018-06-12,5306,True,True,True,True,-2856.38,-2086.72,0.0,-5289.24
0005BZ,824,2023-01-24 22:44:36,INACTIVE,True,True,0,True,True,True,True,0.0,0.0,0.0,0.0
0005HI,417,2024-10-22 00:00:00,ACTIVE,2024-10-22,2024-10-22,0,6000.0000000000,6000.0000000000,0E-10,4000.0000000000,0.0,0.0,148.06,225.61
0006CL,714,2024-05-16 03:16:54,INACTIVE,True,True,0,True,True,True,True,0.0,0.0,0.0,0.0
0004MP,17,2023-05-09 19:17:03,ACTIVE,2023-05-13,2026-01-02,0,14935663.6900000000,14933542.3700000000,0E-10,10300218.0600000000,0.0,0.0,9865.42,24059.02
0005QU,2000,2021-06-24 15:23:23,INACTIVE,True,True,0,True,True,True,True,0.0,0.0,0.0,0.0
0000UW,184,2025-09-05 23:31:58,INACTIVE,True,True,0,True,True,True,True,0.0,0.0,0.0,0.0
000635,1194,2020-03-11 07:10:23,ACTIVE,2021-08-04,2021-08-04,0,200.0000000000,203.0000000000,0E-10,0E-10,0.0,0.0,6.16,6.14
0007IJ,3376,2018-01-30 07:07:42,INACTIVE,True,True,0,True,True,True,True,0.0,0.0,0.0,0.0
0004L0,1149,2023-10-11 00:00:38,INACTIVE,True,True,0,True,True,True,True,0.0,0.0,0.0,0.0
0003MB,155,2025-07-07 17:18:30,INACTIVE,True,True,0,True,True,True,True,0.0,0.0,0.0,0.0
0002I2,13,2026-01-05 22:52:36,INACTIVE,True,True,0,True,True,True,True,0.0,0.0,0.0,0.0
0004P5,1293,2023-08-01 16:20:10,INACTIVE,True,True,0,True,True,True,True,0.0,0.0,0.0,0.0
0003MS,1894,2021-07-04 17:16:28,INACTIVE,True,True,0,True,True,True,True,0.0,0.0,0.0,0.0
00073M,237,2025-01-23 16:33:34,INACTIVE,True,True,0,True,True,True,True,0.0,0.0,0.0,0.0
0000QI,1776,2019-08-26 10:12:00,INACTIVE,True,True,0,True,True,True,True,0.0,0.0,0.0,0.0
0004UE,2242,2020-11-02 20:01:55,INACTIVE,True,True,0,True,True,True,True,0.0,0.0,0.0,0.0
0006Q1,37,2025-11-14 13:22:29,ACTIVE,2025-12-19,2025-12-19,914636,1000000.0000000000,999880.6300000000,0E-10,0E-10,-551288.42,-1343693.73,20547.67,-723322.08
0002AV,448,2023-09-12 17:22:22,INACTIVE,True,True,0,True,True,True,True,0.0,0.0,0.0,0.0
0001V6,86,2025-10-03 10:08:55,INACTIVE,True,True,0,True,True,True,True,0.0,0.0,0.0,0.0
0001XK,318,2024-11-08 17:16:51,INACTIVE,True,True,0,True,True,True,True,0.0,0.0,0.0,0.0
0001Z7,2106,2019-10-15 16:19:28,INACTIVE,True,True,0,True,True,True,True,0.0,0.0,0.0,0.0
0006YH,1853,2022-01-15 08:28:45,INACTIVE,True,True,0,True,True,True,True,0.0,0.0,0.0,0.0
00056G,2732,2018-08-01 09:11:19,INACTIVE,True,True,0,True,True,True,True,0.0,0.0,0.0,0.0
00073U,1591,2021-10-06 15:58:06,INACTIVE,True,True,0,True,True,True,True,0.0,0.0,0.0,0.0
0003X2,650,2024-06-08 06:22:15,INACTIVE,True,True,0,True,True,True,True,0.0,0.0,0.0,0.0
0000ME,592,2024-06-11 08:34:45,INACTIVE,True,True,0,True,True,True,True,0.0,0.0,0.0,0.0
00032E,466,2024-12-19 06:11:56,INACTIVE,True,True,0,True,True,True,True,0.0,0.0,0.0,0.0
00038P,121,2025-06-30 23:03:33,INACTIVE,True,True,0,True,True,True,True,0.0,0.0,0.0,0.0
00053M,433,2023-10-09 16:12:43,INACTIVE,True,True,0,True,True,True,True,0.0,0.0,0.0,0.0
0003UX,1057,2023-11-10 00:00:00,INACTIVE,2023-11-10,2023-11-10,3358,True,True,True,True,-4276.98,-1239.87,0.0,-1733.45
0001FW,520,2024-08-02 09:19:03,INACTIVE,True,True,0,True,True,True,True,0.0,0.0,0.0,0.0
0004NX,559,2024-02-15 08:24:53,INACTIVE,True,True,0,True,True,True,True,0.0,0.0,0.0,0.0
000385,2206,2019-09-17 08:01:57,INACTIVE,True,True,0,True,True,True,True,0.0,0.0,0.0,0.0
0002D2,105,2022-04-14 13:02:17,ACTIVE,2025-10-16,2025-10-16,10960,10000.0000000000,9934.3800000000,0E-10,0E-10,-13492.06,-12511.64,121.69,-11914.73
0005SV,462,2024-01-03 00:00:00,ACTIVE,2024-01-03,2024-01-03,6341,5000.0000000000,5000.0000000000,0E-10,0E-10,-7179.29,-5699.09,137.56,-9616.79
0000PA,1283,2022-08-11 13:00:55,INACTIVE,True,True,0,True,True,True,True,0.0,0.0,0.0,0.0
0007OK,700,2021-10-13 00:00:00,ACTIVE,2021-10-13,2022-11-26,0,207422.9500000000,204763.0000000000,0E-10,189651.3400000000,0.0,0.0,967.84,535.7
0004FE,2152,2021-09-15 22:09:41,INACTIVE,True,True,0,True,True,True,True,0.0,0.0,0.0,0.0
0006BU,1077,2021-11-14 16:27:56,ACTIVE,2023-02-20,2023-04-07,0,32460.0000000000,40012.0000000000,1300.0000000000,0E-10,0.0,0.0,804.46,702.12
0002QM,1294,2023-05-04 13:19:08,INACTIVE,True,True,0,True,True,True,True,0.0,0.0,0.0,0.0
0005SZ,159,2025-09-07 15:22:31,INACTIVE,True,True,0,True,True,True,True,0.0,0.0,0.0,0.0
0002W9,2244,2021-05-15 11:11:02,INACTIVE,True,True,0,True,True,True,True,0.0,0.0,0.0,0.0
00036N,343,2024-12-04 13:32:35,INACTIVE,True,True,0,True,True,True,True,0.0,0.0,0.0,0.0
0001MC,270,2024-11-18 00:54:15,INACTIVE,True,True,0,True,True,True,True,0.0,0.0,0.0,0.0
0004SF,3436,2019-04-13 08:23:18,INACTIVE,True,True,0,True,True,True,True,0.0,0.0,0.0,0.0
00020X,1786,2022-07-05 08:08:11,INACTIVE,True,True,0,True,True,True,True,0.0,0.0,0.0,0.0
00048U,730,2024-08-05 15:31:39,INACTIVE,True,True,0,True,True,True,True,0.0,0.0,0.0,0.0
0002VI,1547,2023-03-13 22:26:45,INACTIVE,True,True,0,True,True,True,True,0.0,0.0,0.0,0.0
0005BM,1429,2022-06-21 10:31:14,INACTIVE,True,True,0,True,True,True,True,0.0,0.0,0.0,0.0
0007PD,1209,2022-07-28 08:24:56,ACTIVE,2022-10-09,2022-10-09,0,100.0000000000,0E-10,0E-10,0E-10,0.0,0.0,2.99,1.51
00028W,3193,2019-04-21 11:37:14,INACTIVE,True,True,0,True,True,True,True,0.0,0.0,0.0,0.0
0003LF,1469,2019-06-13 07:25:08,INACTIVE,True,True,0,True,True,True,True,0.0,0.0,0.0,0.0
0001EF,2472,2020-10-06 19:52:15,INACTIVE,True,True,0,True,True,True,True,0.0,0.0,0.0,0.0
0006H4,1327,2023-04-10 11:42:06,INACTIVE,True,True,0,True,True,True,True,0.0,0.0,0.0,0.0
0007GE,2035,2020-11-13 20:15:29,INACTIVE,True,True,0,True,True,True,True,0.0,0.0,0.0,0.0
00022M,384,2024-11-08 16:09:27,INACTIVE,True,True,0,True,True,True,True,0.0,0.0,0.0,0.0
00063F,1441,2022-08-18 15:50:02,INACTIVE,True,True,0,True,True,True,True,0.0,0.0,0.0,0.0
00019Z,3161,2019-12-04 02:47:12,INACTIVE,True,True,0,True,True,True,True,0.0,0.0,0.0,0.0
0002WP,690,2023-03-03 07:41:37,INACTIVE,True,True,0,True,True,True,True,0.0,0.0,0.0,0.0
0005XD,1727,2020-03-18 12:17:41,INACTIVE,True,True,0,True,True,True,True,0.0,0.0,0.0,0.0
0004AK,1768,2021-11-28 23:53:50,INACTIVE,True,True,0,True,True,True,True,0.0,0.0,0.0,0.0
0005EH,116,2025-10-20 14:30:08,INACTIVE,True,True,0,True,True,True,True,0.0,0.0,0.0,0.0
00059Q,2681,2019-09-02 06:39:48,INACTIVE,True,True,0,True,True,True,True,0.0,0.0,0.0,0.0
0007H2,2042,2020-11-30 15:41:35,INACTIVE,True,True,0,True,True,True,True,0.0,0.0,0.0,0.0
0007KL,1354,2019-09-17 12:11:27,INACTIVE,True,True,0,True,True,True,True,0.0,0.0,0.0,0.0
0006IU,208,2025-06-06 14:42:09,INACTIVE,True,True,0,True,True,True,True,0.0,0.0,0.0,0.0
0007HJ,1358,2023-05-14 08:57:38,INACTIVE,True,True,0,True,True,True,True,0.0,0.0,0.0,0.0
0003JB,1403,2021-08-01 20:30:57,INACTIVE,True,True,0,True,True,True,True,0.0,0.0,0.0,0.0
00050L,309,2025-01-29 16:33:14,INACTIVE,True,True,0,True,True,True,True,0.0,0.0,0.0,0.0
0000NV,73,2025-10-22 05:22:14,INACTIVE,True,True,0,True,True,True,True,0.0,0.0,0.0,0.0
00003A,2211,2019-01-09 13:29:27,INACTIVE,True,True,0,True,True,True,True,0.0,0.0,0.0,0.0
0000XG,861,2023-06-08 10:26:10,INACTIVE,True,True,0,True,True,True,True,0.0,0.0,0.0,0.0
0004U5,913,2024-01-29 11:29:02,INACTIVE,True,True,0,True,True,True,True,0.0,0.0,0.0,0.0
0007KU,2093,2020-01-15 16:50:29,INACTIVE,True,True,0,True,True,True,True,0.0,0.0,0.0,0.0
00041X,4402,2013-04-03 00:00:00,INACTIVE,2013-04-04,2015-02-26,670959,True,True,True,True,-190510.33,-118528.32,0.0,-181436.84
0004OG,982,2023-03-10 21:49:24,INACTIVE,True,True,0,True,True,True,True,0.0,0.0,0.0,0.0
0000EJ,1157,2023-09-26 11:35:45,INACTIVE,True,True,0,True,True,True,True,0.0,0.0,0.0,0.0
0001GY,1670,2019-04-22 10:14:17,INACTIVE,True,True,0,True,True,True,True,0.0,0.0,0.0,0.0
0003CI,1693,2018-08-07 08:27:47,INACTIVE,True,True,0,True,True,True,True,0.0,0.0,0.0,0.0
0003L7,513,2024-06-29 19:39:17,INACTIVE,True,True,0,True,True,True,True,0.0,0.0,0.0,0.0
0002W4,2446,2019-09-12 18:49:51,EXITED,2021-05-31,2021-07-01,37753,True,True,True,True,-10875.46,-18911.67,0.0,-31205.31
0001WQ,1807,2021-12-01 21:42:53,INACTIVE,True,True,0,True,True,True,True,0.0,0.0,0.0,0.0
00016P,1056,2023-06-14 12:03:31,INACTIVE,True,True,0,True,True,True,True,0.0,0.0,0.0,0.0
00064S,1081,2022-09-19 00:00:00,ACTIVE,2022-09-19,2022-09-19,0,2000.0000000000,2000.0000000000,0E-10,0E-10,0.0,0.0,54.83,52.89
0006O6,1255,2021-09-20 02:38:44,INACTIVE,True,True,0,True,True,True,True,0.0,0.0,0.0,0.0
0002XU,2342,2021-08-21 14:33:26,INACTIVE,True,True,0,True,True,True,True,0.0,0.0,0.0,0.0
0006QD,624,2024-03-03 11:27:13,ACTIVE,2024-03-06,2024-03-13,0,284695.5500000000,284245.0000000000,300.0000000000,200.0000000000,0.0,0.0,7180.54,6314.13
0000MU,363,2025-03-21 14:24:19,INACTIVE,True,True,0,True,True,True,True,0.0,0.0,0.0,0.0
0007P1,1571,2022-10-04 00:00:00,ACTIVE,2022-10-04,2022-10-04,0,2000.0000000000,0E-10,0E-10,0E-10,0.0,0.0,64.91,41.69
0001V2,1112,2023-04-11 06:48:29,ACTIVE,2023-05-04,2023-05-30,33873,100.0000000000,100.0000000000,0E-10,0E-10,-21559.83,-38154.9,2.06,-45530.79
0001VX,610,2021-06-29 14:28:43,INACTIVE,2023-10-05,2023-10-05,6124,True,True,True,True,-10097.96,-5117.15,0.0,-10137.8
0006HG,1584,2020-07-15 12:36:07,INACTIVE,True,True,0,True,True,True,True,0.0,0.0,0.0,0.0
000513,49,2025-07-07 00:00:00,ACTIVE,2025-07-07,2025-10-13,574569,760054.7300000000,761944.5200000000,4130.0000000000,350.0000000000,-933172.89,-300710.18,4747.11,-815393.91
0001QR,854,2024-06-13 06:00:18,INACTIVE,True,True,0,True,True,True,True,0.0,0.0,0.0,0.0
0000S4,509,2024-12-30 00:06:53,INACTIVE,True,True,0,True,True,True,True,0.0,0.0,0.0,0.0
0001BF,1958,2020-02-10 14:14:38,INACTIVE,True,True,0,True,True,True,True,0.0,0.0,0.0,0.0
0003OA,3438,2019-04-13 16:59:32,INACTIVE,True,True,0,True,True,True,True,0.0,0.0,0.0,0.0
0006X3,94,2025-08-24 21:08:48,INACTIVE,True,True,0,True,True,True,True,0.0,0.0,0.0,0.0
0005BA,74,2025-09-01 13:07:27,INACTIVE,True,True,0,True,True,True,True,0.0,0.0,0.0,0.0
0002SJ,529,2023-10-05 14:19:30,INACTIVE,True,True,0,True,True,True,True,0.0,0.0,0.0,0.0
0007PL,2663,2020-10-08 09:25:06,INACTIVE,True,True,0,True,True,True,True,0.0,0.0,0.0,0.0
000389,1236,2020-11-30 15:20:16,INACTIVE,True,True,0,True,True,True,True,0.0,0.0,0.0,0.0
0000CC,211,2025-01-08 06:37:42,INACTIVE,True,True,0,True,True,True,True,0.0,0.0,0.0,0.0
0003VX,1113,2021-08-06 23:56:05,INACTIVE,True,True,0,True,True,True,True,0.0,0.0,0.0,0.0
0004G8,2190,2018-08-03 09:24:48,INACTIVE,2018-08-07,2019-06-28,446118,True,True,True,True,73084.35,208541.79,0.0,24740.11
000123,1524,2021-11-08 11:38:08,INACTIVE,True,True,0,True,True,True,True,0.0,0.0,0.0,0.0
0003Y8,929,2022-08-01 14:33:29,INACTIVE,True,True,0,True,True,True,True,0.0,0.0,0.0,0.0
000133,2277,2021-04-07 16:34:41,INACTIVE,True,True,0,True,True,True,True,0.0,0.0,0.0,0.0
00051I,101,2025-11-07 10:48:35,INACTIVE,True,True,0,True,True,True,True,0.0,0.0,0.0,0.0
00019L,239,2025-03-19 01:05:35,INACTIVE,True,True,0,True,True,True,True,0.0,0.0,0.0,0.0
0006FT,3841,2018-06-08 12:57:14,INACTIVE,2018-09-10,2018-09-10,86084,True,True,True,True,20203.28,130160.19,0.0,33009.69
0004W9,717,2024-07-20 13:49:38,INACTIVE,True,True,0,True,True,True,True,0.0,0.0,0.0,0.0
0003MC,1293,2023-06-27 18:57:13,INACTIVE,True,True,0,True,True,True,True,0.0,0.0,0.0,0.0
000795,1333,2019-07-10 16:32:46,INACTIVE,True,True,0,True,True,True,True,0.0,0.0,0.0,0.0
0004KJ,1425,2023-02-12 13:58:06,INACTIVE,True,True,0,True,True,True,True,0.0,0.0,0.0,0.0
0001FE,1977,2021-01-20 00:02:21,INACTIVE,True,True,0,True,True,True,True,0.0,0.0,0.0,0.0
0006AE,424,2023-11-13 10:42:00,ACTIVE,2023-11-20,2023-11-20,0,100.0000000000,0E-10,100.0000000000,0E-10,0.0,0.0,18.74,7.41
0002C8,3137,2019-03-11 21:33:16,INACTIVE,True,True,0,True,True,True,True,0.0,0.0,0.0,0.0
0003YG,766,2023-03-19 11:06:25,INACTIVE,True,True,0,True,True,True,True,0.0,0.0,0.0,0.0
00059S,137,2025-10-01 08:51:49,INACTIVE,True,True,0,True,True,True,True,0.0,0.0,0.0,0.0
0002R5,729,2024-04-08 23:36:56,INACTIVE,True,True,0,True,True,True,True,0.0,0.0,0.0,0.0
0006FL,2402,2019-05-31 12:43:36,INACTIVE,True,True,0,True,True,True,True,0.0,0.0,0.0,0.0
0001JM,517,2023-05-03 13:03:14,INACTIVE,True,True,0,True,True,True,True,0.0,0.0,0.0,0.0
00072M,3385,2018-08-31 08:04:10,INACTIVE,2018-09-10,2019-05-16,443503,True,True,True,True,-11563.4,281442.91,0.0,-21373.32
0006Z7,1121,2019-08-16 13:25:01,EXITED,2021-04-20,2021-04-20,43348,True,True,True,True,-59330.21,-64424.81,0.0,-126247.38
0006V7,1428,2022-12-22 11:32:19,ACTIVE,2023-02-06,2023-02-06,0,200.0000000000,0E-10,200.0000000000,0E-10,0.0,0.0,36.52,31.28
00038O,2749,2019-09-15 20:31:53,INACTIVE,True,True,0,True,True,True,True,0.0,0.0,0.0,0.0
000674,147,2025-05-02 19:29:38,INACTIVE,True,True,0,True,True,True,True,0.0,0.0,0.0,0.0
0006JS,133,2025-09-09 15:52:05,INACTIVE,True,True,0,True,True,True,True,0.0,0.0,0.0,0.0
00079Z,2621,2021-02-17 22:02:07,INACTIVE,True,True,0,True,True,True,True,0.0,0.0,0.0,0.0
0007JT,1071,2023-12-24 20:05:22,INACTIVE,True,True,0,True,True,True,True,0.0,0.0,0.0,0.0
0006F3,569,2023-08-19 09:28:40,INACTIVE,True,True,0,True,True,True,True,0.0,0.0,0.0,0.0
0007CS,310,2024-10-11 07:36:32,INACTIVE,True,True,0,True,True,True,True,0.0,0.0,0.0,0.0
00017A,878,2022-05-12 17:00:02,INACTIVE,True,True,0,True,True,True,True,0.0,0.0,0.0,0.0
0006Q6,1427,2017-07-11 09:58:54,INACTIVE,2017-07-18,2022-12-06,2757361,True,True,True,True,-213008.39,561849.23,0.0,-177689.65
0003YZ,1684,2019-01-18 15:30:15,INACTIVE,2019-01-23,2019-01-23,153845,True,True,True,True,86736.86,86272.24,0.0,37777.41
0000XL,595,2023-02-26 12:32:31,INACTIVE,True,True,0,True,True,True,True,0.0,0.0,0.0,0.0
0005DD,495,2024-07-08 10:49:35,INACTIVE,True,True,0,True,True,True,True,0.0,0.0,0.0,0.0
00044G,3095,2020-04-06 09:57:47,INACTIVE,True,True,0,True,True,True,True,0.0,0.0,0.0,0.0
0003I6,352,2024-11-06 21:24:27,INACTIVE,True,True,0,True,True,True,True,0.0,0.0,0.0,0.0
0005K2,892,2022-05-09 10:57:40,ACTIVE,2022-05-19,2024-01-17,248745,1881010.0000000000,1894272.0000000000,600.0000000000,0E-10,-73694.87,-64415.13,2724.51,-107408.47
00077G,1442,2019-11-26 15:01:29,INACTIVE,2019-11-29,2019-11-29,1886334,True,True,True,True,-665988.81,-1297140.14,0.0,-857535.4
0003Y0,1130,2023-04-13 08:26:09,INACTIVE,True,True,0,True,True,True,True,0.0,0.0,0.0,0.0
000590,1441,2022-04-21 12:14:47,EXITED,2022-05-03,2022-05-23,32513,True,True,True,True,1547.2,4702.49,0.0,678.0
000465,2348,2021-06-18 22:18:52,INACTIVE,True,True,0,True,True,True,True,0.0,0.0,0.0,0.0
0003SK,1364,2022-12-21 13:44:47,INACTIVE,True,True,0,True,True,True,True,0.0,0.0,0.0,0.0
000527,1438,2019-09-13 13:18:10,INACTIVE,True,True,0,True,True,True,True,0.0,0.0,0.0,0.0
0005XP,423,2024-10-05 00:00:00,ACTIVE,2024-10-05,2024-10-05,4959,5500.0000000000,5410.0000000000,0E-10,0E-10,-8969.41,-3732.18,62.12,-12185.94
00053G,923,2020-12-28 04:56:08,INACTIVE,True,True,0,True,True,True,True,0.0,0.0,0.0,0.0
00013M,700,2022-10-20 10:23:25,EXITED,2023-05-17,2023-06-16,38172,True,True,True,True,-12595.86,-17422.61,0.0,-15267.41
0005JS,2066,2022-03-13 06:31:51,INACTIVE,True,True,0,True,True,True,True,0.0,0.0,0.0,0.0
0006EZ,982,2023-03-25 07:48:46,INACTIVE,True,True,0,True,True,True,True,0.0,0.0,0.0,0.0
00052B,1115,2023-10-23 16:54:05,INACTIVE,True,True,0,True,True,True,True,0.0,0.0,0.0,0.0
00014W,529,2023-04-11 10:42:30,INACTIVE,True,True,0,True,True,True,True,0.0,0.0,0.0,0.0
000750,110,2025-10-27 14:48:23,INACTIVE,True,True,0,True,True,True,True,0.0,0.0,0.0,0.0
000691,64,2025-11-30 07:45:36,INACTIVE,True,True,0,True,True,True,True,0.0,0.0,0.0,0.0
0001WM,827,2024-01-29 12:36:35,INACTIVE,True,True,0,True,True,True,True,0.0,0.0,0.0,0.0
0001D8,67,2025-09-28 09:31:24,INACTIVE,True,True,0,True,True,True,True,0.0,0.0,0.0,0.0
0001QA,3221,2019-08-19 10:59:53,INACTIVE,True,True,0,True,True,True,True,0.0,0.0,0.0,0.0
0005H7,2825,2020-07-07 20:51:57,INACTIVE,True,True,0,True,True,True,True,0.0,0.0,0.0,0.0
0005CX,913,2022-06-22 15:29:26,INACTIVE,True,True,0,True,True,True,True,0.0,0.0,0.0,0.0
0000TX,904,2024-04-27 11:09:36,INACTIVE,True,True,0,True,True,True,True,0.0,0.0,0.0,0.0
0001Q2,2301,2021-06-24 21:23:58,INACTIVE,True,True,0,True,True,True,True,0.0,0.0,0.0,0.0
0004VF,376,2021-01-26 18:04:02,ACTIVE,2022-08-03,2024-07-30,26122,37500.0000000000,37400.0000000000,0E-10,0E-10,-15057.62,-9160.15,27.63,-17514.67
0003FB,1098,2022-09-05 15:13:38,INACTIVE,True,True,0,True,True,True,True,0.0,0.0,0.0,0.0
0005OI,3,2024-02-22 10:11:35,ACTIVE,2025-08-27,2026-01-11,72743,154950.0000000000,150570.2300000000,1400.0000000000,0E-10,3213.75,28039.01,1139.29,6739.82
0007OF,393,2024-12-17 11:26:55,INACTIVE,True,True,0,True,True,True,True,0.0,0.0,0.0,0.0
0006LI,504,2025-01-17 20:59:16,INACTIVE,True,True,0,True,True,True,True,0.0,0.0,0.0,0.0
00061C,3,2023-01-13 09:12:05,ACTIVE,2025-06-17,2026-01-13,47212,174480.0000000000,145697.1600000000,31900.0000000000,0E-10,-12932.66,17817.3,1272.73,-10189.43
00071D,447,2024-03-25 19:57:39,INACTIVE,True,True,0,True,True,True,True,0.0,0.0,0.0,0.0
00014P,926,2023-08-18 11:23:22,INACTIVE,True,True,0,True,True,True,True,0.0,0.0,0.0,0.0
0005R2,589,2024-06-24 10:45:02,INACTIVE,True,True,0,True,True,True,True,0.0,0.0,0.0,0.0
0003P3,1052,2023-01-04 18:24:49,INACTIVE,True,True,0,True,True,True,True,0.0,0.0,0.0,0.0
0007O3,2089,2021-05-01 13:14:43,INACTIVE,True,True,0,True,True,True,True,0.0,0.0,0.0,0.0
0002C3,2793,2019-05-15 00:02:22,INACTIVE,True,True,0,True,True,True,True,0.0,0.0,0.0,0.0
0002OH,965,2022-08-19 09:59:05,INACTIVE,True,True,0,True,True,True,True,0.0,0.0,0.0,0.0
0001B5,1603,2020-11-12 16:37:37,INACTIVE,True,True,0,True,True,True,True,0.0,0.0,0.0,0.0
0004R0,476,2024-08-28 12:04:29,ACTIVE,2024-08-29,2025-02-06,0,207157.2000000000,203700.0000000000,4200.0000000000,0E-10,0.0,0.0,922.57,542.43
0005GN,543,2024-03-28 10:17:27,INACTIVE,True,True,0,True,True,True,True,0.0,0.0,0.0,0.0
00019N,1468,2021-10-13 19:38:53,INACTIVE,True,True,0,True,True,True,True,0.0,0.0,0.0,0.0
00069X,278,2025-07-10 21:36:48,INACTIVE,True,True,0,True,True,True,True,0.0,0.0,0.0,0.0
0002ZN,2754,2020-06-26 21:23:37,INACTIVE,True,True,0,True,True,True,True,0.0,0.0,0.0,0.0
0000TE,1626,2022-04-30 11:22:45,INACTIVE,True,True,0,True,True,True,True,0.0,0.0,0.0,0.0
00004O,211,2024-04-16 17:26:27,ACTIVE,2024-05-10,2025-04-27,0,300.0000000000,300.0000000000,0E-10,0E-10,0.0,0.0,0.67,0.61
0004AP,545,2024-09-19 18:54:24,INACTIVE,True,True,0,True,True,True,True,0.0,0.0,0.0,0.0
0004PY,1,2025-04-09 16:45:51,ACTIVE,2025-08-15,2026-01-14,0,117063.0000000000,101103.4300000000,200.0000000000,166433.5500000000,0.0,0.0,1668.74,1746.03
00025E,2513,2018-06-29 09:23:38,INACTIVE,True,True,0,True,True,True,True,0.0,0.0,0.0,0.0
0001AS,139,2025-05-01 20:46:19,INACTIVE,True,True,0,True,True,True,True,0.0,0.0,0.0,0.0
00046G,1735,2020-07-23 12:19:51,INACTIVE,True,True,0,True,True,True,True,0.0,0.0,0.0,0.0
000282,1049,2023-03-11 23:34:00,INACTIVE,True,True,0,True,True,True,True,0.0,0.0,0.0,0.0
0001YR,670,2024-10-10 00:00:00,ACTIVE,2024-10-10,2024-10-10,110937,98000.0000000000,97960.0000000000,0E-10,1000.0000000000,-236795.83,-138427.7,1194.11,-287640.4
0001AB,682,2024-07-08 20:06:59,INACTIVE,True,True,0,True,True,True,True,0.0,0.0,0.0,0.0
0005A8,801,2022-06-08 19:43:40,INACTIVE,True,True,0,True,True,True,True,0.0,0.0,0.0,0.0
0004G6,39,2025-11-26 15:31:49,ACTIVE,2025-11-27,2025-11-27,0,2000.0000000000,995.7500000000,1000.0000000000,0E-10,0.0,0.0,192.94,217.5
000370,2535,2019-03-29 08:41:13,EXITED,2019-04-01,2019-04-01,49628,True,True,True,True,73544.54,169642.87,0.0,104740.7
000166,2240,2019-08-05 10:44:51,INACTIVE,True,True,0,True,True,True,True,0.0,0.0,0.0,0.0
0002JD,630,2022-05-11 16:28:43,ACTIVE,2022-08-17,2022-08-17,0,1084.0000000000,500.0000000000,600.0000000000,0E-10,0.0,0.0,82.16,105.33
0007DJ,2787,2020-09-21 16:02:30,INACTIVE,True,True,0,True,True,True,True,0.0,0.0,0.0,0.0
0003D2,1502,2023-02-10 00:11:57,INACTIVE,True,True,0,True,True,True,True,0.0,0.0,0.0,0.0
0005CP,2645,2020-12-14 12:54:22,INACTIVE,True,True,0,True,True,True,True,0.0,0.0,0.0,0.0
000476,1539,2021-07-03 18:33:02,INACTIVE,True,True,0,True,True,True,True,0.0,0.0,0.0,0.0
0007GP,2560,2020-10-13 20:36:08,INACTIVE,True,True,0,True,True,True,True,0.0,0.0,0.0,0.0
000320,696,2024-06-18 15:01:00,INACTIVE,True,True,0,True,True,True,True,0.0,0.0,0.0,0.0
00008D,663,2024-03-30 19:08:50,ACTIVE,2024-03-31,2024-03-31,7198,5000.0000000000,4950.0000000000,0E-10,0E-10,3415.53,4283.12,116.5,2745.68
0006P8,1413,2019-05-04 12:42:07,INACTIVE,True,True,0,True,True,True,True,0.0,0.0,0.0,0.0
0005WG,214,2025-03-01 00:09:51,INACTIVE,True,True,0,True,True,True,True,0.0,0.0,0.0,0.0
0004HP,196,2025-04-25 15:15:17,INACTIVE,True,True,0,True,True,True,True,0.0,0.0,0.0,0.0
0004AA,268,2025-07-07 17:18:06,INACTIVE,True,True,0,True,True,True,True,0.0,0.0,0.0,0.0
0005V4,1884,2021-08-12 13:44:16,INACTIVE,True,True,0,True,True,True,True,0.0,0.0,0.0,0.0
0005PN,917,2024-05-07 20:26:24,INACTIVE,True,True,0,True,True,True,True,0.0,0.0,0.0,0.0
00070B,353,2025-02-18 16:18:30,INACTIVE,True,True,0,True,True,True,True,0.0,0.0,0.0,0.0
000072,526,2023-07-31 11:24:46,INACTIVE,True,True,0,True,True,True,True,0.0,0.0,0.0,0.0
0004A5,2704,2018-06-21 00:00:00,EXITED,2018-06-21,2018-06-21,5173,True,True,True,True,-15617.23,-9852.11,0.0,-15977.07
00070X,647,2023-02-23 00:00:00,INACTIVE,2023-02-23,2023-02-23,33588,True,True,True,True,-37171.96,-41554.73,0.0,-52352.58
00004U,660,2024-10-01 19:40:38,INACTIVE,True,True,0,True,True,True,True,0.0,0.0,0.0,0.0
0001F0,1787,2019-10-04 10:18:14,INACTIVE,True,True,0,True,True,True,True,0.0,0.0,0.0,0.0
00041G,532,2022-12-14 07:54:40,ACTIVE,2022-12-15,2023-12-14,154326,26050.0000000000,0E-10,0E-10,0E-10,-872295.14,121396.49,56.8,-1076611.45
00036Y,1204,2022-10-13 13:26:16,INACTIVE,True,True,0,True,True,True,True,0.0,0.0,0.0,0.0
00075Z,2947,2019-11-13 12:19:28,INACTIVE,True,True,0,True,True,True,True,0.0,0.0,0.0,0.0
00023B,917,2023-07-22 20:53:13,INACTIVE,True,True,0,True,True,True,True,0.0,0.0,0.0,0.0
0005IK,1063,2020-08-19 12:35:34,INACTIVE,True,True,0,True,True,True,True,0.0,0.0,0.0,0.0
00041U,173,2025-08-29 17:12:14,INACTIVE,True,True,0,True,True,True,True,0.0,0.0,0.0,0.0
00009M,700,2022-06-14 19:31:52,INACTIVE,True,True,0,True,True,True,True,0.0,0.0,0.0,0.0
00016V,2787,2019-02-17 07:50:13,INACTIVE,True,True,0,True,True,True,True,0.0,0.0,0.0,0.0
0001C4,2857,2019-01-14 01:58:57,INACTIVE,True,True,0,True,True,True,True,0.0,0.0,0.0,0.0
0002TA,1047,2021-12-29 09:57:59,INACTIVE,True,True,0,True,True,True,True,0.0,0.0,0.0,0.0
00023Z,1187,2022-08-10 10:18:25,INACTIVE,True,True,0,True,True,True,True,0.0,0.0,0.0,0.0
0000OG,506,2023-04-22 01:59:38,INACTIVE,True,True,0,True,True,True,True,0.0,0.0,0.0,0.0
00044N,38,2025-11-27 00:00:00,ACTIVE,2025-11-27,2025-11-27,0,2000.0000000000,998.7500000000,1000.0000000000,0E-10,0.0,0.0,184.28,97.3
00063E,881,2023-11-20 17:52:21,INACTIVE,True,True,0,True,True,True,True,0.0,0.0,0.0,0.0
0007PK,521,2024-03-22 00:05:22,INACTIVE,True,True,0,True,True,True,True,0.0,0.0,0.0,0.0
0001BL,616,2022-12-18 05:17:56,INACTIVE,True,True,0,True,True,True,True,0.0,0.0,0.0,0.0
0001D1,177,2025-08-17 09:11:10,INACTIVE,True,True,0,True,True,True,True,0.0,0.0,0.0,0.0
0004T3,68,2025-11-21 09:07:03,INACTIVE,True,True,0,True,True,True,True,0.0,0.0,0.0,0.0
0002IE,4,2024-08-17 00:00:00,ACTIVE,2024-08-17,2026-01-12,544560,895176.2600000000,708904.0900000000,0E-10,0E-10,-382852.88,-279618.47,1180.31,-564897.37
0006K4,1743,2019-05-11 16:43:06,INACTIVE,2019-05-13,2022-07-28,4565242,True,True,True,True,30422.32,3018225.9,0.0,21177.49
0006X1,3971,2014-09-24 00:00:00,INACTIVE,2014-09-25,2015-02-16,754761,True,True,True,True,-405687.33,-614647.3,0.0,-654438.6
00029K,69,2025-10-31 10:50:07,INACTIVE,True,True,0,True,True,True,True,0.0,0.0,0.0,0.0
0007BJ,1646,2021-11-21 01:27:06,INACTIVE,True,True,0,True,True,True,True,0.0,0.0,0.0,0.0
0006YQ,185,2025-08-25 08:58:06,INACTIVE,True,True,0,True,True,True,True,0.0,0.0,0.0,0.0
0006PQ,586,2024-05-24 14:56:09,INACTIVE,True,True,0,True,True,True,True,0.0,0.0,0.0,0.0
0007PI,106,2025-11-05 14:11:40,INACTIVE,True,True,0,True,True,True,True,0.0,0.0,0.0,0.0
0001EI,462,2024-12-05 20:11:17,INACTIVE,True,True,0,True,True,True,True,0.0,0.0,0.0,0.0
0003I3,123,2025-08-16 23:09:40,INACTIVE,True,True,0,True,True,True,True,0.0,0.0,0.0,0.0
0003OR,3030,2019-08-18 21:08:17,INACTIVE,True,True,0,True,True,True,True,0.0,0.0,0.0,0.0
0007BH,1008,2021-10-19 08:07:40,INACTIVE,True,True,0,True,True,True,True,0.0,0.0,0.0,0.0
0003NB,3867,2018-01-22 10:31:14,EXITED,2018-09-01,2018-09-01,69721,True,True,True,True,-27968.02,3563.89,0.0,-26624.0
0001DR,179,2025-06-16 13:21:34,INACTIVE,True,True,0,True,True,True,True,0.0,0.0,0.0,0.0
0006B8,142,2025-09-17 06:33:01,INACTIVE,True,True,0,True,True,True,True,0.0,0.0,0.0,0.0
0006ZT,1842,2021-07-23 13:40:44,INACTIVE,True,True,0,True,True,True,True,0.0,0.0,0.0,0.0
00049L,759,2022-07-22 20:40:23,INACTIVE,True,True,0,True,True,True,True,0.0,0.0,0.0,0.0
0001VY,2440,2020-07-28 15:16:56,INACTIVE,True,True,0,True,True,True,True,0.0,0.0,0.0,0.0
0006KP,1952,2019-06-17 13:07:14,INACTIVE,True,True,0,True,True,True,True,0.0,0.0,0.0,0.0
0001HY,991,2022-12-17 06:17:59,INACTIVE,True,True,0,True,True,True,True,0.0,0.0,0.0,0.0
0003QT,342,2024-06-21 13:09:20,INACTIVE,True,True,0,True,True,True,True,0.0,0.0,0.0,0.0
0006DO,368,2025-04-09 00:00:00,ACTIVE,2025-04-09,2025-04-09,49702,50000.0000000000,49937.5000000000,0E-10,0E-10,-73662.03,-55207.6,878.13,-29637.3
000532,543,2024-12-12 16:20:02,INACTIVE,True,True,0,True,True,True,True,0.0,0.0,0.0,0.0
0005HA,521,2023-10-17 01:04:56,INACTIVE,True,True,0,True,True,True,True,0.0,0.0,0.0,0.0
0005MZ,1664,2022-07-27 07:24:35,INACTIVE,True,True,0,True,True,True,True,0.0,0.0,0.0,0.0
00038I,3780,2018-08-21 21:36:05,INACTIVE,True,True,0,True,True,True,True,0.0,0.0,0.0,0.0
0006VE,319,2024-07-30 11:49:18,INACTIVE,True,True,0,True,True,True,True,0.0,0.0,0.0,0.0
0002BS,183,2025-09-15 15:15:19,INACTIVE,True,True,0,True,True,True,True,0.0,0.0,0.0,0.0
0003XR,1202,2019-07-08 12:02:44,INACTIVE,True,True,0,True,True,True,True,0.0,0.0,0.0,0.0
0001SJ,413,2025-03-13 00:07:52,INACTIVE,True,True,0,True,True,True,True,0.0,0.0,0.0,0.0
0002V7,1706,2021-08-17 02:00:17,INACTIVE,True,True,0,True,True,True,True,0.0,0.0,0.0,0.0
0003X4,1918,2022-06-09 12:29:31,INACTIVE,True,True,0,True,True,True,True,0.0,0.0,0.0,0.0
0003WA,1421,2021-05-26 15:41:10,INACTIVE,True,True,0,True,True,True,True,0.0,0.0,0.0,0.0
00076H,40,2025-11-29 10:13:42,INACTIVE,True,True,0,True,True,True,True,0.0,0.0,0.0,0.0
00059N,1181,2023-08-18 09:47:55,INACTIVE,True,True,0,True,True,True,True,0.0,0.0,0.0,0.0
0001O0,660,2024-07-19 11:34:50,INACTIVE,True,True,0,True,True,True,True,0.0,0.0,0.0,0.0
0002GM,2068,2020-11-23 12:25:40,INACTIVE,True,True,0,True,True,True,True,0.0,0.0,0.0,0.0
0003JG,1663,2022-01-23 12:09:12,INACTIVE,True,True,0,True,True,True,True,0.0,0.0,0.0,0.0
00002T,1446,2022-09-09 06:53:21,ACTIVE,2022-09-10,2022-09-10,0,200.0000000000,100.0000000000,0E-10,0E-10,0.0,0.0,5.89,2.58
0001LZ,642,2022-11-01 08:58:25,INACTIVE,True,True,0,True,True,True,True,0.0,0.0,0.0,0.0
0000WT,530,2023-09-10 23:22:56,INACTIVE,True,True,0,True,True,True,True,0.0,0.0,0.0,0.0
0004NW,950,2022-03-22 12:19:42,INACTIVE,True,True,0,True,True,True,True,0.0,0.0,0.0,0.0
0001T6,407,2024-05-23 01:34:30,INACTIVE,True,True,0,True,True,True,True,0.0,0.0,0.0,0.0
00052J,1610,2022-10-04 18:32:58,INACTIVE,True,True,0,True,True,True,True,0.0,0.0,0.0,0.0
0003H3,3120,2016-06-20 12:07:58,EXITED,2016-06-28,2016-06-28,62460,True,True,True,True,44977.98,107933.69,0.0,79086.43
0002BA,1680,2021-05-23 15:46:41,INACTIVE,True,True,0,True,True,True,True,0.0,0.0,0.0,0.0
0004IT,96,2025-08-05 12:05:41,INACTIVE,True,True,0,True,True,True,True,0.0,0.0,0.0,0.0
0001ZP,1610,2022-10-28 14:08:49,INACTIVE,True,True,0,True,True,True,True,0.0,0.0,0.0,0.0
0003YT,580,2022-12-06 15:39:47,INACTIVE,True,True,0,True,True,True,True,0.0,0.0,0.0,0.0
0005MX,1102,2020-11-13 20:18:26,INACTIVE,True,True,0,True,True,True,True,0.0,0.0,0.0,0.0
00066T,140,2025-09-30 01:21:39,INACTIVE,True,True,0,True,True,True,True,0.0,0.0,0.0,0.0
00072C,294,2024-10-05 11:15:50,INACTIVE,True,True,0,True,True,True,True,0.0,0.0,0.0,0.0
0002H1,3290,2019-01-28 09:19:56,INACTIVE,True,True,0,True,True,True,True,0.0,0.0,0.0,0.0
0001XP,1697,2020-07-29 12:41:19,INACTIVE,True,True,0,True,True,True,True,0.0,0.0,0.0,0.0
00001H,116,2025-10-16 05:08:29,INACTIVE,True,True,0,True,True,True,True,0.0,0.0,0.0,0.0
00022Y,73,2025-09-05 12:47:20,INACTIVE,True,True,0,True,True,True,True,0.0,0.0,0.0,0.0
0007HC,47,2020-03-05 14:50:55,ACTIVE,2025-01-15,2025-11-20,1915190,1701000.0000000000,1700053.7500000000,0E-10,0E-10,-494140.71,-337894.1,4203.14,-673110.07
0003JE,132,2025-09-02 20:40:39,INACTIVE,True,True,0,True,True,True,True,0.0,0.0,0.0,0.0
00060C,1172,2023-03-11 07:47:10,INACTIVE,True,True,0,True,True,True,True,0.0,0.0,0.0,0.0
0004UC,1506,2022-12-15 22:44:17,INACTIVE,True,True,0,True,True,True,True,0.0,0.0,0.0,0.0
0007AP,669,2023-07-31 16:38:13,INACTIVE,True,True,0,True,True,True,True,0.0,0.0,0.0,0.0
0007DL,2219,2020-10-18 23:30:56,INACTIVE,True,True,0,True,True,True,True,0.0,0.0,0.0,0.0
00006R,688,2023-02-25 00:00:00,EXITED,2023-02-25,2023-02-25,122738,True,True,True,True,-135868.75,-99947.03,0.0,-123219.64
00027Q,1100,2023-09-01 12:07:42,INACTIVE,2023-09-19,2023-09-19,4846,True,True,True,True,-6692.38,-3634.49,0.0,-4050.01
0005P0,79,2025-11-21 00:00:00,ACTIVE,2025-11-21,2025-11-21,0,100.0000000000,0E-10,0E-10,0E-10,0.0,0.0,1.43,3.25
000387,1041,2020-10-30 12:08:13,INACTIVE,True,True,0,True,True,True,True,0.0,0.0,0.0,0.0
0004J6,1750,2017-10-11 09:08:42,INACTIVE,True,True,0,True,True,True,True,0.0,0.0,0.0,0.0
0001ET,291,2025-06-03 16:40:26,INACTIVE,True,True,0,True,True,True,True,0.0,0.0,0.0,0.0
0003ZS,1100,2023-11-10 16:00:38,INACTIVE,True,True,0,True,True,True,True,0.0,0.0,0.0,0.0
0001FO,3698,2016-04-27 15:32:23,BLACKLISTED,2016-04-29,2017-03-22,2115956,True,True,True,True,-265014.82,9105.47,0.0,-298085.58
000052,81,2025-10-23 08:38:05,INACTIVE,True,True,0,True,True,True,True,0.0,0.0,0.0,0.0
00057L,396,2025-03-09 16:12:11,INACTIVE,True,True,0,True,True,True,True,0.0,0.0,0.0,0.0
00053N,142,2025-07-22 21:24:36,INACTIVE,True,True,0,True,True,True,True,0.0,0.0,0.0,0.0
0003CF,3717,2019-03-21 13:39:05,INACTIVE,True,True,0,True,True,True,True,0.0,0.0,0.0,0.0
00010V,69,2025-11-25 05:25:43,INACTIVE,True,True,0,True,True,True,True,0.0,0.0,0.0,0.0
0002Y1,721,2024-08-13 14:17:58,INACTIVE,True,True,0,True,True,True,True,0.0,0.0,0.0,0.0
0007EH,1829,2022-05-06 21:45:15,INACTIVE,True,True,0,True,True,True,True,0.0,0.0,0.0,0.0
0005TP,337,2025-05-25 14:04:16,INACTIVE,True,True,0,True,True,True,True,0.0,0.0,0.0,0.0
0002CQ,957,2020-07-13 22:35:04,INACTIVE,2021-05-25,2021-05-25,119205,True,True,True,True,470.36,57571.37,0.0,220.12
0007JQ,3331,2019-07-26 16:56:21,INACTIVE,True,True,0,True,True,True,True,0.0,0.0,0.0,0.0
0001YY,1785,2019-07-06 01:35:36,INACTIVE,True,True,0,True,True,True,True,0.0,0.0,0.0,0.0
0006GR,1308,2021-11-15 13:22:37,INACTIVE,True,True,0,True,True,True,True,0.0,0.0,0.0,0.0
0004SH,667,2023-12-11 22:01:55,INACTIVE,True,True,0,True,True,True,True,0.0,0.0,0.0,0.0
000655,149,2025-06-26 08:29:14,INACTIVE,True,True,0,True,True,True,True,0.0,0.0,0.0,0.0
0000VK,5,2026-01-10 16:27:03,INACTIVE,True,True,0,True,True,True,True,0.0,0.0,0.0,0.0
0000KA,1586,2021-09-21 09:28:10,INACTIVE,True,True,0,True,True,True,True,0.0,0.0,0.0,0.0
0005B6,24,2025-12-09 17:45:29,INACTIVE,True,True,0,True,True,True,True,0.0,0.0,0.0,0.0
0006BQ,969,2022-12-15 14:51:14,INACTIVE,True,True,0,True,True,True,True,0.0,0.0,0.0,0.0
000221,334,2024-10-07 11:59:35,ACTIVE,2024-12-17,2024-12-17,0,28500.0000000000,28500.0000000000,0E-10,0E-10,0.0,0.0,713.14,725.95
000625,1278,2023-01-23 09:46:23,INACTIVE,True,True,0,True,True,True,True,0.0,0.0,0.0,0.0
00077H,2738,2019-02-08 22:22:26,INACTIVE,True,True,0,True,True,True,True,0.0,0.0,0.0,0.0
0007GF,3159,2018-02-21 09:43:49,INACTIVE,2018-03-13,2018-12-05,882397,True,True,True,True,1105407.77,1058894.15,0.0,858153.8
0000KV,695,2024-07-23 16:29:03,INACTIVE,True,True,0,True,True,True,True,0.0,0.0,0.0,0.0
00047T,1032,2020-07-18 11:43:22,ACTIVE,2022-01-11,2023-08-15,3686517,49500.0000000000,49213.5800000000,0E-10,0E-10,-37241.8,1085597.42,37.79,-24509.65
0005A4,408,2022-01-07 00:00:00,ACTIVE,2022-01-07,2024-07-14,0,12078.3900000000,200.0000000000,0E-10,0E-10,0.0,0.0,9.55,11.03
000334,1328,2022-05-31 17:06:01,INACTIVE,True,True,0,True,True,True,True,0.0,0.0,0.0,0.0
000340,2208,2019-10-15 20:50:52,INACTIVE,True,True,0,True,True,True,True,0.0,0.0,0.0,0.0
0001WZ,466,2023-10-27 14:49:53,INACTIVE,True,True,0,True,True,True,True,0.0,0.0,0.0,0.0
00039T,138,2024-11-05 21:31:40,ACTIVE,2025-01-14,2025-10-08,128911,472603.0000000000,464123.0500000000,6840.0000000000,59824.0000000000,-12281.07,21707.59,1094.98,-6327.91
0000QN,1227,2020-05-11 09:20:49,INACTIVE,True,True,0,True,True,True,True,0.0,0.0,0.0,0.0
00048I,121,2025-10-25 21:30:35,INACTIVE,True,True,0,True,True,True,True,0.0,0.0,0.0,0.0
0005GZ,1009,2020-11-05 21:54:44,INACTIVE,True,True,0,True,True,True,True,0.0,0.0,0.0,0.0
00010B,1075,2023-08-25 16:54:49,INACTIVE,True,True,0,True,True,True,True,0.0,0.0,0.0,0.0
00022J,161,2025-06-24 14:37:40,INACTIVE,True,True,0,True,True,True,True,0.0,0.0,0.0,0.0
0001NO,3305,2019-08-07 12:40:27,INACTIVE,True,True,0,True,True,True,True,0.0,0.0,0.0,0.0
0007EJ,1254,2023-06-13 15:09:32,INACTIVE,True,True,0,True,True,True,True,0.0,0.0,0.0,0.0
0000RR,143,2025-04-17 07:23:23,INACTIVE,True,True,0,True,True,True,True,0.0,0.0,0.0,0.0
0000S7,579,2023-01-02 13:15:43,INACTIVE,True,True,0,True,True,True,True,0.0,0.0,0.0,0.0
000088,793,2021-07-15 17:25:14,ACTIVE,2021-11-16,2024-01-27,0,200.0000000000,100.0000000000,100.0000000000,0E-10,0.0,0.0,0.71,0.5
0004OI,1833,2018-04-25 10:49:06,INACTIVE,True,True,0,True,True,True,True,0.0,0.0,0.0,0.0
0002S8,1115,2020-02-08 17:34:28,INACTIVE,True,True,0,True,True,True,True,0.0,0.0,0.0,0.0
0002JZ,3292,2019-11-25 12:38:23,INACTIVE,True,True,0,True,True,True,True,0.0,0.0,0.0,0.0
0007ER,162,2025-08-25 13:30:06,INACTIVE,True,True,0,True,True,True,True,0.0,0.0,0.0,0.0
00053S,1110,2020-02-04 14:04:23,INACTIVE,True,True,0,True,True,True,True,0.0,0.0,0.0,0.0
0002PP,1917,2020-09-28 19:21:55,INACTIVE,True,True,0,True,True,True,True,0.0,0.0,0.0,0.0
000633,1449,2020-01-04 06:02:02,INACTIVE,True,True,0,True,True,True,True,0.0,0.0,0.0,0.0
00007F,2236,2021-05-08 09:52:19,INACTIVE,True,True,0,True,True,True,True,0.0,0.0,0.0,0.0
00021G,641,2022-09-20 13:57:05,INACTIVE,True,True,0,True,True,True,True,0.0,0.0,0.0,0.0
0002X9,819,2023-06-20 12:37:16,INACTIVE,True,True,0,True,True,True,True,0.0,0.0,0.0,0.0
00054K,259,2025-01-29 12:53:05,INACTIVE,True,True,0,True,True,True,True,0.0,0.0,0.0,0.0
0004F7,1644,2023-01-01 08:02:31,INACTIVE,True,True,0,True,True,True,True,0.0,0.0,0.0,0.0
0004JF,1312,2019-10-30 22:02:22,INACTIVE,True,True,0,True,True,True,True,0.0,0.0,0.0,0.0
00057A,50,2025-12-05 07:19:11,INACTIVE,True,True,0,True,True,True,True,0.0,0.0,0.0,0.0
00053U,2738,2018-05-18 16:00:03,INACTIVE,True,True,0,True,True,True,True,0.0,0.0,0.0,0.0
0000M8,1180,2023-08-03 17:51:28,INACTIVE,True,True,0,True,True,True,True,0.0,0.0,0.0,0.0
0002FG,1236,2021-04-21 15:49:31,INACTIVE,True,True,0,True,True,True,True,0.0,0.0,0.0,0.0
0003RL,1415,2023-03-08 00:00:00,ACTIVE,2023-03-08,2023-03-08,0,200.0000000000,200.0000000000,0E-10,0E-10,0.0,0.0,5.2,3.7
00057J,2400,2021-07-05 07:35:16,INACTIVE,True,True,0,True,True,True,True,0.0,0.0,0.0,0.0
0003LK,675,2023-06-14 21:45:04,INACTIVE,True,True,0,True,True,True,True,0.0,0.0,0.0,0.0
0004GC,657,2023-08-14 05:36:01,INACTIVE,True,True,0,True,True,True,True,0.0,0.0,0.0,0.0
000587,154,2025-10-02 23:12:10,INACTIVE,True,True,0,True,True,True,True,0.0,0.0,0.0,0.0
0006J5,212,2025-06-02 18:47:48,INACTIVE,True,True,0,True,True,True,True,0.0,0.0,0.0,0.0
0006VU,198,2025-08-20 18:49:41,INACTIVE,True,True,0,True,True,True,True,0.0,0.0,0.0,0.0
00012F,1430,2023-02-15 16:34:36,INACTIVE,True,True,0,True,True,True,True,0.0,0.0,0.0,0.0
00059J,165,2025-06-26 12:37:39,INACTIVE,True,True,0,True,True,True,True,0.0,0.0,0.0,0.0
0006EK,422,2024-04-15 08:49:54,ACTIVE,2024-05-01,2024-05-03,7419,9950.0000000000,9950.0000000000,0E-10,0E-10,-5015.42,-4445.57,311.95,-3322.09
0003XL,103,2025-09-18 20:37:55,INACTIVE,True,True,0,True,True,True,True,0.0,0.0,0.0,0.0
0005ZX,123,2019-07-17 16:10:33,ACTIVE,2019-07-20,2025-09-24,3777583,3491470.0000000000,3490976.1700000000,0E-10,0E-10,-2061589.95,330482.11,518.46,-2544116.89
0000ID,568,2022-05-25 20:07:52,ACTIVE,2023-10-21,2024-06-24,27439,33700.0000000000,33599.4500000000,0E-10,0E-10,-13968.39,-6889.6,95.17,-14630.79
000216,96,2025-10-29 15:04:44,INACTIVE,True,True,0,True,True,True,True,0.0,0.0,0.0,0.0
00059A,2497,2019-07-10 12:08:36,INACTIVE,True,True,0,True,True,True,True,0.0,0.0,0.0,0.0
0005WQ,258,2025-04-30 00:00:00,ACTIVE,2025-04-30,2025-07-01,29187,320089.2500000000,320701.8100000000,2200.0000000000,0E-10,-92084.73,-15069.29,2756.28,-93078.12
0003G1,345,2024-05-29 00:28:27,ACTIVE,2024-05-31,2024-06-22,0,1000.0000000000,500.0000000000,500.0000000000,0E-10,0.0,0.0,79.62,82.65
0000K7,477,2024-08-25 09:29:14,INACTIVE,True,True,0,True,True,True,True,0.0,0.0,0.0,0.0
0003IU,859,2021-06-25 22:53:38,INACTIVE,True,True,0,True,True,True,True,0.0,0.0,0.0,0.0
00057R,1178,2020-11-05 16:04:35,INACTIVE,True,True,0,True,True,True,True,0.0,0.0,0.0,0.0
000063,1088,2022-06-16 10:58:05,INACTIVE,True,True,0,True,True,True,True,0.0,0.0,0.0,0.0
0006FM,2233,2021-09-05 07:16:42,INACTIVE,True,True,0,True,True,True,True,0.0,0.0,0.0,0.0
0007FH,2170,2019-04-17 06:50:21,INACTIVE,True,True,0,True,True,True,True,0.0,0.0,0.0,0.0
00054V,179,2025-05-28 07:05:34,INACTIVE,True,True,0,True,True,True,True,0.0,0.0,0.0,0.0
00036W,1740,2021-12-21 19:26:50,INACTIVE,True,True,0,True,True,True,True,0.0,0.0,0.0,0.0
0002FX,1524,2021-03-10 06:25:08,ACTIVE,2021-04-25,2022-07-29,4488,7200.7100000000,6200.0000000000,1000.0000000000,2000.0000000000,-15158.55,-9403.85,18.95,-10801.19
0005N1,287,2025-03-29 22:49:24,INACTIVE,True,True,0,True,True,True,True,0.0,0.0,0.0,0.0
0004MN,475,2024-05-22 17:10:27,INACTIVE,True,True,0,True,True,True,True,0.0,0.0,0.0,0.0
000436,149,2025-07-13 11:25:09,INACTIVE,True,True,0,True,True,True,True,0.0,0.0,0.0,0.0
00029V,287,2024-11-22 08:59:08,INACTIVE,True,True,0,True,True,True,True,0.0,0.0,0.0,0.0
0003LL,2082,2019-06-07 07:15:15,INACTIVE,True,True,0,True,True,True,True,0.0,0.0,0.0,0.0
0002XC,1270,2020-11-02 15:53:15,INACTIVE,True,True,0,True,True,True,True,0.0,0.0,0.0,0.0
0002EY,2846,2019-03-23 18:35:20,INACTIVE,True,True,0,True,True,True,True,0.0,0.0,0.0,0.0
000608,831,2024-05-29 11:46:45,INACTIVE,True,True,0,True,True,True,True,0.0,0.0,0.0,0.0
0001O7,1169,2021-10-18 06:25:33,INACTIVE,True,True,0,True,True,True,True,0.0,0.0,0.0,0.0
0001TS,660,2023-08-10 11:28:34,INACTIVE,True,True,0,True,True,True,True,0.0,0.0,0.0,0.0
0003N8,2080,2021-12-19 14:54:09,INACTIVE,True,True,0,True,True,True,True,0.0,0.0,0.0,0.0
0000IR,279,2025-04-29 18:45:14,INACTIVE,True,True,0,True,True,True,True,0.0,0.0,0.0,0.0
0002AK,2312,2020-11-22 10:02:28,INACTIVE,True,True,0,True,True,True,True,0.0,0.0,0.0,0.0
0003F9,131,2025-10-13 19:38:26,INACTIVE,True,True,0,True,True,True,True,0.0,0.0,0.0,0.0
0002AN,2742,2015-09-15 00:00:00,INACTIVE,2015-09-15,2019-08-06,854259,True,True,True,True,-133295.72,192989.02,0.0,-60646.73
000106,1741,2022-03-16 21:25:39,INACTIVE,True,True,0,True,True,True,True,0.0,0.0,0.0,0.0
0002NR,184,2024-11-18 20:43:36,ACTIVE,2024-11-21,2025-06-22,1915249,3251090.6000000000,3252054.1800000000,0E-10,0E-10,-716297.29,233693.57,10712.48,-338380.13
0000RB,1422,2023-03-30 00:00:00,ACTIVE,2023-03-30,2023-05-02,108424,10500.0000000000,10000.0000000000,0E-10,0E-10,-100480.09,-61500.88,132.29,-79941.17
00048F,2633,2020-01-20 13:06:13,INACTIVE,True,True,0,True,True,True,True,0.0,0.0,0.0,0.0
0005SN,635,2023-01-01 01:37:55,INACTIVE,True,True,0,True,True,True,True,0.0,0.0,0.0,0.0
0007J0,1459,2022-05-24 15:18:17,INACTIVE,True,True,0,True,True,True,True,0.0,0.0,0.0,0.0
000120,1301,2020-01-20 16:56:55,INACTIVE,True,True,0,True,True,True,True,0.0,0.0,0.0,0.0
0003LA,2223,2020-02-01 13:04:36,INACTIVE,True,True,0,True,True,True,True,0.0,0.0,0.0,0.0
0002M6,1181,2020-07-18 07:33:57,INACTIVE,True,True,0,True,True,True,True,0.0,0.0,0.0,0.0
0007EQ,572,2024-08-26 07:00:11,INACTIVE,True,True,0,True,True,True,True,0.0,0.0,0.0,0.0
0000ZN,1852,2020-09-26 06:39:35,INACTIVE,True,True,0,True,True,True,True,0.0,0.0,0.0,0.0
0004UG,2695,2019-01-13 19:08:08,INACTIVE,True,True,0,True,True,True,True,0.0,0.0,0.0,0.0
0002NQ,385,2025-02-14 13:57:18,INACTIVE,True,True,0,True,True,True,True,0.0,0.0,0.0,0.0
0000IU,56,2025-11-01 08:07:20,INACTIVE,True,True,0,True,True,True,True,0.0,0.0,0.0,0.0
0002O5,234,2025-04-04 08:31:41,INACTIVE,True,True,0,True,True,True,True,0.0,0.0,0.0,0.0
0001KB,333,2025-02-10 19:53:01,INACTIVE,True,True,0,True,True,True,True,0.0,0.0,0.0,0.0
0007G5,87,2025-06-20 10:16:52,ACTIVE,2025-06-21,2025-10-25,625600,954740.0000000000,953589.3400000000,0E-10,0E-10,-449057.26,24316.92,2919.12,-443434.26
0001X3,1940,2022-04-23 07:14:15,INACTIVE,True,True,0,True,True,True,True,0.0,0.0,0.0,0.0
0006AJ,539,2024-04-22 07:23:24,INACTIVE,True,True,0,True,True,True,True,0.0,0.0,0.0,0.0
0006E8,2333,2020-03-10 07:09:42,INACTIVE,True,True,0,True,True,True,True,0.0,0.0,0.0,0.0
0005DM,3569,2019-03-04 14:17:20,INACTIVE,True,True,0,True,True,True,True,0.0,0.0,0.0,0.0
0005EX,2385,2020-09-05 13:07:42,BLACKLISTED,True,True,0,True,True,True,True,0.0,0.0,0.0,0.0
00079X,660,2023-11-10 19:32:56,INACTIVE,True,True,0,True,True,True,True,0.0,0.0,0.0,0.0
0003VW,1091,2022-10-10 23:08:28,INACTIVE,True,True,0,True,True,True,True,0.0,0.0,0.0,0.0
00076R,1695,2022-09-04 18:32:08,INACTIVE,True,True,0,True,True,True,True,0.0,0.0,0.0,0.0
00033X,118,2025-09-08 19:37:05,ACTIVE,2025-09-11,2025-09-11,9708,15000.0000000000,14838.1300000000,0E-10,0E-10,-23790.41,-12650.12,288.95,-17883.72
0003DU,1272,2021-05-30 18:22:34,INACTIVE,True,True,0,True,True,True,True,0.0,0.0,0.0,0.0
0002O6,127,2025-07-30 00:00:00,ACTIVE,2025-07-30,2025-09-13,41939,120401.7600000000,119432.0400000000,0E-10,1598.2400000000,-19607.91,-5019.01,2553.95,-14506.56
00007I,567,2023-09-01 00:00:00,ACTIVE,2023-09-01,2023-10-11,4454,60.0000000000,0E-10,0E-10,0E-10,-8104.86,-6518.07,1.0,-8919.18
0001NT,2320,2020-03-03 18:07:29,INACTIVE,True,True,0,True,True,True,True,0.0,0.0,0.0,0.0
0006OB,6724,2013-09-12 00:00:00,EXITED,2013-09-12,2013-09-12,195211,True,True,True,True,70878.94,115176.24,0.0,39528.98
00040N,833,2024-06-27 07:57:35,INACTIVE,True,True,0,True,True,True,True,0.0,0.0,0.0,0.0
00051F,221,2025-07-01 09:50:12,INACTIVE,True,True,0,True,True,True,True,0.0,0.0,0.0,0.0
0001RE,3545,2019-01-15 07:31:34,INACTIVE,True,True,0,True,True,True,True,0.0,0.0,0.0,0.0
0003LU,481,2025-01-14 10:58:55,INACTIVE,True,True,0,True,True,True,True,0.0,0.0,0.0,0.0
0002JI,1372,2023-06-14 14:20:22,INACTIVE,True,True,0,True,True,True,True,0.0,0.0,0.0,0.0
0005SQ,1370,2023-04-23 03:45:38,INACTIVE,True,True,0,True,True,True,True,0.0,0.0,0.0,0.0
0004MT,2265,2021-08-11 22:36:30,INACTIVE,True,True,0,True,True,True,True,0.0,0.0,0.0,0.0
00051L,2013,2018-06-27 12:28:02,INACTIVE,True,True,0,True,True,True,True,0.0,0.0,0.0,0.0
0002EJ,8,2026-01-03 17:41:13,INACTIVE,True,True,0,True,True,True,True,0.0,0.0,0.0,0.0
0004QV,296,2023-07-29 07:15:28,ACTIVE,2024-07-20,2024-07-20,7292,5000.0000000000,5000.0000000000,0E-10,0E-10,-9169.19,-6038.0,132.37,-6633.56
0004N0,2947,2019-01-30 08:07:56,INACTIVE,True,True,0,True,True,True,True,0.0,0.0,0.0,0.0
0002MG,364,2025-05-06 00:00:00,ACTIVE,2025-05-06,2025-05-06,34080,30000.0000000000,29822.5000000000,0E-10,0E-10,-73907.59,-27298.09,863.2,-46342.57
0000UY,6818,2013-07-15 00:00:00,INACTIVE,2013-07-18,2013-07-18,88532,True,True,True,True,0.0,0.0,0.0,0.0
0004Q6,929,2023-09-22 11:10:36,ACTIVE,2023-10-13,2024-02-28,6585,11000.0000000000,11000.0000000000,0E-10,0E-10,-10930.53,-8995.58,56.81,-9839.94
0002LN,492,2025-01-10 11:43:06,INACTIVE,True,True,0,True,True,True,True,0.0,0.0,0.0,0.0
0004GW,770,2023-12-21 10:04:22,INACTIVE,True,True,0,True,True,True,True,0.0,0.0,0.0,0.0
0003X3,2460,2018-12-19 14:38:09,INACTIVE,True,True,0,True,True,True,True,0.0,0.0,0.0,0.0
0006S9,322,2025-04-08 16:14:21,INACTIVE,True,True,0,True,True,True,True,0.0,0.0,0.0,0.0
00056S,975,2020-12-07 17:17:54,INACTIVE,True,True,0,True,True,True,True,0.0,0.0,0.0,0.0
0006O7,584,2024-10-21 11:33:58,INACTIVE,True,True,0,True,True,True,True,0.0,0.0,0.0,0.0
0000KC,2437,2020-04-11 11:28:52,INACTIVE,True,True,0,True,True,True,True,0.0,0.0,0.0,0.0
00004A,1567,2019-08-21 17:25:40,INACTIVE,True,True,0,True,True,True,True,0.0,0.0,0.0,0.0
0007IF,257,2025-06-03 05:24:05,INACTIVE,True,True,0,True,True,True,True,0.0,0.0,0.0,0.0
0005LH,400,2022-12-26 09:59:46,ACTIVE,2025-01-16,2025-01-16,26549,50100.0000000000,0E-10,0E-10,0E-10,-48951.42,-1337.24,750.34,-43656.54
0000L7,410,2025-03-03 08:04:39,INACTIVE,True,True,0,True,True,True,True,0.0,0.0,0.0,0.0
0003O5,1860,2020-03-05 15:55:32,ACTIVE,2022-03-26,2022-03-26,0,0E-10,0E-10,0E-10,2.0000000000,0.0,0.0,0.05,0.05
000585,2052,2018-08-01 16:40:59,INACTIVE,True,True,0,True,True,True,True,0.0,0.0,0.0,0.0
000432,991,2023-12-23 20:31:22,INACTIVE,True,True,0,True,True,True,True,0.0,0.0,0.0,0.0
0004IO,653,2023-06-03 08:28:04,INACTIVE,True,True,0,True,True,True,True,0.0,0.0,0.0,0.0
00035X,1518,2021-05-23 20:49:37,INACTIVE,True,True,0,True,True,True,True,0.0,0.0,0.0,0.0
0002LM,2275,2019-10-07 11:23:51,INACTIVE,True,True,0,True,True,True,True,0.0,0.0,0.0,0.0
0001SB,771,2024-06-03 08:55:33,INACTIVE,True,True,0,True,True,True,True,0.0,0.0,0.0,0.0
0005OR,659,2024-10-02 13:28:53,INACTIVE,True,True,0,True,True,True,True,0.0,0.0,0.0,0.0
0000QQ,824,2021-04-11 10:22:31,ACTIVE,2021-09-04,2021-09-04,0,100.0000000000,0E-10,0E-10,0E-10,0.0,0.0,1.1,1.89
00060V,197,2025-08-09 06:17:55,INACTIVE,True,True,0,True,True,True,True,0.0,0.0,0.0,0.0
0000UD,360,2024-09-16 14:57:58,ACTIVE,2024-09-18,2025-04-29,543141,4323838.0000000000,4300608.7500000000,23100.0000000000,0E-10,-190315.95,-33734.74,16208.11,-180652.03
0003IG,16,2026-01-04 16:00:07,INACTIVE,True,True,0,True,True,True,True,0.0,0.0,0.0,0.0
0000BX,1518,2020-08-17 13:00:33,INACTIVE,True,True,0,True,True,True,True,0.0,0.0,0.0,0.0
000285,56,2025-10-24 01:24:14,INACTIVE,True,True,0,True,True,True,True,0.0,0.0,0.0,0.0
0003DT,2147,2020-02-25 08:37:27,INACTIVE,2020-02-27,2020-02-27,779872,True,True,True,True,210595.45,448911.91,0.0,348378.55
0002KI,277,2019-02-04 15:04:59,ACTIVE,2025-06-28,2025-07-01,0,1100.0000000000,1090.7500000000,0E-10,0E-10,0.0,0.0,21.36,26.41
0005SB,2,2019-08-23 15:43:42,ACTIVE,2022-08-27,2026-01-12,28537,5099200.0000000000,4836959.3600000000,168900.0000000000,100.0000000000,-8029.16,-11689.53,3373.0,-13159.25
000377,1998,2020-08-06 07:08:50,INACTIVE,True,True,0,True,True,True,True,0.0,0.0,0.0,0.0
0006ZH,510,2025-02-08 16:03:25,INACTIVE,True,True,0,True,True,True,True,0.0,0.0,0.0,0.0
00078R,440,2024-10-12 20:36:44,INACTIVE,True,True,0,True,True,True,True,0.0,0.0,0.0,0.0
0000X1,1942,2021-04-30 08:15:03,INACTIVE,True,True,0,True,True,True,True,0.0,0.0,0.0,0.0
0007NE,3449,2019-09-23 05:56:41,INACTIVE,True,True,0,True,True,True,True,0.0,0.0,0.0,0.0
00008G,75,2025-10-20 15:22:29,INACTIVE,True,True,0,True,True,True,True,0.0,0.0,0.0,0.0
000659,453,2024-06-05 00:00:00,ACTIVE,2024-06-05,2024-06-08,6400,17000.0000000000,16350.0000000000,600.0000000000,0E-10,-4295.06,-6442.36,497.92,-7768.04
0004O2,1106,2020-01-10 07:41:14,INACTIVE,2022-03-04,2022-03-04,225568,True,True,True,True,20563.9,70359.64,0.0,11753.77
00015H,99,2024-09-28 11:37:44,ACTIVE,2024-10-10,2025-10-18,306730,370895.0000000000,363163.9800000000,0E-10,0E-10,-274228.57,-233786.37,558.12,-261004.16
0003AD,178,2019-07-05 00:24:23,ACTIVE,2025-04-22,2025-04-22,34672,30900.0000000000,30900.0000000000,0E-10,0E-10,-30468.37,-32024.51,672.66,-47992.97
0003JF,550,2023-10-10 14:36:04,INACTIVE,True,True,0,True,True,True,True,0.0,0.0,0.0,0.0
0001K0,771,2023-04-07 10:04:03,INACTIVE,True,True,0,True,True,True,True,0.0,0.0,0.0,0.0
00041O,740,2024-02-04 13:22:12,INACTIVE,True,True,0,True,True,True,True,0.0,0.0,0.0,0.0
0004CW,3164,2019-08-06 17:56:58,INACTIVE,True,True,0,True,True,True,True,0.0,0.0,0.0,0.0
000446,1224,2022-10-12 10:12:10,INACTIVE,2022-10-14,2022-10-14,221653,True,True,True,True,47499.86,157089.7,0.0,98540.0
0000X2,171,2025-09-04 17:47:25,INACTIVE,True,True,0,True,True,True,True,0.0,0.0,0.0,0.0
0005LF,1319,2023-07-25 18:50:43,INACTIVE,True,True,0,True,True,True,True,0.0,0.0,0.0,0.0
0005XR,1019,2023-10-16 23:15:05,INACTIVE,True,True,0,True,True,True,True,0.0,0.0,0.0,0.0
0001ER,54,2025-11-29 01:39:48,INACTIVE,True,True,0,True,True,True,True,0.0,0.0,0.0,0.0
0000PR,118,2025-05-27 10:19:07,INACTIVE,True,True,0,True,True,True,True,0.0,0.0,0.0,0.0
0005LG,2112,2019-12-11 13:21:17,INACTIVE,True,True,0,True,True,True,True,0.0,0.0,0.0,0.0
0003HZ,740,2023-05-28 00:00:00,EXITED,2023-05-28,2023-05-28,100321,True,True,True,True,-150021.35,-133389.42,0.0,-152897.79
00040U,2533,2019-03-11 10:57:38,INACTIVE,True,True,0,True,True,True,True,0.0,0.0,0.0,0.0
0003JR,1,2022-05-08 21:42:38,ACTIVE,2026-01-10,2026-01-14,3443,13600.0000000000,13535.9600000000,0E-10,0E-10,-21875.31,-12964.19,194.68,-18938.97
00035C,1370,2021-06-20 12:36:21,INACTIVE,True,True,0,True,True,True,True,0.0,0.0,0.0,0.0
00024U,1773,2018-09-10 15:15:51,EXITED,2018-09-11,2018-09-11,166195,True,True,True,True,-83967.36,-25433.87,0.0,-73153.64
0003A6,2352,2018-07-08 22:29:18,EXITED,2018-09-25,2021-03-08,32364,True,True,True,True,-39281.39,-19292.0,0.0,-30258.74
000283,3545,2019-07-13 20:16:03,INACTIVE,True,True,0,True,True,True,True,0.0,0.0,0.0,0.0
0005QK,1770,2022-04-03 11:45:27,INACTIVE,True,True,0,True,True,True,True,0.0,0.0,0.0,0.0
0005XZ,2686,2014-07-08 00:00:00,INACTIVE,2014-07-10,2014-07-10,170185,True,True,True,True,0.0,0.0,0.0,0.0
0007DI,23,2025-12-15 22:04:42,ACTIVE,2025-12-16,2025-12-24,142419,200000.0000000000,199107.5000000000,100.0000000000,0E-10,-156616.51,-168836.65,6018.23,-279986.71
0000HI,1351,2021-12-14 23:38:27,INACTIVE,True,True,0,True,True,True,True,0.0,0.0,0.0,0.0
00064K,2452,2020-02-13 18:52:27,INACTIVE,True,True,0,True,True,True,True,0.0,0.0,0.0,0.0
0003H8,686,2024-06-07 16:01:00,INACTIVE,True,True,0,True,True,True,True,0.0,0.0,0.0,0.0
0004GH,1263,2023-05-25 16:07:18,INACTIVE,True,True,0,True,True,True,True,0.0,0.0,0.0,0.0
0004PG,1619,2020-01-19 11:24:46,INACTIVE,True,True,0,True,True,True,True,0.0,0.0,0.0,0.0
0005M6,765,2021-08-21 15:56:04,ACTIVE,2024-08-11,2024-08-11,0,1000.0000000000,1000.0000000000,0E-10,0E-10,0.0,0.0,18.31,26.0
0002CI,1163,2021-08-02 09:02:34,INACTIVE,True,True,0,True,True,True,True,0.0,0.0,0.0,0.0
0004MY,783,2022-08-09 10:52:54,INACTIVE,True,True,0,True,True,True,True,0.0,0.0,0.0,0.0
0004GG,977,2024-01-11 12:29:16,INACTIVE,True,True,0,True,True,True,True,0.0,0.0,0.0,0.0
0005FK,2204,2019-10-11 15:52:16,INACTIVE,True,True,0,True,True,True,True,0.0,0.0,0.0,0.0
00032G,86,2025-10-20 18:10:22,INACTIVE,True,True,0,True,True,True,True,0.0,0.0,0.0,0.0
00033L,329,2024-12-09 16:31:00,INACTIVE,True,True,0,True,True,True,True,0.0,0.0,0.0,0.0
0007FO,73,2025-09-04 14:51:37,INACTIVE,True,True,0,True,True,True,True,0.0,0.0,0.0,0.0
00058E,1521,2020-01-14 19:13:57,INACTIVE,True,True,0,True,True,True,True,0.0,0.0,0.0,0.0
00049E,415,2025-02-20 06:23:48,INACTIVE,True,True,0,True,True,True,True,0.0,0.0,0.0,0.0
0003BF,1105,2021-11-12 21:50:58,INACTIVE,True,True,0,True,True,True,True,0.0,0.0,0.0,0.0
0000S6,3618,2019-05-28 05:46:02,INACTIVE,True,True,0,True,True,True,True,0.0,0.0,0.0,0.0
0006OX,116,2025-10-17 19:37:16,INACTIVE,True,True,0,True,True,True,True,0.0,0.0,0.0,0.0
00018R,2031,2021-12-01 19:02:44,INACTIVE,True,True,0,True,True,True,True,0.0,0.0,0.0,0.0
0007M3,2159,2021-09-26 10:04:55,INACTIVE,True,True,0,True,True,True,True,0.0,0.0,0.0,0.0
0000RO,278,2025-06-01 23:03:59,INACTIVE,True,True,0,True,True,True,True,0.0,0.0,0.0,0.0
00030L,840,2023-08-30 10:02:10,INACTIVE,True,True,0,True,True,True,True,0.0,0.0,0.0,0.0
0003W4,4653,2016-07-18 15:46:12,INACTIVE,2016-07-20,2017-01-18,581803,True,True,True,True,-100114.47,21619.19,0.0,-124500.59
0007D1,1682,2021-01-26 21:23:34,INACTIVE,True,True,0,True,True,True,True,0.0,0.0,0.0,0.0
0007OX,1647,2018-06-22 08:28:23,INACTIVE,True,True,0,True,True,True,True,0.0,0.0,0.0,0.0
000317,3059,2018-05-27 19:00:02,INACTIVE,True,True,0,True,True,True,True,0.0,0.0,0.0,0.0
0003EN,182,2025-03-21 14:12:07,INACTIVE,True,True,0,True,True,True,True,0.0,0.0,0.0,0.0
0003LX,228,2025-07-02 12:54:11,INACTIVE,True,True,0,True,True,True,True,0.0,0.0,0.0,0.0
00012N,3503,2019-08-21 09:37:18,INACTIVE,True,True,0,True,True,True,True,0.0,0.0,0.0,0.0
0000PV,1390,2022-10-20 07:48:04,INACTIVE,True,True,0,True,True,True,True,0.0,0.0,0.0,0.0
0002GS,195,2025-04-15 23:42:50,INACTIVE,True,True,0,True,True,True,True,0.0,0.0,0.0,0.0
0003QU,793,2022-08-20 07:32:35,INACTIVE,True,True,0,True,True,True,True,0.0,0.0,0.0,0.0
0006BZ,1998,2019-08-27 18:49:59,INACTIVE,True,True,0,True,True,True,True,0.0,0.0,0.0,0.0
0003EG,1297,2020-07-17 16:37:08,INACTIVE,True,True,0,True,True,True,True,0.0,0.0,0.0,0.0
0003LE,1096,2023-03-27 17:22:34,INACTIVE,True,True,0,True,True,True,True,0.0,0.0,0.0,0.0
000104,2791,2020-02-01 07:49:39,INACTIVE,True,True,0,True,True,True,True,0.0,0.0,0.0,0.0
0004MG,87,2025-11-01 00:00:00,ACTIVE,2025-11-01,2025-11-01,0,3500.0000000000,3421.5000000000,0E-10,0E-10,0.0,0.0,56.93,98.68
0006PV,166,2025-08-19 17:56:29,INACTIVE,True,True,0,True,True,True,True,0.0,0.0,0.0,0.0
0001JO,690,2024-01-09 20:12:49,INACTIVE,True,True,0,True,True,True,True,0.0,0.0,0.0,0.0
000016,2071,2017-08-11 18:29:07,INACTIVE,True,True,0,True,True,True,True,0.0,0.0,0.0,0.0
00071K,2317,2020-06-19 03:40:36,INACTIVE,True,True,0,True,True,True,True,0.0,0.0,0.0,0.0
0001VE,463,2024-08-27 16:33:53,ACTIVE,2024-08-29,2024-08-29,0,3100.0000000000,3100.0000000000,0E-10,0E-10,0.0,0.0,84.32,53.63
00032O,1351,2021-06-13 14:33:14,INACTIVE,True,True,0,True,True,True,True,0.0,0.0,0.0,0.0
00045Y,2394,2020-05-21 13:24:39,INACTIVE,True,True,0,True,True,True,True,0.0,0.0,0.0,0.0
000638,40,2024-01-14 12:43:17,ACTIVE,2025-11-30,2025-11-30,0,4100.0000000000,3732.2500000000,367.0000000000,0E-10,0.0,0.0,124.55,176.31
0001CP,1117,2021-05-08 06:38:43,EXITED,2021-05-10,2021-06-18,58811,True,True,True,True,-18247.29,-22778.86,0.0,-20594.79
0005KZ,1165,2022-10-18 21:22:08,INACTIVE,True,True,0,True,True,True,True,0.0,0.0,0.0,0.0
0001G2,971,2021-02-18 21:52:59,INACTIVE,2021-08-04,2022-09-02,7002298,True,True,True,True,-804137.28,797642.19,0.0,-1004077.81
0003E9,3142,2019-01-25 09:28:25,INACTIVE,True,True,0,True,True,True,True,0.0,0.0,0.0,0.0
0002LW,537,2023-05-09 19:38:09,INACTIVE,True,True,0,True,True,True,True,0.0,0.0,0.0,0.0
0003L1,553,2021-06-12 13:32:58,ACTIVE,2024-08-16,2024-12-02,120592,456779.1200000000,448740.5000000000,6550.0000000000,129192.3300000000,-7377.23,-5910.85,4174.66,-11884.22
00018V,878,2023-07-17 06:19:52,INACTIVE,True,True,0,True,True,True,True,0.0,0.0,0.0,0.0
00004E,101,2025-07-03 19:43:44,INACTIVE,True,True,0,True,True,True,True,0.0,0.0,0.0,0.0
0001FU,1293,2020-06-14 05:41:33,INACTIVE,True,True,0,True,True,True,True,0.0,0.0,0.0,0.0
0002Z6,173,2025-09-17 10:05:28,INACTIVE,True,True,0,True,True,True,True,0.0,0.0,0.0,0.0
0003E1,449,2024-11-08 20:02:34,INACTIVE,True,True,0,True,True,True,True,0.0,0.0,0.0,0.0
00009H,1209,2023-06-07 10:08:25,INACTIVE,True,True,0,True,True,True,True,0.0,0.0,0.0,0.0
000271,3561,2018-12-28 18:19:58,INACTIVE,True,True,0,True,True,True,True,0.0,0.0,0.0,0.0
00032C,1070,2022-06-20 19:34:20,INACTIVE,True,True,0,True,True,True,True,0.0,0.0,0.0,0.0
00022O,194,2025-07-14 06:54:12,INACTIVE,True,True,0,True,True,True,True,0.0,0.0,0.0,0.0
0004XX,2035,2021-03-13 06:30:13,INACTIVE,True,True,0,True,True,True,True,0.0,0.0,0.0,0.0
0005AN,278,2025-06-22 07:47:20,INACTIVE,True,True,0,True,True,True,True,0.0,0.0,0.0,0.0
0006YY,246,2025-04-23 15:38:25,INACTIVE,True,True,0,True,True,True,True,0.0,0.0,0.0,0.0
000546,4326,2017-11-18 22:26:07,INACTIVE,True,True,0,True,True,True,True,0.0,0.0,0.0,0.0
0002DK,2729,2019-04-17 19:02:15,INACTIVE,True,True,0,True,True,True,True,0.0,0.0,0.0,0.0
0004VA,190,2025-08-30 13:11:30,INACTIVE,True,True,0,True,True,True,True,0.0,0.0,0.0,0.0
0000DQ,1243,2020-03-17 17:26:25,INACTIVE,True,True,0,True,True,True,True,0.0,0.0,0.0,0.0
0002DX,150,2025-08-12 15:07:54,INACTIVE,True,True,0,True,True,True,True,0.0,0.0,0.0,0.0
00054U,340,2024-09-01 04:08:29,INACTIVE,True,True,0,True,True,True,True,0.0,0.0,0.0,0.0
0001LX,147,2025-10-03 22:29:12,INACTIVE,True,True,0,True,True,True,True,0.0,0.0,0.0,0.0
0001GN,401,2024-07-19 21:00:44,INACTIVE,True,True,0,True,True,True,True,0.0,0.0,0.0,0.0
0004DJ,2382,2020-08-30 11:51:54,INACTIVE,True,True,0,True,True,True,True,0.0,0.0,0.0,0.0
0007OY,516,2023-07-13 16:15:46,INACTIVE,True,True,0,True,True,True,True,0.0,0.0,0.0,0.0
0006G2,84,2025-09-17 18:38:49,INACTIVE,True,True,0,True,True,True,True,0.0,0.0,0.0,0.0
00079I,138,2025-07-31 13:46:38,INACTIVE,True,True,0,True,True,True,True,0.0,0.0,0.0,0.0
0003A2,1377,2023-02-06 10:07:15,INACTIVE,True,True,0,True,True,True,True,0.0,0.0,0.0,0.0
0006H0,1742,2018-12-18 07:30:17,INACTIVE,2018-12-27,2019-09-10,127010,True,True,True,True,37686.85,162990.01,0.0,57212.07
0007F1,1368,2023-03-13 15:59:12,INACTIVE,True,True,0,True,True,True,True,0.0,0.0,0.0,0.0
0000H0,2018,2021-10-02 11:43:14,INACTIVE,True,True,0,True,True,True,True,0.0,0.0,0.0,0.0
0003AK,131,2025-10-19 04:40:56,INACTIVE,True,True,0,True,True,True,True,0.0,0.0,0.0,0.0
0003CX,617,2024-08-09 16:59:55,INACTIVE,True,True,0,True,True,True,True,0.0,0.0,0.0,0.0
00039M,645,2024-06-27 00:00:00,ACTIVE,2024-06-27,2024-06-27,6880,5000.0000000000,5000.0000000000,0E-10,0E-10,-3548.55,-7617.79,112.09,-3779.12
00030P,372,2025-02-11 13:23:31,INACTIVE,True,True,0,True,True,True,True,0.0,0.0,0.0,0.0
00048D,621,2023-04-03 14:41:21,INACTIVE,True,True,0,True,True,True,True,0.0,0.0,0.0,0.0
0000OK,1212,2022-10-07 06:31:19,INACTIVE,True,True,0,True,True,True,True,0.0,0.0,0.0,0.0
0001VK,1910,2022-03-04 15:47:56,INACTIVE,True,True,0,True,True,True,True,0.0,0.0,0.0,0.0
00055Y,1665,2017-04-15 12:18:43,INACTIVE,True,True,0,True,True,True,True,0.0,0.0,0.0,0.0
0006S1,322,2024-08-04 10:23:18,ACTIVE,2024-08-05,2024-08-19,11812,13000.0000000000,13000.0000000000,0E-10,0E-10,-5008.6,-4531.25,284.76,-3622.92
0005ZZ,31,2025-09-09 12:53:11,ACTIVE,2025-09-10,2025-12-18,267064,705020.0000000000,606813.7900000000,0E-10,0E-10,10296.07,37034.12,2936.99,15541.27
0000HZ,3571,2018-09-25 00:07:10,EXITED,2018-10-13,2018-10-13,59272,True,True,True,True,-3671.96,9022.07,0.0,-3680.24
0004ZT,2009,2019-03-25 15:36:11,INACTIVE,True,True,0,True,True,True,True,0.0,0.0,0.0,0.0
0007MV,1314,2023-06-02 18:50:34,INACTIVE,True,True,0,True,True,True,True,0.0,0.0,0.0,0.0
00037Z,168,2025-06-28 13:29:02,INACTIVE,True,True,0,True,True,True,True,0.0,0.0,0.0,0.0
0000VA,1576,2021-07-28 11:26:49,INACTIVE,True,True,0,True,True,True,True,0.0,0.0,0.0,0.0
00003Z,2749,2020-11-10 15:53:48,INACTIVE,True,True,0,True,True,True,True,0.0,0.0,0.0,0.0
00004N,975,2023-02-17 23:10:45,INACTIVE,True,True,0,True,True,True,True,0.0,0.0,0.0,0.0
000135,2181,2020-08-10 14:11:21,INACTIVE,True,True,0,True,True,True,True,0.0,0.0,0.0,0.0
0003FD,78,2025-11-22 15:31:13,INACTIVE,True,True,0,True,True,True,True,0.0,0.0,0.0,0.0
0001E0,390,2024-08-23 18:50:44,INACTIVE,True,True,0,True,True,True,True,0.0,0.0,0.0,0.0
0000N0,1282,2019-06-06 00:00:00,INACTIVE,2019-06-06,2020-02-11,508538,True,True,True,True,29786.94,388432.85,0.0,21123.52
0005M7,67,2025-11-30 00:00:00,ACTIVE,2025-11-30,2025-11-30,0,2000.0000000000,999.7500000000,1000.0000000000,0E-10,0.0,0.0,91.46,222.78
0003YV,467,2024-05-30 00:00:00,ACTIVE,2024-05-30,2024-10-31,127765,180789.6000000000,180444.2900000000,200.0000000000,0E-10,-29052.33,-14088.12,681.54,-40926.09
0004E6,1028,2024-02-14 09:08:05,INACTIVE,True,True,0,True,True,True,True,0.0,0.0,0.0,0.0
00017U,953,2024-02-18 11:50:59,INACTIVE,True,True,0,True,True,True,True,0.0,0.0,0.0,0.0
000378,2162,2020-08-19 00:32:03,INACTIVE,True,True,0,True,True,True,True,0.0,0.0,0.0,0.0
0005GJ,192,2024-08-16 07:54:40,ACTIVE,2024-08-21,2025-07-01,54369,190900.0000000000,184341.2200000000,12650.0000000000,0E-10,-9846.34,10520.4,344.11,-11199.48
0004ZE,2313,2019-07-31 07:46:32,INACTIVE,True,True,0,True,True,True,True,0.0,0.0,0.0,0.0
000602,1183,2021-03-06 13:14:29,INACTIVE,True,True,0,True,True,True,True,0.0,0.0,0.0,0.0
00078B,2550,2018-09-20 06:04:03,INACTIVE,True,True,0,True,True,True,True,0.0,0.0,0.0,0.0
00051Q,108,2025-10-25 17:10:44,INACTIVE,True,True,0,True,True,True,True,0.0,0.0,0.0,0.0
0005V9,579,2021-02-04 21:09:42,ACTIVE,2024-12-05,2024-12-22,16175,42000.0000000000,49218.7600000000,0E-10,0E-10,-1613.03,4604.28,503.15,-258.28
0005NU,2827,2020-09-27 17:22:18,INACTIVE,True,True,0,True,True,True,True,0.0,0.0,0.0,0.0
000226,137,2025-10-13 11:31:23,INACTIVE,True,True,0,True,True,True,True,0.0,0.0,0.0,0.0
00012V,202,2024-12-21 07:58:11,INACTIVE,True,True,0,True,True,True,True,0.0,0.0,0.0,0.0
00017G,2568,2019-02-13 14:08:31,INACTIVE,True,True,0,True,True,True,True,0.0,0.0,0.0,0.0
0005I8,487,2024-02-20 22:18:26,INACTIVE,True,True,0,True,True,True,True,0.0,0.0,0.0,0.0
0004UX,1531,2022-04-13 07:27:44,INACTIVE,True,True,0,True,True,True,True,0.0,0.0,0.0,0.0
0002W1,1888,2019-06-23 07:46:16,ACTIVE,2022-06-19,2022-06-19,0,200.0000000000,100.0000000000,0E-10,0E-10,0.0,0.0,5.91,3.76
00068V,1757,2022-07-19 09:08:25,INACTIVE,True,True,0,True,True,True,True,0.0,0.0,0.0,0.0
0004XN,668,2024-09-13 14:28:40,INACTIVE,True,True,0,True,True,True,True,0.0,0.0,0.0,0.0
00054X,875,2023-04-10 23:16:06,INACTIVE,True,True,0,True,True,True,True,0.0,0.0,0.0,0.0
0000H4,543,2024-07-22 11:56:47,INACTIVE,True,True,0,True,True,True,True,0.0,0.0,0.0,0.0
00007X,811,2018-10-08 08:15:30,EXITED,2023-03-15,2023-03-15,223969,True,True,True,True,-169240.46,-181682.77,0.0,-180565.07
0005WB,2465,2019-08-21 11:10:12,INACTIVE,True,True,0,True,True,True,True,0.0,0.0,0.0,0.0
000540,1754,2020-01-24 19:51:55,INACTIVE,True,True,0,True,True,True,True,0.0,0.0,0.0,0.0
00022N,582,2024-10-27 06:35:07,INACTIVE,True,True,0,True,True,True,True,0.0,0.0,0.0,0.0
0004CN,2511,2018-11-29 12:43:17,INACTIVE,True,True,0,True,True,True,True,0.0,0.0,0.0,0.0
0007HB,54,2025-11-29 00:00:00,ACTIVE,2025-11-29,2025-12-01,0,2000.0000000000,999.7500000000,1000.0000000000,0E-10,0.0,0.0,108.45,182.99
0006QE,1824,2022-05-27 12:05:25,INACTIVE,True,True,0,True,True,True,True,0.0,0.0,0.0,0.0
000202,418,2019-07-25 20:27:05,ACTIVE,2023-09-07,2024-08-10,960910,91704.3400000000,91654.3400000000,0E-10,0E-10,-613517.88,433992.33,166.23,-754808.57
0002WQ,3337,2017-11-24 20:41:08,INACTIVE,True,True,0,True,True,True,True,0.0,0.0,0.0,0.0
0000OU,830,2024-05-08 04:45:12,INACTIVE,True,True,0,True,True,True,True,0.0,0.0,0.0,0.0
0002UW,2083,2022-02-09 00:20:48,INACTIVE,True,True,0,True,True,True,True,0.0,0.0,0.0,0.0
0001JQ,1650,2019-03-24 14:06:04,INACTIVE,True,True,0,True,True,True,True,0.0,0.0,0.0,0.0
0001PC,940,2023-11-11 08:37:54,INACTIVE,True,True,0,True,True,True,True,0.0,0.0,0.0,0.0
0002CX,110,2025-09-19 19:02:34,INACTIVE,True,True,0,True,True,True,True,0.0,0.0,0.0,0.0
0006R2,856,2023-01-21 21:18:41,INACTIVE,True,True,0,True,True,True,True,0.0,0.0,0.0,0.0
0005JF,679,2023-03-20 18:08:55,INACTIVE,True,True,0,True,True,True,True,0.0,0.0,0.0,0.0
0006U2,145,2025-09-03 07:15:03,INACTIVE,True,True,0,True,True,True,True,0.0,0.0,0.0,0.0
0001V5,157,2025-07-11 18:19:00,INACTIVE,True,True,0,True,True,True,True,0.0,0.0,0.0,0.0
0007FK,2151,2020-12-30 16:47:57,INACTIVE,True,True,0,True,True,True,True,0.0,0.0,0.0,0.0
0001VN,2018,2018-05-16 17:07:01,INACTIVE,2018-05-22,2018-12-19,336070,True,True,True,True,29936.51,92686.59,0.0,30046.38
0006LH,1476,2017-12-19 08:52:57,INACTIVE,True,True,0,True,True,True,True,0.0,0.0,0.0,0.0
0007DC,53,2025-12-04 16:03:14,INACTIVE,True,True,0,True,True,True,True,0.0,0.0,0.0,0.0
0003M0,563,2023-01-20 12:18:30,INACTIVE,2023-09-16,2023-09-16,2523,True,True,True,True,-5817.67,-8326.32,0.0,-9404.1
00015D,299,2024-12-14 12:41:20,INACTIVE,True,True,0,True,True,True,True,0.0,0.0,0.0,0.0
00073I,570,2023-12-02 00:00:00,INACTIVE,2023-12-02,2023-12-02,3685,True,True,True,True,-9508.08,-6598.16,0.0,-5898.8
0002K1,1625,2020-10-04 14:56:21,INACTIVE,True,True,0,True,True,True,True,0.0,0.0,0.0,0.0
0005HZ,480,2024-09-15 14:05:55,INACTIVE,True,True,0,True,True,True,True,0.0,0.0,0.0,0.0
0000KZ,1937,2021-12-31 10:36:24,INACTIVE,True,True,0,True,True,True,True,0.0,0.0,0.0,0.0
0004GV,105,2025-10-16 11:48:20,INACTIVE,True,True,0,True,True,True,True,0.0,0.0,0.0,0.0
000692,1501,2019-09-05 17:33:59,INACTIVE,True,True,0,True,True,True,True,0.0,0.0,0.0,0.0
0000AT,898,2022-06-12 05:50:25,INACTIVE,True,True,0,True,True,True,True,0.0,0.0,0.0,0.0
0004G4,1400,2018-11-08 15:24:03,INACTIVE,2018-11-09,2023-03-13,245352,True,True,True,True,200951.08,347702.24,0.0,205965.0
0007J4,1107,2021-12-31 12:57:36,INACTIVE,True,True,0,True,True,True,True,0.0,0.0,0.0,0.0
0004NK,163,2025-06-02 13:13:29,INACTIVE,True,True,0,True,True,True,True,0.0,0.0,0.0,0.0
0003YK,27,2025-11-22 16:41:22,INACTIVE,True,True,0,True,True,True,True,0.0,0.0,0.0,0.0
0006PE,2832,2019-12-15 15:03:10,INACTIVE,True,True,0,True,True,True,True,0.0,0.0,0.0,0.0
0004MD,2669,2020-02-21 09:39:52,INACTIVE,True,True,0,True,True,True,True,0.0,0.0,0.0,0.0
0002UB,669,2023-11-18 13:27:06,INACTIVE,True,True,0,True,True,True,True,0.0,0.0,0.0,0.0
0003UE,1309,2018-12-23 16:25:03,INACTIVE,True,True,0,True,True,True,True,0.0,0.0,0.0,0.0
0004QT,1149,2023-08-05 12:38:43,INACTIVE,True,True,0,True,True,True,True,0.0,0.0,0.0,0.0
00078Q,1587,2018-10-17 02:54:58,INACTIVE,True,True,0,True,True,True,True,0.0,0.0,0.0,0.0
0002D3,974,2023-02-15 17:16:18,ACTIVE,2023-02-23,2023-04-07,43378,3364.5600000000,3200.0000000000,160.0000000000,0E-10,112301.8,69609.28,42.85,87640.35
0002DR,109,2025-10-04 06:41:52,ACTIVE,2025-10-22,2025-10-26,13636,19000.0000000000,18997.0100000000,0E-10,0E-10,-18589.5,-10386.57,379.46,-19787.89
0002F9,261,2024-08-06 16:56:12,ACTIVE,2025-01-28,2025-01-29,59130,75000.0000000000,75000.0000000000,0E-10,0E-10,-109338.75,-40289.33,1158.63,-138751.93
00061X,1540,2021-03-31 11:06:25,INACTIVE,True,True,0,True,True,True,True,0.0,0.0,0.0,0.0
0005ZR,2998,2018-02-27 06:50:19,EXITED,2018-03-06,2018-12-20,587411,True,True,True,True,361885.1,557277.69,0.0,372791.57
0001HM,544,2024-10-08 20:57:56,INACTIVE,True,True,0,True,True,True,True,0.0,0.0,0.0,0.0
000545,631,2024-03-31 09:26:32,INACTIVE,True,True,0,True,True,True,True,0.0,0.0,0.0,0.0
0005IY,1280,2022-04-15 17:16:07,INACTIVE,True,True,0,True,True,True,True,0.0,0.0,0.0,0.0
00057W,2126,2019-09-17 14:12:59,INACTIVE,True,True,0,True,True,True,True,0.0,0.0,0.0,0.0
0001MU,602,2024-05-14 21:29:54,INACTIVE,True,True,0,True,True,True,True,0.0,0.0,0.0,0.0
0004J5,268,2025-03-04 02:04:51,INACTIVE,True,True,0,True,True,True,True,0.0,0.0,0.0,0.0
0006T7,1439,2020-10-31 12:30:52,INACTIVE,True,True,0,True,True,True,True,0.0,0.0,0.0,0.0
0002RY,695,2023-09-16 11:52:01,INACTIVE,True,True,0,True,True,True,True,0.0,0.0,0.0,0.0
0000AL,1018,2023-03-11 09:31:00,INACTIVE,True,True,0,True,True,True,True,0.0,0.0,0.0,0.0
0003DQ,213,2025-05-18 00:57:26,INACTIVE,True,True,0,True,True,True,True,0.0,0.0,0.0,0.0
0001DG,2706,2019-03-20 13:42:22,INACTIVE,True,True,0,True,True,True,True,0.0,0.0,0.0,0.0
00021H,245,2025-06-12 18:08:40,INACTIVE,True,True,0,True,True,True,True,0.0,0.0,0.0,0.0
0000UH,1946,2022-06-24 09:25:56,INACTIVE,True,True,0,True,True,True,True,0.0,0.0,0.0,0.0
0004GD,2611,2019-08-19 16:13:00,INACTIVE,True,True,0,True,True,True,True,0.0,0.0,0.0,0.0
000155,152,2025-08-25 00:00:00,ACTIVE,2025-08-25,2025-09-14,28800,50000.0000000000,19875.7500000000,30000.0000000000,0E-10,-13554.53,-6976.96,2354.59,-3964.05
0000SI,1350,2019-11-11 10:18:03,INACTIVE,True,True,0,True,True,True,True,0.0,0.0,0.0,0.0
0001L2,1216,2023-05-26 12:03:30,INACTIVE,True,True,0,True,True,True,True,0.0,0.0,0.0,0.0
0006GA,1072,2023-02-17 16:21:27,INACTIVE,True,True,0,True,True,True,True,0.0,0.0,0.0,0.0
0002HP,3172,2019-09-08 16:52:07,INACTIVE,True,True,0,True,True,True,True,0.0,0.0,0.0,0.0
0003R6,2923,2020-08-07 18:49:43,INACTIVE,True,True,0,True,True,True,True,0.0,0.0,0.0,0.0
0001HE,817,2022-12-23 06:57:19,INACTIVE,True,True,0,True,True,True,True,0.0,0.0,0.0,0.0
0005BT,23,2025-12-15 13:49:53,ACTIVE,2025-12-30,2025-12-30,0,1000.0000000000,910.7500000000,0E-10,0E-10,0.0,0.0,29.13,13.52
00078Y,374,2025-03-02 16:18:18,INACTIVE,True,True,0,True,True,True,True,0.0,0.0,0.0,0.0
0005EN,3307,2018-09-19 09:48:46,EXITED,2018-09-25,2018-09-25,64955,True,True,True,True,12849.17,21595.49,0.0,10361.38
0005KN,2209,2019-10-27 07:01:43,INACTIVE,True,True,0,True,True,True,True,0.0,0.0,0.0,0.0
000020,2837,2012-11-14 00:00:00,EXITED,2016-12-14,2016-12-14,150028,True,True,True,True,-151268.63,-129353.32,0.0,-168987.98
000346,3489,2018-09-10 12:43:26,INACTIVE,True,True,0,True,True,True,True,0.0,0.0,0.0,0.0
0003OX,522,2023-04-21 16:02:17,INACTIVE,True,True,0,True,True,True,True,0.0,0.0,0.0,0.0
000316,1934,2020-12-13 11:57:49,INACTIVE,True,True,0,True,True,True,True,0.0,0.0,0.0,0.0
0003H0,359,2024-04-29 17:22:27,INACTIVE,True,True,0,True,True,True,True,0.0,0.0,0.0,0.0
0000DI,478,2024-04-22 13:03:36,INACTIVE,True,True,0,True,True,True,True,0.0,0.0,0.0,0.0
0003U1,2377,2020-09-23 15:27:53,INACTIVE,True,True,0,True,True,True,True,0.0,0.0,0.0,0.0
000234,1123,2023-08-04 11:47:40,INACTIVE,True,True,0,True,True,True,True,0.0,0.0,0.0,0.0
000332,2006,2022-02-01 11:31:24,INACTIVE,True,True,0,True,True,True,True,0.0,0.0,0.0,0.0
000099,1450,2022-10-10 16:06:57,INACTIVE,True,True,0,True,True,True,True,0.0,0.0,0.0,0.0
00034V,680,2024-06-15 09:46:39,INACTIVE,True,True,0,True,True,True,True,0.0,0.0,0.0,0.0
00001W,2989,2020-05-18 11:08:25,INACTIVE,True,True,0,True,True,True,True,0.0,0.0,0.0,0.0
0005IU,1267,2022-09-12 21:45:07,INACTIVE,True,True,0,True,True,True,True,0.0,0.0,0.0,0.0
000407,1456,2022-08-02 17:53:59,INACTIVE,True,True,0,True,True,True,True,0.0,0.0,0.0,0.0
0005B0,1439,2023-02-28 09:07:37,INACTIVE,True,True,0,True,True,True,True,0.0,0.0,0.0,0.0
0000NI,655,2024-03-25 00:00:00,ACTIVE,2024-03-25,2024-08-15,11263,26404.6500000000,26318.2500000000,0E-10,0E-10,-1185.51,979.86,137.44,-962.86
0004KP,1848,2022-01-21 10:17:50,INACTIVE,True,True,0,True,True,True,True,0.0,0.0,0.0,0.0
0005VF,102,2025-10-09 20:26:02,INACTIVE,True,True,0,True,True,True,True,0.0,0.0,0.0,0.0
0004SD,2327,2019-11-04 09:10:42,INACTIVE,True,True,0,True,True,True,True,0.0,0.0,0.0,0.0
00026L,922,2023-11-04 07:42:50,INACTIVE,True,True,0,True,True,True,True,0.0,0.0,0.0,0.0
00027Y,1612,2022-05-13 09:57:52,INACTIVE,True,True,0,True,True,True,True,0.0,0.0,0.0,0.0
0006VT,448,2024-11-13 10:28:22,INACTIVE,True,True,0,True,True,True,True,0.0,0.0,0.0,0.0
0005RR,515,2023-12-26 00:00:00,ACTIVE,2023-12-26,2023-12-26,7202,5000.0000000000,5000.0000000000,0E-10,0E-10,-7140.11,-6234.72,80.39,-4792.81
0000SU,87,2025-05-02 00:00:00,ACTIVE,2025-05-02,2025-09-21,340246,757400.0000000000,801220.2300000000,0E-10,0E-10,-416146.88,-67409.25,2960.45,-410851.35
0004XO,2529,2016-07-12 15:57:25,EXITED,2018-04-27,2019-01-25,437186,True,True,True,True,303481.5,223158.43,0.0,280938.43
0001DN,1181,2021-06-12 08:25:48,INACTIVE,True,True,0,True,True,True,True,0.0,0.0,0.0,0.0
0003NF,910,2023-05-06 15:02:02,INACTIVE,True,True,0,True,True,True,True,0.0,0.0,0.0,0.0
0000M2,648,2023-04-19 20:23:12,INACTIVE,True,True,0,True,True,True,True,0.0,0.0,0.0,0.0
000521,94,2025-08-22 22:31:03,INACTIVE,True,True,0,True,True,True,True,0.0,0.0,0.0,0.0
0006WV,1373,2023-03-30 00:00:00,EXITED,2023-03-30,2023-03-30,125163,True,True,True,True,-149351.03,-194276.0,0.0,-137290.07
0007JD,114,2025-09-28 09:52:27,INACTIVE,True,True,0,True,True,True,True,0.0,0.0,0.0,0.0
000167,424,2024-12-06 14:58:16,ACTIVE,2024-12-07,2025-02-18,305197,400700.0000000000,398526.6900000000,500.0000000000,0E-10,-205833.55,-89362.6,5094.47,-203485.23
0005HN,24,2025-11-30 10:53:33,INACTIVE,True,True,0,True,True,True,True,0.0,0.0,0.0,0.0
0004ZS,335,2024-04-08 15:26:08,ACTIVE,2024-08-01,2024-11-14,0,279615.0000000000,271188.0000000000,11920.0000000000,0E-10,0.0,0.0,1085.3,1972.96
0000JP,1113,2016-10-17 09:25:57,INACTIVE,2020-02-26,2020-02-26,1736684,True,True,True,True,1536893.77,5134973.2,0.0,4217544.79
0005BF,510,2023-04-07 11:01:24,INACTIVE,True,True,0,True,True,True,True,0.0,0.0,0.0,0.0
00016N,1342,2018-09-21 08:49:06,EXITED,2018-09-25,2019-02-18,231555,True,True,True,True,-156229.52,-28720.07,0.0,-138139.42
00012U,2443,2019-06-29 10:56:28,INACTIVE,True,True,0,True,True,True,True,0.0,0.0,0.0,0.0
0005LV,622,2023-02-28 12:44:01,INACTIVE,True,True,0,True,True,True,True,0.0,0.0,0.0,0.0
0000XK,3668,2018-04-22 18:41:37,INACTIVE,True,True,0,True,True,True,True,0.0,0.0,0.0,0.0
0001TN,1050,2023-03-19 17:01:37,INACTIVE,True,True,0,True,True,True,True,0.0,0.0,0.0,0.0
0006AD,99,2025-04-29 20:56:35,ACTIVE,2025-05-07,2025-09-04,36001,55202.7400000000,40229.2000000000,2400.0000000000,0E-10,-37399.91,-9749.66,203.37,-36410.43
0002LL,1699,2022-07-26 11:33:23,INACTIVE,True,True,0,True,True,True,True,0.0,0.0,0.0,0.0
0007KC,1041,2023-03-21 17:52:37,INACTIVE,True,True,0,True,True,True,True,0.0,0.0,0.0,0.0
0001LI,188,2025-06-08 15:58:30,INACTIVE,True,True,0,True,True,True,True,0.0,0.0,0.0,0.0
0004L6,2777,2018-11-29 17:26:55,EXITED,2018-12-03,2018-12-03,213893,True,True,True,True,463495.21,626904.67,0.0,269978.18
000702,375,2025-03-01 02:49:03,INACTIVE,True,True,0,True,True,True,True,0.0,0.0,0.0,0.0
00041F,545,2024-08-18 00:00:00,ACTIVE,2024-08-18,2024-08-18,4632,5000.0000000000,5000.0000000000,0E-10,0E-10,-9690.24,-8709.84,120.11,-6111.4
000082,1093,2023-12-13 00:00:00,ACTIVE,2023-12-13,2023-12-14,3733,30735.0000000000,30735.0000000000,0E-10,0E-10,-6981.28,-3267.15,833.33,-4417.83
0007LG,202,2025-05-24 12:02:58,INACTIVE,True,True,0,True,True,True,True,0.0,0.0,0.0,0.0
0005H6,44,2025-11-28 07:30:13,INACTIVE,True,True,0,True,True,True,True,0.0,0.0,0.0,0.0
00062J,188,2025-08-30 13:37:45,INACTIVE,True,True,0,True,True,True,True,0.0,0.0,0.0,0.0
0006QR,1545,2021-04-18 14:55:20,ACTIVE,2022-04-28,2022-04-28,0,100.0000000000,100.0000000000,0E-10,0E-10,0.0,0.0,1.96,1.25
0002GK,3186,2020-02-03 20:27:39,INACTIVE,True,True,0,True,True,True,True,0.0,0.0,0.0,0.0
0002HG,3132,2019-05-28 19:25:55,INACTIVE,True,True,0,True,True,True,True,0.0,0.0,0.0,0.0
00059D,129,2025-04-22 00:00:00,ACTIVE,2025-04-22,2025-09-10,0,3700.0000000000,3593.0000000000,100.0000000000,1000.0000000000,0.0,0.0,28.97,13.54
0003PE,1176,2023-03-16 19:29:16,INACTIVE,True,True,0,True,True,True,True,0.0,0.0,0.0,0.0
0001BQ,1155,2022-07-13 14:11:51,ACTIVE,2022-07-20,2022-07-20,290091,200000.0000000000,199950.0000000000,0E-10,0E-10,-81144.69,-121049.0,5048.14,-109215.37
0005RK,311,2024-09-07 20:29:18,INACTIVE,True,True,0,True,True,True,True,0.0,0.0,0.0,0.0
0005ZE,657,2024-01-22 08:12:44,INACTIVE,True,True,0,True,True,True,True,0.0,0.0,0.0,0.0
0002A7,1672,2020-03-08 12:42:16,INACTIVE,True,True,0,True,True,True,True,0.0,0.0,0.0,0.0
0001RQ,459,2024-12-21 04:58:31,INACTIVE,True,True,0,True,True,True,True,0.0,0.0,0.0,0.0
00005L,3725,2017-04-26 00:00:00,EXITED,2017-04-26,2017-04-26,26051,True,True,True,True,34427.63,30303.2,0.0,29793.67
00055Z,336,2025-05-26 15:19:46,INACTIVE,True,True,0,True,True,True,True,0.0,0.0,0.0,0.0
0007NO,155,2025-04-23 06:55:11,INACTIVE,True,True,0,True,True,True,True,0.0,0.0,0.0,0.0
00049O,1580,2021-07-27 18:02:31,INACTIVE,True,True,0,True,True,True,True,0.0,0.0,0.0,0.0
00003G,282,2022-04-14 06:34:47,ACTIVE,2022-05-22,2025-03-07,141172,247891.3100000000,240758.6400000000,4900.0000000000,0E-10,-34880.89,-188.8,198.68,-29984.85
00035B,776,2023-12-21 14:30:31,ACTIVE,2023-12-22,2023-12-22,4913,5000.0000000000,5000.0000000000,0E-10,0E-10,-8552.12,-3766.11,148.49,-5970.52
0006WK,474,2023-12-12 16:01:04,INACTIVE,True,True,0,True,True,True,True,0.0,0.0,0.0,0.0
0003JV,1200,2022-09-23 11:19:05,INACTIVE,True,True,0,True,True,True,True,0.0,0.0,0.0,0.0
0006AT,1277,2023-01-07 22:16:02,INACTIVE,True,True,0,True,True,True,True,0.0,0.0,0.0,0.0
0006XM,136,2025-08-01 01:28:46,INACTIVE,True,True,0,True,True,True,True,0.0,0.0,0.0,0.0
00058F,3044,2018-10-18 13:55:13,INACTIVE,True,True,0,True,True,True,True,0.0,0.0,0.0,0.0
000470,1208,2021-07-26 17:01:48,ACTIVE,2021-09-20,2021-09-20,0,100.0000000000,0E-10,0E-10,0E-10,0.0,0.0,1.32,2.54
0000Y0,706,2023-10-26 19:57:35,INACTIVE,True,True,0,True,True,True,True,0.0,0.0,0.0,0.0
000767,4071,2018-02-13 10:30:04,INACTIVE,True,True,0,True,True,True,True,0.0,0.0,0.0,0.0
00040K,418,2023-11-11 14:35:45,INACTIVE,True,True,0,True,True,True,True,0.0,0.0,0.0,0.0
00047E,37,2025-11-28 06:13:16,INACTIVE,True,True,0,True,True,True,True,0.0,0.0,0.0,0.0
000429,1944,2022-05-02 18:46:58,INACTIVE,True,True,0,True,True,True,True,0.0,0.0,0.0,0.0
00072I,721,2022-12-28 01:21:13,INACTIVE,True,True,0,True,True,True,True,0.0,0.0,0.0,0.0
0005G7,1184,2022-06-06 21:57:59,INACTIVE,True,True,0,True,True,True,True,0.0,0.0,0.0,0.0
0007LW,46,2025-11-28 11:31:53,INACTIVE,True,True,0,True,True,True,True,0.0,0.0,0.0,0.0
000232,2987,2018-12-12 13:21:47,INACTIVE,True,True,0,True,True,True,True,0.0,0.0,0.0,0.0
00062R,1659,2021-12-15 12:38:15,INACTIVE,True,True,0,True,True,True,True,0.0,0.0,0.0,0.0
0003WI,1170,2023-03-14 20:19:08,INACTIVE,True,True,0,True,True,True,True,0.0,0.0,0.0,0.0
0003K5,2188,2021-11-18 16:51:53,INACTIVE,True,True,0,True,True,True,True,0.0,0.0,0.0,0.0
0003LN,2291,2019-01-06 15:38:29,INACTIVE,True,True,0,True,True,True,True,0.0,0.0,0.0,0.0
0001U6,513,2024-08-15 06:48:49,INACTIVE,True,True,0,True,True,True,True,0.0,0.0,0.0,0.0
00022D,2862,2020-09-08 14:43:53,INACTIVE,True,True,0,True,True,True,True,0.0,0.0,0.0,0.0
0006CD,653,2023-03-13 11:46:55,INACTIVE,True,True,0,True,True,True,True,0.0,0.0,0.0,0.0
00036Q,595,2024-11-30 17:33:33,INACTIVE,True,True,0,True,True,True,True,0.0,0.0,0.0,0.0
0004TI,3299,2019-10-21 10:36:50,INACTIVE,True,True,0,True,True,True,True,0.0,0.0,0.0,0.0
00055X,3503,2019-06-11 09:13:43,INACTIVE,True,True,0,True,True,True,True,0.0,0.0,0.0,0.0
00074M,556,2023-05-10 16:11:03,INACTIVE,True,True,0,True,True,True,True,0.0,0.0,0.0,0.0
0006P4,1240,2022-11-21 09:55:37,INACTIVE,True,True,0,True,True,True,True,0.0,0.0,0.0,0.0
00030Y,715,2024-07-30 18:14:21,INACTIVE,True,True,0,True,True,True,True,0.0,0.0,0.0,0.0
0002WS,242,2025-03-23 11:55:46,INACTIVE,True,True,0,True,True,True,True,0.0,0.0,0.0,0.0
000409,2528,2019-09-11 16:47:24,INACTIVE,True,True,0,True,True,True,True,0.0,0.0,0.0,0.0
0000DD,2243,2017-12-03 09:26:55,INACTIVE,True,True,0,True,True,True,True,0.0,0.0,0.0,0.0
00011H,514,2023-10-21 10:11:11,EXITED,True,True,0,True,True,True,True,0.0,0.0,0.0,0.0
0007F3,147,2025-09-26 22:14:42,ACTIVE,2025-09-27,2025-09-28,0,2000.0000000000,1999.7500000000,0E-10,1000.0000000000,0.0,0.0,60.17,80.9
0003LJ,1548,2023-03-07 20:46:16,INACTIVE,True,True,0,True,True,True,True,0.0,0.0,0.0,0.0
0004DI,464,2023-10-23 12:10:17,EXITED,True,True,0,True,True,True,True,0.0,0.0,0.0,0.0
0002PJ,1563,2019-02-25 21:55:50,INACTIVE,True,True,0,True,True,True,True,0.0,0.0,0.0,0.0
00043S,464,2023-04-11 15:04:09,ACTIVE,2024-10-03,2024-11-15,19790,33600.0000000000,33481.8700000000,0E-10,0E-10,-3918.95,3140.07,355.45,-2814.83
0004AH,37,2025-10-13 10:27:02,ACTIVE,2025-11-02,2025-11-13,0,2000.0000000000,2000.0000000000,0E-10,2000.0000000000,0.0,0.0,75.83,96.57
00045Z,709,2024-04-28 14:45:30,INACTIVE,True,True,0,True,True,True,True,0.0,0.0,0.0,0.0
0002L0,2448,2020-07-18 11:21:32,INACTIVE,True,True,0,True,True,True,True,0.0,0.0,0.0,0.0
0006LR,4196,2013-06-21 00:00:00,INACTIVE,2013-06-24,2013-06-24,265842,True,True,True,True,0.0,0.0,0.0,0.0
0006SB,2539,2020-07-04 10:16:13,INACTIVE,True,True,0,True,True,True,True,0.0,0.0,0.0,0.0
0003ZO,387,2024-04-24 19:38:39,INACTIVE,True,True,0,True,True,True,True,0.0,0.0,0.0,0.0
0003YQ,366,2024-10-15 08:06:49,INACTIVE,True,True,0,True,True,True,True,0.0,0.0,0.0,0.0
0000WX,1088,2023-10-06 10:42:13,INACTIVE,True,True,0,True,True,True,True,0.0,0.0,0.0,0.0
000214,1162,2020-08-19 15:44:16,INACTIVE,True,True,0,True,True,True,True,0.0,0.0,0.0,0.0
0005H9,1980,2019-02-19 08:36:22,INACTIVE,True,True,0,True,True,True,True,0.0,0.0,0.0,0.0
00010O,510,2024-10-17 00:00:00,ACTIVE,2024-10-17,2024-10-17,3876,5000.0000000000,5000.0000000000,0E-10,0E-10,-3686.13,-9397.39,58.27,-6872.97
00040Q,230,2025-01-20 09:50:15,ACTIVE,2025-02-20,2025-03-13,0,15000.0000000000,8850.0000000000,6100.0000000000,0E-10,0.0,0.0,1168.49,1072.41
0005OH,269,2024-01-17 20:43:37,ACTIVE,2024-10-09,2025-04-16,21015,73242.3000000000,72903.2400000000,252.0000000000,0E-10,-19761.34,-16449.09,140.07,-45444.46
0007OG,325,2025-05-17 21:51:23,INACTIVE,True,True,0,True,True,True,True,0.0,0.0,0.0,0.0
0005MO,496,2024-04-10 08:55:20,INACTIVE,True,True,0,True,True,True,True,0.0,0.0,0.0,0.0
0005ZQ,2487,2018-08-01 00:00:00,EXITED,2018-08-01,2018-10-06,16761,True,True,True,True,-37543.48,-31626.68,0.0,-38046.06
0001U2,103,2025-07-01 23:44:32,INACTIVE,True,True,0,True,True,True,True,0.0,0.0,0.0,0.0
00079P,334,2024-12-20 00:00:00,ACTIVE,2024-12-20,2025-04-14,0,771100.0000000000,767350.0000000000,4000.0000000000,0E-10,0.0,0.0,4643.0,6304.14
0006Y3,294,2025-02-05 13:41:11,INACTIVE,True,True,0,True,True,True,True,0.0,0.0,0.0,0.0
0001E4,461,2025-02-10 07:24:01,INACTIVE,True,True,0,True,True,True,True,0.0,0.0,0.0,0.0
000247,712,2022-09-23 21:08:16,INACTIVE,True,True,0,True,True,True,True,0.0,0.0,0.0,0.0
0004QL,689,2024-07-27 06:43:03,INACTIVE,True,True,0,True,True,True,True,0.0,0.0,0.0,0.0
0005GV,3376,2018-12-28 15:36:43,EXITED,2019-01-02,2019-01-02,315153,True,True,True,True,433497.1,667227.63,0.0,968109.88
000673,3228,2019-02-11 09:50:14,INACTIVE,True,True,0,True,True,True,True,0.0,0.0,0.0,0.0
00055M,1281,2023-03-14 20:25:42,INACTIVE,True,True,0,True,True,True,True,0.0,0.0,0.0,0.0
0000PZ,764,2023-03-16 17:01:04,INACTIVE,True,True,0,True,True,True,True,0.0,0.0,0.0,0.0
0002YX,1214,2022-06-01 17:33:34,INACTIVE,True,True,0,True,True,True,True,0.0,0.0,0.0,0.0
0002GG,2575,2018-01-30 17:01:41,INACTIVE,True,True,0,True,True,True,True,0.0,0.0,0.0,0.0
0002O4,1137,2021-11-03 08:06:07,INACTIVE,True,True,0,True,True,True,True,0.0,0.0,0.0,0.0
0005YH,49,2025-11-26 13:54:56,ACTIVE,2025-11-27,2025-11-27,0,2011.0000000000,1010.7500000000,1000.0000000000,0E-10,0.0,0.0,179.99,113.62
0003BS,3270,2018-07-25 01:10:16,INACTIVE,True,True,0,True,True,True,True,0.0,0.0,0.0,0.0
0002Y8,2918,2017-11-13 15:38:33,INACTIVE,2017-11-17,2017-11-17,197341,True,True,True,True,-7377.98,17035.04,0.0,-8325.19
0003BT,3250,2020-01-03 14:25:10,INACTIVE,True,True,0,True,True,True,True,0.0,0.0,0.0,0.0
00075O,665,2024-07-14 13:45:35,INACTIVE,True,True,0,True,True,True,True,0.0,0.0,0.0,0.0
0003JW,2951,2017-06-21 16:49:27,INACTIVE,True,True,0,True,True,True,True,0.0,0.0,0.0,0.0
0004C1,1290,2022-02-18 13:21:35,INACTIVE,True,True,0,True,True,True,True,0.0,0.0,0.0,0.0
00017M,651,2024-05-24 10:06:24,INACTIVE,True,True,0,True,True,True,True,0.0,0.0,0.0,0.0
0005VM,1637,2021-03-25 11:35:20,INACTIVE,True,True,0,True,True,True,True,0.0,0.0,0.0,0.0
0005CO,398,2024-07-09 05:57:53,ACTIVE,2024-07-13,2024-07-13,7015,5000.0000000000,5000.0000000000,0E-10,0E-10,-4973.47,-6492.35,128.99,-6158.04
0001WT,2285,2019-11-30 22:04:29,INACTIVE,True,True,0,True,True,True,True,0.0,0.0,0.0,0.0
0004VS,2259,2020-10-07 08:38:01,INACTIVE,True,True,0,True,True,True,True,0.0,0.0,0.0,0.0
00011G,1683,2020-09-02 09:25:57,INACTIVE,True,True,0,True,True,True,True,0.0,0.0,0.0,0.0
00001C,79,2025-10-06 19:56:49,INACTIVE,True,True,0,True,True,True,True,0.0,0.0,0.0,0.0
0006OL,135,2025-07-11 09:01:48,INACTIVE,True,True,0,True,True,True,True,0.0,0.0,0.0,0.0
00055J,1341,2021-10-14 15:53:08,INACTIVE,True,True,0,True,True,True,True,0.0,0.0,0.0,0.0
00061V,1036,2022-03-25 14:20:11,INACTIVE,True,True,0,True,True,True,True,0.0,0.0,0.0,0.0
0004NS,392,2020-10-02 20:14:06,ACTIVE,2025-03-03,2025-03-11,11484,7800.0000000000,11782.7800000000,0E-10,0E-10,-9836.81,-4595.7,216.69,-7406.69
0003TU,1619,2022-02-23 16:36:47,INACTIVE,True,True,0,True,True,True,True,0.0,0.0,0.0,0.0
0006BR,181,2025-05-30 09:08:05,INACTIVE,True,True,0,True,True,True,True,0.0,0.0,0.0,0.0
00023D,1219,2023-10-21 22:15:26,INACTIVE,True,True,0,True,True,True,True,0.0,0.0,0.0,0.0
0004FU,559,2024-09-14 17:42:55,INACTIVE,True,True,0,True,True,True,True,0.0,0.0,0.0,0.0
0000FB,1210,2020-11-19 13:44:05,INACTIVE,True,True,0,True,True,True,True,0.0,0.0,0.0,0.0
0004TW,1636,2022-09-02 19:23:06,INACTIVE,True,True,0,True,True,True,True,0.0,0.0,0.0,0.0
0003D8,1241,2023-05-01 18:32:05,INACTIVE,True,True,0,True,True,True,True,0.0,0.0,0.0,0.0
00019E,1471,2022-01-05 19:57:15,INACTIVE,True,True,0,True,True,True,True,0.0,0.0,0.0,0.0
0000JZ,1005,2020-09-10 22:45:58,ACTIVE,2022-03-18,2022-04-16,24151,26400.0000000000,26233.3300000000,0E-10,0E-10,941.31,3855.52,808.38,1024.32
0005LL,3126,2019-07-06 11:00:18,INACTIVE,True,True,0,True,True,True,True,0.0,0.0,0.0,0.0
0001EQ,21,2025-12-13 22:40:41,INACTIVE,True,True,0,True,True,True,True,0.0,0.0,0.0,0.0
0003XU,1184,2022-07-05 07:39:53,INACTIVE,True,True,0,True,True,True,True,0.0,0.0,0.0,0.0
0003TO,1005,2021-09-12 11:20:47,ACTIVE,2023-12-14,2023-12-14,0,100000.0000000000,0E-10,0E-10,0E-10,0.0,0.0,1892.07,2937.02
0007I5,345,2025-04-25 00:15:36,INACTIVE,True,True,0,True,True,True,True,0.0,0.0,0.0,0.0
0007M9,67,2021-02-25 23:37:57,ACTIVE,2025-11-17,2025-11-17,7007,5000.0000000000,4914.5000000000,0E-10,0E-10,-2624.4,189.04,115.52,-2553.47
0001ZO,206,2024-12-05 07:34:50,INACTIVE,True,True,0,True,True,True,True,0.0,0.0,0.0,0.0
0000A6,839,2023-04-14 09:27:18,INACTIVE,True,True,0,True,True,True,True,0.0,0.0,0.0,0.0
0002XA,1583,2022-11-02 06:50:40,INACTIVE,True,True,0,True,True,True,True,0.0,0.0,0.0,0.0
000248,2983,2019-05-10 08:35:55,INACTIVE,True,True,0,True,True,True,True,0.0,0.0,0.0,0.0
0002RO,190,2025-08-23 09:58:27,INACTIVE,True,True,0,True,True,True,True,0.0,0.0,0.0,0.0
000077,318,2023-10-15 05:07:32,ACTIVE,2024-03-22,2024-06-30,21630,67184.0000000000,64996.4500000000,2100.0000000000,0E-10,-12596.54,-7808.27,330.05,-18016.68
0002IG,176,2025-09-15 11:08:13,INACTIVE,True,True,0,True,True,True,True,0.0,0.0,0.0,0.0
0002QY,450,2024-05-08 09:11:27,INACTIVE,True,True,0,True,True,True,True,0.0,0.0,0.0,0.0
00047P,310,2025-01-07 16:30:42,INACTIVE,True,True,0,True,True,True,True,0.0,0.0,0.0,0.0
0003OH,1759,2022-06-13 13:32:37,INACTIVE,True,True,0,True,True,True,True,0.0,0.0,0.0,0.0
0000QT,2558,2017-11-23 18:12:09,INACTIVE,2017-11-29,2018-04-24,1353780,True,True,True,True,477235.87,477939.92,0.0,394762.6
00046A,51,2025-12-01 11:33:30,INACTIVE,True,True,0,True,True,True,True,0.0,0.0,0.0,0.0
0000D2,337,2025-02-24 00:00:00,ACTIVE,2025-02-24,2025-03-01,0,200.0000000000,0E-10,200.0000000000,0E-10,0.0,0.0,33.09,22.77
0002XT,1131,2023-10-10 23:39:35,INACTIVE,True,True,0,True,True,True,True,0.0,0.0,0.0,0.0
0002Z1,518,2023-11-17 15:43:42,INACTIVE,True,True,0,True,True,True,True,0.0,0.0,0.0,0.0
00020A,301,2024-08-17 00:00:00,ACTIVE,2024-08-17,2024-08-30,30590,48400.7900000000,48194.6300000000,0E-10,0E-10,-15186.53,-18681.05,1369.06,-19534.36
0001R6,58,2025-11-25 21:41:16,INACTIVE,True,True,0,True,True,True,True,0.0,0.0,0.0,0.0
0005JQ,130,2025-10-10 20:41:41,INACTIVE,True,True,0,True,True,True,True,0.0,0.0,0.0,0.0
000075,3174,2019-12-08 12:30:14,INACTIVE,True,True,0,True,True,True,True,0.0,0.0,0.0,0.0
000215,1241,2019-12-11 15:35:17,ACTIVE,2022-04-07,2022-04-07,0,100.0000000000,0E-10,0E-10,0E-10,0.0,0.0,1.61,1.63
0003NW,3188,2018-11-19 18:13:23,EXITED,2018-12-21,2018-12-21,119134,True,True,True,True,121424.02,179026.6,0.0,145138.63
0007EX,1929,2020-02-11 12:18:49,INACTIVE,True,True,0,True,True,True,True,0.0,0.0,0.0,0.0
0000ER,275,2025-02-13 13:32:06,INACTIVE,True,True,0,True,True,True,True,0.0,0.0,0.0,0.0
0001OJ,1003,2020-10-19 00:22:19,INACTIVE,True,True,0,True,True,True,True,0.0,0.0,0.0,0.0
0005GP,1289,2020-02-02 23:23:13,INACTIVE,2021-03-31,2021-05-03,21136,True,True,True,True,560.13,7061.85,0.0,890.68
00050H,822,2022-09-06 10:27:11,INACTIVE,True,True,0,True,True,True,True,0.0,0.0,0.0,0.0
00069T,1025,2022-05-22 12:30:20,INACTIVE,True,True,0,True,True,True,True,0.0,0.0,0.0,0.0
0005CT,487,2024-05-08 01:48:00,INACTIVE,True,True,0,True,True,True,True,0.0,0.0,0.0,0.0
0005L7,3642,2018-09-14 20:10:41,INACTIVE,True,True,0,True,True,True,True,0.0,0.0,0.0,0.0
0006DF,1103,2021-09-30 12:02:13,INACTIVE,True,True,0,True,True,True,True,0.0,0.0,0.0,0.0
0004A0,772,2024-06-09 03:30:39,INACTIVE,True,True,0,True,True,True,True,0.0,0.0,0.0,0.0
0002KU,1104,2023-10-26 06:34:08,INACTIVE,True,True,0,True,True,True,True,0.0,0.0,0.0,0.0
0003XJ,1343,2022-02-07 06:20:00,EXITED,2022-03-06,2022-03-24,194977,True,True,True,True,-47032.27,-30892.2,0.0,-50962.13
0000WH,2167,2021-03-12 15:10:28,INACTIVE,True,True,0,True,True,True,True,0.0,0.0,0.0,0.0
000404,1752,2020-03-07 18:45:27,INACTIVE,True,True,0,True,True,True,True,0.0,0.0,0.0,0.0
00042W,708,2018-02-20 00:00:00,ACTIVE,2018-02-20,2022-04-19,17733,100.0000000000,0E-10,0E-10,0E-10,3044.64,3946.22,0.05,2690.34
00006D,1096,2023-07-24 18:56:13,INACTIVE,True,True,0,True,True,True,True,0.0,0.0,0.0,0.0
0002CC,2118,2020-10-19 16:35:58,INACTIVE,True,True,0,True,True,True,True,0.0,0.0,0.0,0.0
00039N,1938,2020-07-09 19:51:06,INACTIVE,True,True,0,True,True,True,True,0.0,0.0,0.0,0.0
000763,2713,2020-09-23 21:14:58,INACTIVE,True,True,0,True,True,True,True,0.0,0.0,0.0,0.0
0005IW,345,2025-04-09 09:50:24,INACTIVE,True,True,0,True,True,True,True,0.0,0.0,0.0,0.0
0003J4,1996,2020-02-19 15:18:14,INACTIVE,True,True,0,True,True,True,True,0.0,0.0,0.0,0.0
00072X,825,2021-12-17 09:59:22,INACTIVE,True,True,0,True,True,True,True,0.0,0.0,0.0,0.0
00021Y,1742,2022-05-17 13:08:07,ACTIVE,2022-05-25,2022-07-29,880444,100729.0000000000,100628.6200000000,0E-10,0E-10,316329.63,360790.4,617.37,260393.29
0000TT,438,2025-03-26 09:10:27,INACTIVE,True,True,0,True,True,True,True,0.0,0.0,0.0,0.0
00062C,5148,2013-08-12 00:00:00,INACTIVE,2013-08-13,2013-08-13,122269,True,True,True,True,0.0,0.0,0.0,0.0
00074K,23,2025-09-20 00:00:00,ACTIVE,2025-09-20,2025-12-28,0,23000.0000000000,22843.0000000000,0E-10,9000.0000000000,0.0,0.0,230.43,189.5
0001G6,953,2022-12-16 06:59:17,ACTIVE,2023-06-03,2023-06-13,0,4200.0000000000,0E-10,4200.0000000000,0E-10,0.0,0.0,764.06,785.83
000025,636,2023-09-05 17:37:44,INACTIVE,True,True,0,True,True,True,True,0.0,0.0,0.0,0.0
00016C,3983,2018-04-26 09:45:10,INACTIVE,True,True,0,True,True,True,True,0.0,0.0,0.0,0.0
0003C3,919,2023-12-04 23:02:22,INACTIVE,True,True,0,True,True,True,True,0.0,0.0,0.0,0.0
000105,557,2024-03-02 00:00:00,ACTIVE,2024-03-02,2024-08-02,12797,19003.7500000000,19000.7300000000,0E-10,0E-10,-11774.13,-8406.62,71.12,-8811.24
0004EB,3189,2018-08-27 00:00:00,EXITED,2018-08-27,2018-08-27,41354,True,True,True,True,24687.68,71043.12,0.0,40039.06
00040H,2839,2018-05-11 08:26:34,INACTIVE,True,True,0,True,True,True,True,0.0,0.0,0.0,0.0
0006RF,1184,2020-03-26 21:42:44,INACTIVE,True,True,0,True,True,True,True,0.0,0.0,0.0,0.0
0002UX,2268,2020-09-09 14:59:47,INACTIVE,True,True,0,True,True,True,True,0.0,0.0,0.0,0.0
00030I,233,2024-10-11 19:57:44,INACTIVE,True,True,0,True,True,True,True,0.0,0.0,0.0,0.0
00060P,838,2022-11-08 06:48:20,INACTIVE,True,True,0,True,True,True,True,0.0,0.0,0.0,0.0
0000Z8,198,2018-02-23 13:05:08,ACTIVE,2018-02-28,2025-03-19,5344823,107.0000000000,107.0000000000,0E-10,0E-10,-1670568.81,26980.37,0.02,-1544187.28
0003R7,2181,2018-11-29 17:42:15,EXITED,2018-12-07,2018-12-07,194628,True,True,True,True,102997.01,234907.62,0.0,221937.47
0000PK,2398,2018-10-26 11:26:49,ACTIVE,2021-04-20,2021-05-18,227592,30100.0000000000,30626.9100000000,0E-10,0E-10,-186091.95,-101917.4,787.23,-199112.46
00001Q,1576,2018-07-03 00:00:00,EXITED,2018-07-03,2018-08-06,19867,True,True,True,True,-19587.51,-24827.11,0.0,-31548.8
00040B,516,2024-05-23 19:31:48,INACTIVE,True,True,0,True,True,True,True,0.0,0.0,0.0,0.0
0007BF,1340,2023-02-16 11:42:03,INACTIVE,True,True,0,True,True,True,True,0.0,0.0,0.0,0.0
0002Q1,3072,2019-11-14 10:02:25,INACTIVE,True,True,0,True,True,True,True,0.0,0.0,0.0,0.0
00077K,1209,2023-05-13 21:32:35,INACTIVE,True,True,0,True,True,True,True,0.0,0.0,0.0,0.0
0003UR,862,2024-06-06 06:55:45,INACTIVE,True,True,0,True,True,True,True,0.0,0.0,0.0,0.0
0000Q7,2955,2019-04-11 14:10:44,INACTIVE,True,True,0,True,True,True,True,0.0,0.0,0.0,0.0
0006VS,1597,2022-07-12 00:49:56,INACTIVE,True,True,0,True,True,True,True,0.0,0.0,0.0,0.0
0005C4,246,2025-04-22 00:00:00,ACTIVE,2025-04-22,2025-04-23,0,100.0000000000,100.0000000000,0E-10,0E-10,0.0,0.0,1.29,1.81
00064O,2287,2018-03-27 11:34:42,INACTIVE,True,True,0,True,True,True,True,0.0,0.0,0.0,0.0
0005I4,1835,2020-10-25 20:53:23,INACTIVE,True,True,0,True,True,True,True,0.0,0.0,0.0,0.0
000626,1584,2022-08-15 16:02:36,INACTIVE,True,True,0,True,True,True,True,0.0,0.0,0.0,0.0
0005D1,2778,2019-06-06 09:02:31,INACTIVE,True,True,0,True,True,True,True,0.0,0.0,0.0,0.0
0002Z7,3802,2017-11-09 09:42:42,INACTIVE,True,True,0,True,True,True,True,0.0,0.0,0.0,0.0
0000Y6,245,2025-06-12 13:49:07,INACTIVE,True,True,0,True,True,True,True,0.0,0.0,0.0,0.0
0005E4,350,2025-04-06 20:15:23,INACTIVE,True,True,0,True,True,True,True,0.0,0.0,0.0,0.0
0005CK,730,2022-12-29 17:43:46,INACTIVE,True,True,0,True,True,True,True,0.0,0.0,0.0,0.0
0004X1,170,2025-06-23 18:36:23,INACTIVE,True,True,0,True,True,True,True,0.0,0.0,0.0,0.0
0000GS,329,2025-03-11 20:27:55,INACTIVE,True,True,0,True,True,True,True,0.0,0.0,0.0,0.0
0002X5,742,2022-02-08 21:47:32,INACTIVE,True,True,0,True,True,True,True,0.0,0.0,0.0,0.0
0005SC,3830,2018-08-13 15:35:35,INACTIVE,True,True,0,True,True,True,True,0.0,0.0,0.0,0.0
0005K1,703,2022-01-20 01:06:52,ACTIVE,2023-06-09,2023-06-09,0,100.0000000000,100.0000000000,0E-10,0E-10,0.0,0.0,2.43,3.06
0006J0,433,2024-01-11 17:27:04,INACTIVE,True,True,0,True,True,True,True,0.0,0.0,0.0,0.0
0005ME,333,2025-04-04 13:55:26,INACTIVE,True,True,0,True,True,True,True,0.0,0.0,0.0,0.0
00078K,391,2024-06-30 11:01:41,INACTIVE,True,True,0,True,True,True,True,0.0,0.0,0.0,0.0
0003OB,2097,2020-08-19 05:55:50,INACTIVE,True,True,0,True,True,True,True,0.0,0.0,0.0,0.0
000034,1652,2020-01-01 17:03:43,INACTIVE,True,True,0,True,True,True,True,0.0,0.0,0.0,0.0
0000EP,195,2025-03-28 11:47:18,INACTIVE,True,True,0,True,True,True,True,0.0,0.0,0.0,0.0
0005L3,1246,2023-04-12 11:45:42,INACTIVE,True,True,0,True,True,True,True,0.0,0.0,0.0,0.0
000003,1118,2022-08-06 15:01:55,INACTIVE,True,True,0,True,True,True,True,0.0,0.0,0.0,0.0
0001IL,2300,2020-03-06 21:16:10,INACTIVE,True,True,0,True,True,True,True,0.0,0.0,0.0,0.0
0004MV,642,2023-08-03 13:13:13,INACTIVE,True,True,0,True,True,True,True,0.0,0.0,0.0,0.0
00016O,2096,2020-08-02 00:00:00,ACTIVE,2020-08-02,2020-08-02,0,0E-10,0E-10,0E-10,1000.0000000000,0.0,0.0,15.04,32.5
00068D,1840,2020-07-28 11:45:58,INACTIVE,True,True,0,True,True,True,True,0.0,0.0,0.0,0.0
0003HU,653,2021-10-15 10:50:03,ACTIVE,2022-09-19,2022-10-19,26775,26200.0000000000,26119.8800000000,100.0000000000,0E-10,718.75,3404.66,670.02,1291.91
0006P7,253,2025-06-23 00:00:00,ACTIVE,2025-06-23,2025-06-23,14464,10000.0000000000,9934.3800000000,0E-10,0E-10,-16611.11,-10232.49,219.74,-22203.1
0006GE,1001,2023-05-29 00:00:00,ACTIVE,2023-05-29,2023-06-09,1424071,330679.1800000000,330550.0000000000,0E-10,0E-10,-1223588.05,-1150748.54,9495.25,-1588259.54
0004MM,3306,2019-09-13 23:27:05,INACTIVE,True,True,0,True,True,True,True,0.0,0.0,0.0,0.0
00078O,3146,2019-06-16 20:00:59,INACTIVE,True,True,0,True,True,True,True,0.0,0.0,0.0,0.0
0005CW,2330,2020-02-01 12:52:42,INACTIVE,True,True,0,True,True,True,True,0.0,0.0,0.0,0.0
0005QX,854,2021-09-25 07:27:55,INACTIVE,True,True,0,True,True,True,True,0.0,0.0,0.0,0.0
0001YP,397,2025-03-04 16:10:12,INACTIVE,True,True,0,True,True,True,True,0.0,0.0,0.0,0.0
0007C4,935,2023-08-08 13:37:34,INACTIVE,True,True,0,True,True,True,True,0.0,0.0,0.0,0.0
0000JJ,246,2024-11-02 12:02:43,ACTIVE,2024-12-05,2025-07-15,260733,3251237.3400000000,3309269.4900000000,5863.0000000000,1422300.0000000000,-173446.95,-220704.45,10773.81,-170030.64
0003T0,1419,2022-06-08 15:18:59,INACTIVE,True,True,0,True,True,True,True,0.0,0.0,0.0,0.0
00039X,244,2023-09-23 01:18:42,ACTIVE,2024-09-16,2024-09-16,3499,5000.0000000000,4950.0000000000,0E-10,0E-10,-6735.67,-4542.59,96.64,-8585.77
00063N,3085,2019-08-14 22:57:05,INACTIVE,True,True,0,True,True,True,True,0.0,0.0,0.0,0.0
0005U1,1267,2023-05-16 08:11:20,INACTIVE,True,True,0,True,True,True,True,0.0,0.0,0.0,0.0
0000VQ,785,2022-06-16 19:35:52,INACTIVE,True,True,0,True,True,True,True,0.0,0.0,0.0,0.0
0001G8,1424,2022-09-30 13:16:52,INACTIVE,True,True,0,True,True,True,True,0.0,0.0,0.0,0.0
00048B,850,2023-10-10 21:40:59,INACTIVE,True,True,0,True,True,True,True,0.0,0.0,0.0,0.0
0003RX,2134,2020-09-05 18:21:11,INACTIVE,True,True,0,True,True,True,True,0.0,0.0,0.0,0.0
000406,1356,2023-05-15 19:19:20,INACTIVE,True,True,0,True,True,True,True,0.0,0.0,0.0,0.0
0005VR,335,2024-02-16 07:08:51,ACTIVE,2024-10-15,2024-10-25,0,28800.0000000000,26100.0000000000,5700.0000000000,0E-10,0.0,0.0,1382.96,1517.58
00036O,758,2021-12-30 11:44:21,INACTIVE,True,True,0,True,True,True,True,0.0,0.0,0.0,0.0
0004FX,979,2022-04-05 13:38:03,INACTIVE,True,True,0,True,True,True,True,0.0,0.0,0.0,0.0
000423,989,2024-02-16 07:43:42,INACTIVE,True,True,0,True,True,True,True,0.0,0.0,0.0,0.0
00046N,73,2025-05-18 08:19:44,ACTIVE,2025-10-04,2025-10-04,20746,30000.0000000000,29676.2600000000,0E-10,0E-10,-55742.44,-28015.45,416.88,-64147.52
00055I,1680,2022-02-15 13:20:21,INACTIVE,True,True,0,True,True,True,True,0.0,0.0,0.0,0.0
0003OE,409,2025-03-04 09:11:09,INACTIVE,True,True,0,True,True,True,True,0.0,0.0,0.0,0.0
0005FG,3010,2019-10-07 13:58:41,INACTIVE,True,True,0,True,True,True,True,0.0,0.0,0.0,0.0
00050S,309,2024-05-20 07:33:09,INACTIVE,True,True,0,True,True,True,True,0.0,0.0,0.0,0.0
0002KQ,998,2020-09-04 17:40:51,INACTIVE,True,True,0,True,True,True,True,0.0,0.0,0.0,0.0
0006EA,3292,2019-12-27 08:50:23,INACTIVE,True,True,0,True,True,True,True,0.0,0.0,0.0,0.0
0006L5,2627,2019-01-15 10:03:54,INACTIVE,True,True,0,True,True,True,True,0.0,0.0,0.0,0.0
00067Q,33,2025-11-17 12:49:32,INACTIVE,True,True,0,True,True,True,True,0.0,0.0,0.0,0.0
0001WC,427,2023-10-27 08:03:53,INACTIVE,True,True,0,True,True,True,True,0.0,0.0,0.0,0.0
0006FB,1549,2022-10-21 18:42:08,INACTIVE,True,True,0,True,True,True,True,0.0,0.0,0.0,0.0
0005OP,3307,2019-08-06 11:25:30,INACTIVE,True,True,0,True,True,True,True,0.0,0.0,0.0,0.0
0005GX,1065,2023-03-12 04:26:48,INACTIVE,True,True,0,True,True,True,True,0.0,0.0,0.0,0.0
0004EX,525,2024-05-23 16:49:54,INACTIVE,True,True,0,True,True,True,True,0.0,0.0,0.0,0.0
0006HZ,3275,2018-06-28 00:00:00,EXITED,2018-06-28,2018-08-01,37407,True,True,True,True,-32760.37,-12719.41,0.0,-15496.67
0006UR,1058,2020-06-29 05:44:45,INACTIVE,True,True,0,True,True,True,True,0.0,0.0,0.0,0.0
0002CA,2219,2021-09-12 11:14:55,INACTIVE,True,True,0,True,True,True,True,0.0,0.0,0.0,0.0
0006C8,1615,2020-03-11 11:00:41,INACTIVE,True,True,0,True,True,True,True,0.0,0.0,0.0,0.0
0002Z8,717,2023-03-14 20:24:25,INACTIVE,True,True,0,True,True,True,True,0.0,0.0,0.0,0.0
0001DP,665,2023-10-18 11:08:32,INACTIVE,True,True,0,True,True,True,True,0.0,0.0,0.0,0.0
00015O,1076,2020-10-24 22:46:33,INACTIVE,True,True,0,True,True,True,True,0.0,0.0,0.0,0.0
0004KD,366,2018-02-06 12:31:48,ACTIVE,2024-10-26,2024-11-29,3503,11300.0000000000,11177.1800000000,0E-10,0E-10,-1319.88,76.3,170.14,-3057.09
0003FN,2586,2020-03-18 09:31:40,INACTIVE,True,True,0,True,True,True,True,0.0,0.0,0.0,0.0
00029R,1896,2020-11-03 17:22:55,INACTIVE,True,True,0,True,True,True,True,0.0,0.0,0.0,0.0
00030D,410,2025-01-29 03:58:36,INACTIVE,True,True,0,True,True,True,True,0.0,0.0,0.0,0.0
000572,531,2021-09-23 13:38:16,ACTIVE,2023-09-22,2024-01-02,195948,183947.0000000000,183670.2600000000,0E-10,0E-10,-12753.19,1702.88,1520.95,-17952.57
0007OE,1517,2021-06-01 06:12:26,INACTIVE,True,True,0,True,True,True,True,0.0,0.0,0.0,0.0
0000G4,553,2024-07-22 08:20:12,INACTIVE,True,True,0,True,True,True,True,0.0,0.0,0.0,0.0
0007MB,1296,2022-09-25 08:22:15,INACTIVE,True,True,0,True,True,True,True,0.0,0.0,0.0,0.0
0002MQ,164,2025-05-21 10:12:28,INACTIVE,True,True,0,True,True,True,True,0.0,0.0,0.0,0.0
00018B,370,2025-04-07 07:49:41,INACTIVE,True,True,0,True,True,True,True,0.0,0.0,0.0,0.0
0002H4,1351,2019-10-10 07:39:22,INACTIVE,True,True,0,True,True,True,True,0.0,0.0,0.0,0.0
00042G,1179,2020-08-23 13:30:26,INACTIVE,True,True,0,True,True,True,True,0.0,0.0,0.0,0.0
0004Y4,938,2022-08-13 08:49:54,INACTIVE,True,True,0,True,True,True,True,0.0,0.0,0.0,0.0
0001AD,351,2025-03-17 07:07:43,INACTIVE,True,True,0,True,True,True,True,0.0,0.0,0.0,0.0
0003DP,92,2025-08-08 13:10:28,INACTIVE,True,True,0,True,True,True,True,0.0,0.0,0.0,0.0
0004AT,1189,2019-08-18 07:22:11,INACTIVE,True,True,0,True,True,True,True,0.0,0.0,0.0,0.0
000351,830,2023-09-14 16:48:36,INACTIVE,True,True,0,True,True,True,True,0.0,0.0,0.0,0.0
0000KH,390,2024-10-11 05:44:20,INACTIVE,True,True,0,True,True,True,True,0.0,0.0,0.0,0.0
000266,858,2022-06-19 08:54:26,INACTIVE,True,True,0,True,True,True,True,0.0,0.0,0.0,0.0
0001R8,2728,2019-07-31 09:21:48,INACTIVE,True,True,0,True,True,True,True,0.0,0.0,0.0,0.0
00046L,1892,2021-07-02 05:38:13,INACTIVE,True,True,0,True,True,True,True,0.0,0.0,0.0,0.0
0002IM,516,2023-10-09 12:02:27,INACTIVE,True,True,0,True,True,True,True,0.0,0.0,0.0,0.0
000006,962,2022-06-07 13:49:25,INACTIVE,True,True,0,True,True,True,True,0.0,0.0,0.0,0.0
00070O,380,2022-01-14 00:00:00,ACTIVE,2022-01-14,2024-11-02,0,100.0000000000,0E-10,100.0000000000,0E-10,0.0,0.0,0.23,0.48
0001LT,3019,2020-06-29 22:01:13,INACTIVE,True,True,0,True,True,True,True,0.0,0.0,0.0,0.0
0005KC,5620,2013-11-20 00:00:00,INACTIVE,2013-11-29,2013-11-29,125292,True,True,True,True,0.0,0.0,0.0,0.0
0000DP,1032,2022-08-31 11:47:25,INACTIVE,True,True,0,True,True,True,True,0.0,0.0,0.0,0.0
0000DS,1061,2017-08-30 18:23:12,ACTIVE,2017-08-31,2024-01-22,12625074,68002.8600000000,55197.1300000000,0E-10,0E-10,161544.5,6666787.07,25.3,159759.29
0001SC,2388,2019-03-12 04:00:29,INACTIVE,True,True,0,True,True,True,True,0.0,0.0,0.0,0.0
000415,379,2019-03-29 07:34:20,ACTIVE,2024-09-02,2024-11-10,44633,57130.0000000000,57086.1700000000,0E-10,0E-10,-20036.95,-8910.77,559.47,-18200.49
0004FT,3868,2018-09-16 15:39:18,INACTIVE,True,True,0,True,True,True,True,0.0,0.0,0.0,0.0
0004EH,485,2024-12-19 00:00:00,ACTIVE,2024-12-19,2024-12-19,3311,2400.0000000000,2398.0000000000,0E-10,0E-10,-6621.01,-2238.17,53.08,-6399.76
0006HI,52,2025-11-26 13:19:38,INACTIVE,True,True,0,True,True,True,True,0.0,0.0,0.0,0.0
0002DH,52,2025-11-28 00:00:00,ACTIVE,2025-11-28,2025-11-29,0,2000.0000000000,999.7500000000,1000.0000000000,0E-10,0.0,0.0,147.1,100.76
00008E,3558,2019-06-05 05:11:23,INACTIVE,True,True,0,True,True,True,True,0.0,0.0,0.0,0.0
0005ND,1656,2019-02-04 14:49:57,INACTIVE,True,True,0,True,True,True,True,0.0,0.0,0.0,0.0
